timestamp,cpu_usage,memory_usage,request_rate,latency,pod_restarts,label
2026-02-20 11:26:42.632303,52.483570765056164,59.44694279531526,212.95377076201385,115.23029856408026,0,0
2026-02-20 11:26:52.632303,48.82923312638332,59.06345217220328,231.58425631014782,107.67434729152909,0,0
2026-02-20 11:27:02.632303,47.65262807032524,62.17024017434386,190.73164614375077,95.34270246429743,0,0
2026-02-20 11:27:12.632303,51.20981135783017,52.34687902136881,165.50164334973934,94.37712470759027,0,0
2026-02-20 11:27:22.632303,44.93584439832788,61.256989330381096,181.83951848957577,85.87696298664709,0,0
2026-02-20 11:27:32.632303,57.32824384460777,59.09689479805386,201.35056409375846,85.75251813786544,0,0
2026-02-20 11:27:42.632303,47.27808637737409,60.44369035883946,176.98012845155395,103.75698018345672,0,0
2026-02-20 11:27:52.632303,46.99680655040598,58.83322500082689,187.96586775541206,118.52278184508938,0,0
2026-02-20 11:28:02.632303,49.93251387631033,55.7691562841764,216.45089824206377,87.79156350028978,0,0
2026-02-20 11:28:12.632303,51.04431797502378,52.1613195044809,173.43627902203139,101.96861235869123,0,0
2026-02-20 11:28:22.632303,53.69233289997705,60.68547312475988,197.6870343522352,96.98896304410711,0,0
2026-02-20 11:28:32.632303,42.60739004816286,57.12062316642117,190.78722458080426,110.57122226218915,0,0
2026-02-20 11:28:42.632303,51.718091447842305,52.94783937854906,206.4816793878959,96.14917719583684,0,0
2026-02-20 11:28:52.632303,46.61538999847021,62.446705155363475,220.61999044991902,109.31280119116198,0,0
2026-02-20 11:29:02.632303,45.80391238388681,58.763150496595145,206.62526862807127,109.75545127122359,0,0
2026-02-20 11:29:12.632303,47.60412881077355,59.257364093344734,177.87330051987942,88.0379337591933,0,0
2026-02-20 11:29:22.632303,54.06262911197099,65.4249601142833,198.55979756839332,110.03532897892023,0,0
2026-02-20 11:29:32.632303,51.808180125238174,57.4195209815795,207.2279121101683,115.38036566465969,0,0
2026-02-20 11:29:42.632303,49.82086980445024,66.25857462325602,147.6050979182051,108.21902504375224,0,0
2026-02-20 11:29:52.632303,50.435235341190854,58.80397059813653,201.83521553071006,80.12431085399108,0,0
2026-02-20 11:30:02.632303,48.90164056081244,61.42845028604699,229.55788089483033,94.81729781726352,0,0
2026-02-20 11:30:12.632303,45.95753198553406,57.992971825661854,218.30804235404148,103.28751109659684,0,0
2026-02-20 11:30:22.632303,47.351198981164806,62.05306973245342,201.9415509869608,109.68644990532889,0,0
2026-02-20 11:30:32.632303,46.48973453061324,58.689351413608925,192.15783693735685,85.36485051867882,0,0
2026-02-20 11:30:42.632303,51.48060138532288,61.04422108871956,200.10226913284922,97.65412866624852,0,0
2026-02-20 11:30:52.632303,42.923146289747926,58.31741870893856,193.14570966946462,91.9772273077838,0,0
2026-02-20 11:31:02.632303,49.19357144166995,61.61620342725816,237.7237180242106,101.74577812831839,0,0
2026-02-20 11:31:12.632303,51.28775195361382,59.70221633693533,161.62457569401917,99.73486124550783,0,0
2026-02-20 11:31:22.632303,50.30115104970513,69.85296844994114,196.15278070437756,103.01547342333612,0,0
2026-02-20 11:31:32.632303,49.82644115147378,55.32528784952187,222.8564562903004,107.51933032686775,0,0
2026-02-20 11:31:42.632303,53.95515973521523,56.36245018082104,228.05588621872198,85.98148937207719,0,0
2026-02-20 11:31:52.632303,52.93428546900135,68.76182250323991,180.18927349738624,94.33702270397228,0,0
2026-02-20 11:32:02.632303,50.498256825438204,57.9860973835352,168.98673137867735,100.68562974806028,0,0
2026-02-20 11:32:12.632303,44.688481431369475,61.89436972254072,181.61151531532394,115.4993440501754,0,0
2026-02-20 11:32:22.632303,46.08373353831882,58.7117539351773,216.2703443473934,87.69135683566044,0,0
2026-02-20 11:32:32.632303,51.13729967302065,65.22857101712971,167.85033530877544,101.84633858532304,0,0
2026-02-20 11:32:42.632303,51.29941397124212,63.12729148710924,175.26098578243835,86.79543386915724,0,0
2026-02-20 11:32:52.632303,52.60970782808449,61.18793869293275,205.00985700691754,103.46448209496975,0,0
2026-02-20 11:33:02.632303,46.59987639210755,60.92901478864401,205.86144946597364,92.85648581973632,0,0
2026-02-20 11:33:12.632303,59.328872555723784,61.89533168364715,176.17393005594704,106.5655360863383,0,0
2026-02-20 11:33:22.632303,45.126591648863396,63.14833841496981,223.17191158014808,91.7931768164829,0,0
2026-02-20 11:33:32.632303,54.816880646221605,61.651123707745995,216.4412031998898,118.96792982653947,0,0
2026-02-20 11:33:42.632303,48.77305941998565,56.98505534257004,182.20971140748952,91.84189715034562,0,0
2026-02-20 11:33:52.632303,49.61449145292948,61.364607899266574,205.5338159866004,108.27183249036024,0,0
2026-02-20 11:34:02.632303,50.065009459389536,65.81413630862927,194.70686333524088,127.20169166589619,0,0
2026-02-20 11:34:12.632303,53.128336738825034,56.57136977433487,178.58215003877774,104.82472415243186,0,0
2026-02-20 11:34:22.632303,48.88268607337075,62.85600197636837,209.4647524914709,99.27171087343127,0,0
2026-02-20 11:34:32.632303,45.76603140965798,53.94061110125654,191.06970095865958,108.56398794323472,0,0
2026-02-20 11:34:42.632303,51.07046872065102,55.017044885152046,203.46361851702363,103.85317379728836,0,0
2026-02-20 11:34:52.632303,45.580712818994336,60.61490042378211,201.16417436892,88.57029702169376,0,0
2026-02-20 11:35:02.632303,51.788936801741414,62.24313810547294,221.66102486350553,110.53802052034902,0,0
2026-02-20 11:35:12.632303,43.111653160214544,56.24869984033951,210.3007053441732,105.1378595091221,0,0
2026-02-20 11:35:22.632303,52.57523843153024,75.41092596261889,211.41781021386333,111.35565640180599,0,0
2026-02-20 11:35:32.632303,54.770008817466014,62.60556500522319,193.6946151071931,107.58969220493267,0,0
2026-02-20 11:35:42.632303,46.13587392731214,59.052725573039965,190.29272904341792,100.81874139386322,0,0
2026-02-20 11:35:52.632303,61.573292833367546,52.530939229633006,213.72520380749026,83.87284128810349,0,0
2026-02-20 11:36:02.632303,47.64034067105283,64.35580238786946,201.28560038190926,89.22255222070694,0,0
2026-02-20 11:36:12.632303,46.42348145370016,62.7183909957387,185.39266736565727,102.16458589581976,0,0
2026-02-20 11:36:22.632303,50.22785919951907,57.393598609576735,242.8788817865065,106.33919022318011,0,0
2026-02-20 11:36:32.632303,39.874287066711965,60.74581725907771,186.76427070463225,108.52433334796224,0,0
2026-02-20 11:36:42.632303,46.037396307836495,59.5410542341324,210.09974557960913,108.65755194170121,0,0
2026-02-20 11:36:52.632303,43.99851796472112,58.66199505663621,190.50109377678086,93.46670767426288,0,0
2026-02-20 11:37:02.632303,58.82727120140548,61.61992684384382,174.7823209132991,109.17861947054776,0,0
2026-02-20 11:37:12.632303,60.610780985063165,64.12986104220458,169.61260068091974,95.15765927133748,0,0
2026-02-20 11:37:22.632303,56.334555745933116,57.16932213752488,208.87638856292457,107.74634053429337,0,0
2026-02-20 11:37:32.632303,45.36534764210958,59.7618985757528,135.17465319861856,89.7561235866571,0,0
2026-02-20 11:37:42.632303,48.7371592430342,55.008867272140606,232.64822607863272,85.69858622039368,0,0
2026-02-20 11:37:52.632303,47.79977756651508,60.52296230914437,228.82546578132232,85.6413784882056,0,0
2026-02-20 11:38:02.632303,55.815818760774796,60.04093224407835,180.36982697904097,104.6210347426327,0,0
2026-02-20 11:38:12.632303,50.99529847786735,57.59913249136482,201.39604169980038,96.14686403138239,0,0
2026-02-20 11:38:22.632303,50.56758672625624,62.648522698084186,231.72033632290703,87.62184501173151,0,0
2026-02-20 11:38:32.632303,60.665166873281336,52.19164880190999,196.96429809928833,105.88317206484577,0,0
2026-02-20 11:38:42.632303,51.40495933867516,57.50920192071762,195.8375549928545,95.06999065341168,0,0
2026-02-20 11:38:52.632303,47.053176215278945,63.3984083880841,207.14030971930094,93.07090404739346,0,0
2026-02-20 11:39:02.632303,54.49799937716625,61.22919808350644,216.2572423767792,106.29628841923612,0,0
2026-02-20 11:39:12.632303,45.85502494538964,57.75927583921212,214.94587210246524,106.10370265433465,0,0
2026-02-20 11:39:22.632303,49.89549203017926,60.469309533235126,225.5532979157685,94.0842861116417,0,0
2026-02-20 11:39:32.632303,52.73548690585019,59.191229390264425,195.64637593545558,110.9877685198719,0,0
2026-02-20 11:39:42.632303,54.12708174494015,63.254038544002555,226.10957614308657,100.21003841632759,0,0
2026-02-20 11:39:52.632303,53.40976485647482,58.75893297362617,206.48332704976883,98.69856945632316,0,0
2026-02-20 11:40:02.632303,50.48497982496359,62.380628101747654,183.63558633533054,120.9238727568546,0,0
2026-02-20 11:40:12.632303,44.96991309250149,55.14324554884907,223.16221747000137,107.91662693962935,0,0
2026-02-20 11:40:22.632303,53.12059908526078,62.51338203705712,199.7550645430617,91.02745628514168,0,0
2026-02-20 11:40:32.632303,50.379022790968634,57.291353153951555,219.502394668355,98.52942618497862,0,0
2026-02-20 11:40:42.632303,45.87251401603744,58.714456633388025,208.2586290855125,94.36275447196026,0,0
2026-02-20 11:40:52.632303,45.888898022167844,60.974748845967646,204.89933142217444,94.9305682462887,0,0
2026-02-20 11:41:02.632303,47.644808471908384,60.92819974943055,171.03831317005353,85.92536225623445,0,0
2026-02-20 11:41:12.632303,46.40777889373782,59.14621139315261,206.2181513119601,114.75356216949552,0,0
2026-02-20 11:41:22.632303,54.2882981160101,59.360245880146294,199.61967584194622,89.97470635362191,0,0
2026-02-20 11:41:32.632303,49.90743432003805,58.84536544431945,206.45437120676178,91.72769056447677,0,0
2026-02-20 11:41:42.632303,52.59673257120586,66.13095565201031,197.82479703086284,104.01711722098942,0,0
2026-02-20 11:41:52.632303,53.45071995855556,58.39511811245666,204.48184963620832,100.12592400781794,0,0
2026-02-20 11:42:02.632303,50.488380492744156,56.907960864578136,200.49020348517885,104.9799829124545,0,0
2026-02-20 11:42:12.632303,57.25571803897521,63.83708330434083,243.06364915023113,92.3265243711195,0,0
2026-02-20 11:42:22.632303,54.36160318360339,60.73336802295341,243.79605866435344,91.91701714644849,0,0
2026-02-20 11:42:32.632303,45.80139078909612,57.60242941822391,157.52208551380386,94.74244978319238,0,0
2026-02-20 11:42:42.632303,46.20433669223151,60.60157514590483,206.8351195155432,118.76170839215887,0,0
2026-02-20 11:42:52.632303,54.75211919093025,57.69238537735039,182.03170657303284,104.91919171506505,0,0
2026-02-20 11:43:02.632303,43.39883396489679,67.32583506341741,223.58880241442574,95.30824347895295,0,0
2026-02-20 11:43:12.632303,41.434327354545616,65.41548949666165,197.70920309494764,112.37816311973462,0,0
2026-02-20 11:43:22.632303,42.02786170602816,57.60249990818491,200.10487399436366,100.46980593764742,0,0
2026-02-20 11:43:32.632303,47.749672642603784,62.49139972939,178.6475914123481,98.57620514978707,0,0
2026-02-20 11:43:42.632303,50.601478158559495,62.057755336235,214.23229756177778,88.75357908162131,0,0
2026-02-20 11:43:52.632303,42.329429146321885,65.11070728759404,206.64628023959185,92.51513463443446,0,0
2026-02-20 11:44:02.632303,57.75575987761262,60.462698537171434,223.58594368127652,100.67518481410109,0,0
2026-02-20 11:44:12.632303,60.303739624409936,67.02136336977281,195.02071703041852,109.71570950954356,0,0
2026-02-20 11:44:22.632303,53.226879747925736,65.4745262301294,180.70153078839792,106.8605145999844,0,0
2026-02-20 11:44:32.632303,55.292122434247936,52.965042054307546,176.3348297466845,79.60767822239899,0,0
2026-02-20 11:44:42.632303,48.65296582777721,62.87016902318385,230.04714104192055,100.74094780419775,0,0
2026-02-20 11:44:52.632303,58.14307772785646,54.479594167140434,165.9323512128969,99.44452301103381,0,0
2026-02-20 11:45:02.632303,51.92032724469654,59.86922100762363,158.65115799920247,99.10879960487212,0,0
2026-02-20 11:45:12.632303,43.47765249747573,62.67869019532015,207.33196492193696,90.60120213672644,0,0
2026-02-20 11:45:22.632303,47.43066541331653,55.763145912444195,198.74641805453658,109.55142320501238,0,0
2026-02-20 11:45:32.632303,45.071369768322285,62.01618606207138,189.39484763255118,92.07127167737656,0,0
2026-02-20 11:45:42.632303,49.46484820022721,55.8590307103225,188.92701389305637,88.02122107411151,0,0
2026-02-20 11:45:52.632303,59.82362566458195,60.14105420788692,186.0054898401483,102.13979910734221,0,0
2026-02-20 11:46:02.632303,49.43835975154585,59.11612160186711,212.2833340008685,107.57507710047305,0,0
2026-02-20 11:46:12.632303,47.34749426194736,57.69672703742128,194.4989660569671,76.98078835264415,0,0
2026-02-20 11:46:22.632303,42.42404468900724,65.4674970697781,232.89935427002567,97.50963960443622,0,0
2026-02-20 11:46:32.632303,52.88278481527883,61.245000618174146,261.5776161691048,111.19574911434577,0,0
2026-02-20 11:46:42.632303,49.36041204259617,56.177838237598294,167.87107359484855,102.03463635867223,0,0
2026-02-20 11:46:52.632303,46.21824627357849,54.3109851616093,187.06854231514947,89.18451996385605,0,0
2026-02-20 11:47:02.632303,58.43570817536282,63.5265590277978,199.84054717366766,114.79944138890026,0,0
2026-02-20 11:47:12.632303,50.386841538238095,56.554863194686945,230.46248154539313,105.38910043684659,0,0
2026-02-20 11:47:22.632303,44.81376922836772,59.23864528766557,182.48763493230484,86.17200269035663,0,0
2026-02-20 11:47:32.632303,54.630887737658206,67.63766656188052,172.02864852361716,105.62969236690572,0,0
2026-02-20 11:47:42.632303,46.746787154390866,58.05149846494122,188.15212151522263,91.36009230320184,0,0
2026-02-20 11:47:52.632303,50.24260813972413,56.676199534355845,205.40913651559677,99.49761890550863,0,0
2026-02-20 11:48:02.632303,48.80525976566795,56.36974535183361,188.46457338863334,107.55391225825755,0,0
2026-02-20 11:48:12.632303,52.504585938121906,56.08977902080579,201.98664610858452,107.5138712337179,0,0
2026-02-20 11:48:22.632303,41.652973594393146,62.17344076951974,186.74752482108306,105.70598668593159,0,0
2026-02-20 11:48:32.632303,46.18370421728741,52.78047159734192,167.44915124233674,100.48084946661382,0,0
2026-02-20 11:48:42.632303,51.29861250860741,56.382733499582365,212.7718491755475,83.3847993773104,0,0
2026-02-20 11:48:52.632303,49.669601006763415,55.155935200950175,186.9632778439568,100.47398671316414,0,0
2026-02-20 11:49:02.632303,45.69793317358024,58.4617778230807,220.1258561842888,94.23108130476851,0,0
2026-02-20 11:49:12.632303,54.17846056032571,55.48117258136953,210.59608355830565,114.41568620657901,0,0
2026-02-20 11:49:22.632303,37.641777499363556,56.812418978118096,211.5414425436108,97.96954613957007,0,0
2026-02-20 11:49:32.632303,51.85572936685654,57.584059253136715,201.731795749458,98.44322764607921,0,0
2026-02-20 11:49:42.632303,55.838910308299035,61.017683373204854,206.75205324150403,95.88123033877532,0,0
2026-02-20 11:49:52.632303,47.56196887963753,58.269767248721514,207.88904284756595,95.79015519179737,0,0
2026-02-20 11:50:02.632303,51.448874284482066,68.30160319458176,217.42249406863385,96.73976467832159,0,0
2026-02-20 11:50:12.632303,56.00606961081972,58.36769850791379,159.2375092964429,89.91913689082595,0,0
2026-02-20 11:50:22.632303,40.646040394870724,58.593946063834764,200.36836758379104,116.76437312275283,0,0
2026-02-20 11:50:32.632303,51.63463686882081,59.12359788476454,216.5881116236698,77.88864690992115,0,0
2026-02-20 11:50:42.632303,51.17807279054283,63.08346077554787,170.42827508440317,111.43754043206928,0,0
2026-02-20 11:50:52.632303,51.69248203747207,58.338848344396794,212.6556373221257,122.70692857804396,0,0
2026-02-20 11:51:02.632303,50.90933127529247,60.992882345201345,190.81278200919513,91.50155630535208,0,0
2026-02-20 11:51:12.632303,54.15167908272123,56.575664696364534,201.43132474438784,95.22342553234883,0,0
2026-02-20 11:51:22.632303,52.39489912873196,61.33464842114779,220.750798885158,94.89983601145254,0,0
2026-02-20 11:51:32.632303,48.65062532353314,56.08494513687077,191.11413479847778,103.77300493044852,0,0
2026-02-20 11:51:42.632303,53.78494308322676,56.3113387032895,217.3921184021132,113.55637858804951,0,0
2026-02-20 11:51:52.632303,52.067174516118506,67.50718325023226,184.52421601792855,87.55345296688583,0,0
2026-02-20 11:52:02.632303,41.10639875547861,65.98417724595673,213.08731312708116,99.44415329089544,0,0
2026-02-20 11:52:12.632303,51.3998431315991,55.49804381080649,248.91503959233654,101.29221181975228,0,0
2026-02-20 11:52:22.632303,50.546973973024464,62.90306649559477,209.62018463473427,102.23884024279131,0,0
2026-02-20 11:52:32.632303,46.04762772277344,61.88587342854398,237.6404899295007,113.45420046154977,0,0
2026-02-20 11:52:42.632303,57.965933133196984,57.95513729427526,180.2079035948284,98.74213079900352,0,0
2026-02-20 11:52:52.632303,50.27862456144347,64.3767660738838,166.1507074057036,115.29550319460614,0,0
2026-02-20 11:53:02.632303,49.20996050710505,58.29247572021032,179.75791249479664,83.4514332813423,0,0
2026-02-20 11:53:12.632303,54.11585291980957,60.293271868753614,174.20078200517892,87.04921227936384,0,0
2026-02-20 11:53:22.632303,48.32107650354936,66.67608610115757,194.8081729727279,84.96857046881894,0,0
2026-02-20 11:53:32.632303,48.77128467957028,58.90910572100932,146.06226714116858,99.45705133482188,0,0
2026-02-20 11:53:42.632303,48.84532734895661,62.784825459253675,236.9791218989069,111.26565029547757,0,0
2026-02-20 11:53:52.632303,48.65555654722585,55.57389636503332,251.4671960649972,100.59218434014488,0,0
2026-02-20 11:54:02.632303,50.06964645956473,59.90349965155999,203.9616952153571,98.55639588076058,0,0
2026-02-20 11:54:12.632303,47.13168996559882,57.81256423503843,199.34493459568003,94.56575228866235,0,0
2026-02-20 11:54:22.632303,46.43577108661418,60.42572091076759,194.9004556515829,115.0399298858269,0,0
2026-02-20 11:54:32.632303,36.74515095803494,64.36602740768984,224.9217038499526,79.2660976759185,0,0
2026-02-20 11:54:42.632303,48.28656202959826,58.51423653601683,171.84976610564357,92.22183312409125,0,0
2026-02-20 11:54:52.632303,44.44712077267086,67.00908177369449,218.71356786294922,112.71555094994159,0,0
2026-02-20 11:55:02.632303,53.60836032021618,55.48379291513108,189.50959467440452,104.89374561227918,0,0
2026-02-20 11:55:12.632303,43.88936095554027,62.85199372068955,195.1934920368373,96.25179192450402,0,0
2026-02-20 11:55:22.632303,53.554799841017456,61.77705324594416,192.7806766836184,111.59329803364248,0,0
2026-02-20 11:55:32.632303,44.59468336200051,62.463742427777056,211.86202515936768,96.9045356068601,0,0
2026-02-20 11:55:42.632303,51.63066511121059,54.99554569445879,218.480540384138,98.15097863557011,0,0
2026-02-20 11:55:52.632303,47.3863848974048,64.19603690334756,185.9131261891448,85.91538703636441,0,0
2026-02-20 11:56:02.632303,42.21685413238048,62.424039805382556,174.39141295007434,117.54794181984364,0,0
2026-02-20 11:56:12.632303,39.59035296058139,66.78582547316016,204.22034934405238,99.03286888129608,0,0
2026-02-20 11:56:22.632303,47.27540456595525,61.596544457408285,199.24730595150302,111.03301882016521,0,0
2026-02-20 11:56:32.632303,50.5711382433102,60.60120704584751,192.72775575572288,99.43054376278933,0,0
2026-02-20 11:56:42.632303,51.5390088444603,53.1593264293735,173.03629155788573,107.43264094022715,0,0
2026-02-20 11:56:52.632303,50.85432719063971,59.264066654589286,200.36867866130785,103.47581705361671,0,0
2026-02-20 11:57:02.632303,47.30120159845319,56.88678109839075,203.91690510195363,90.21627222384969,0,0
2026-02-20 11:57:12.632303,52.04126377857236,53.18966558304864,220.58311274651288,104.72597482413043,0,0
2026-02-20 11:57:22.632303,51.28014867156938,63.93076393578205,233.30948888925153,110.1437006501813,0,0
2026-02-20 11:57:32.632303,40.795628843341774,54.88169213305719,187.50362844608642,100.26091050210833,0,0
2026-02-20 11:57:42.632303,52.58829510234561,57.097024747386136,203.73533528954155,92.44617067646678,0,0
2026-02-20 11:57:52.632303,46.94241098504026,54.373355612607114,181.53533507778192,86.48315394383667,0,0
2026-02-20 11:58:02.632303,45.12063373511334,64.21456718643135,181.01202222336113,126.32382064837391,0,0
2026-02-20 11:58:12.632303,52.466589504404446,60.739344494779495,182.83284439637572,107.00309879408991,0,0
2026-02-20 11:58:22.632303,47.12181086881113,60.488039258581445,251.2016907653759,99.03940100275351,0,0
2026-02-20 11:58:32.632303,55.74636663142838,57.18729429949645,199.30023019006077,117.7080063563551,0,0
2026-02-20 11:58:42.632303,46.86516471106116,67.24979423198772,214.1550387091095,94.37533224105732,0,0
2026-02-20 11:58:52.632303,53.1620386952776,63.89021779850692,212.43619924434392,84.29775280109544,0,0
2026-02-20 11:59:02.632303,46.364314120875655,59.00992545779398,198.5113314179991,106.20672097550678,0,0
2026-02-20 11:59:12.632303,50.88850500466627,54.6586225651596,207.60395702011925,106.10585745283824,0,0
2026-02-20 11:59:22.632303,52.7989522396552,64.32312290221849,216.67844309097808,104.59180079228437,0,0
2026-02-20 11:59:32.632303,49.649171442706766,53.356156265936036,208.5923643826517,102.07687687163111,0,0
2026-02-20 11:59:42.632303,51.35789418597687,54.89300569671876,178.37886919183475,110.53152853332904,0,0
2026-02-20 11:59:52.632303,49.802224230716725,62.7260027894905,200.56636752260923,100.29756139495746,0,0
2026-02-20 12:00:02.632303,54.69141902987999,57.935821087130506,201.92241553881968,95.37724711294958,0,0
2026-02-20 12:00:12.632303,47.827518862838424,58.76331150612544,204.44267543267426,95.21251378336522,0,0
2026-02-20 12:00:22.632303,56.278780627867604,56.42157079112199,196.26256711677283,95.60268941725825,0,0
2026-02-20 12:00:32.632303,57.23488942176866,60.786219106046296,220.6368907893727,85.14439626963028,0,0
2026-02-20 12:00:42.632303,51.33525132934629,63.55852318249375,201.6456797855085,110.65480375065351,0,0
2026-02-20 12:00:52.632303,47.41355774949814,65.63738976074232,245.977962472385,96.37161439560342,0,0
2026-02-20 12:01:02.632303,47.77248739299614,65.8135379084708,231.59144291461425,94.77139972846732,0,0
2026-02-20 12:01:12.632303,47.89906591452071,58.87286156455797,173.11098977931445,90.81348053515802,0,0
2026-02-20 12:01:22.632303,44.97929616623966,56.928809739583485,199.30630225226437,102.3421473253652,0,0
2026-02-20 12:01:32.632303,57.75250246407038,56.006583837044836,219.68644796953168,97.86011155774491,0,0
2026-02-20 12:01:42.632303,49.752681451737836,62.699277968666415,177.54555956875402,103.82409746184051,0,0
2026-02-20 12:01:52.632303,50.83226104106528,61.9698050560326,205.78337287815637,124.55300139910895,0,0
2026-02-20 12:02:02.632303,46.81130007874342,57.87601217999273,187.53718947150472,94.44522880839746,0,0
2026-02-20 12:02:12.632303,46.81306436346741,64.7560661244302,228.4100849597971,94.29253706250523,0,0
2026-02-20 12:02:22.632303,45.838222134478855,61.885662225545616,188.95553911438057,106.32931817755511,0,0
2026-02-20 12:02:32.632303,51.0146151042565,53.93702354001107,230.95010402660122,117.95877673095522,0,0
2026-02-20 12:02:42.632303,46.93605654757807,58.449193760256065,205.7173078144981,103.34456789987026,0,0
2026-02-20 12:02:52.632303,53.29272136336415,68.0408181550654,196.461055450119,92.01702755461547,0,0
2026-02-20 12:03:02.632303,43.10340385992736,57.076279840232324,199.33746054252407,117.94557863517788,0,0
2026-02-20 12:03:12.632303,47.41194350481914,60.895151806555596,199.67154207854495,111.88393273448084,0,0
2026-02-20 12:03:22.632303,62.63466212936811,57.876524908318714,190.21121114963555,110.44160877069072,0,0
2026-02-20 12:03:32.632303,53.409457448131555,67.38682930294414,211.67856370651927,96.40707909212941,0,0
2026-02-20 12:03:42.632303,52.95327415346155,64.43481432233163,216.4096436239473,105.07274031107298,0,0
2026-02-20 12:03:52.632303,55.33337344794577,64.67718236178268,227.64317982075053,106.48709887589642,0,0
2026-02-20 12:04:02.632303,49.16440959841573,60.58685474573329,224.13017933016715,91.83064329012764,0,0
2026-02-20 12:04:12.632303,51.84336654436451,58.426644750690556,200.57489645869634,112.78451862607298,0,0
2026-02-20 12:04:22.632303,50.95549534009952,60.18574619262459,172.80287718040162,107.46253566027221,0,0
2026-02-20 12:04:32.632303,53.22742090570538,68.65301889322184,193.84443530093998,102.1915032766394,0,0
2026-02-20 12:04:42.632303,51.246918418553776,66.3098131190539,198.09408935226097,102.7902152577034,0,0
2026-02-20 12:04:52.632303,53.0394825485827,60.746436492625435,191.07132770898943,101.94089992898307,0,0
2026-02-20 12:05:02.632303,55.36815874929886,55.89393880235576,202.65939348293753,92.99879185060827,0,0
2026-02-20 12:05:12.632303,55.97523314462421,53.907252380864904,188.82156305456823,103.7721187506452,0,0
2026-02-20 12:05:22.632303,57.827620146171704,59.736998955708046,188.89600946613604,118.8115706944059,0,0
2026-02-20 12:05:32.632303,42.75993049791878,51.204776173519676,208.80028900106666,94.97945775647389,0,0
2026-02-20 12:05:42.632303,44.89383591434643,62.83342578919741,204.87601427542398,94.35921369263272,0,0
2026-02-20 12:05:52.632303,43.59847800664553,63.48982931312058,213.00402355917322,99.00824136220618,0,0
2026-02-20 12:06:02.632303,59.23318498023833,55.71966093469539,169.48949658150522,93.08091930118755,0,0
2026-02-20 12:06:12.632303,49.77206991822251,60.97335779729077,195.1752788428734,103.52055396514297,0,0
2026-02-20 12:06:22.632303,43.74230287904778,65.77505841629304,198.35697643214863,111.17295831588127,0,0
2026-02-20 12:06:32.632303,51.71362673188852,61.827012876615136,211.3953456046441,104.47708560017315,0,0
2026-02-20 12:06:42.632303,53.21361379933772,65.31661012052973,203.9304233940294,107.09003757588512,0,0
2026-02-20 12:06:52.632303,49.55132152856387,65.76046886179789,186.4721539588146,118.00940432910815,0,0
2026-02-20 12:07:02.632303,49.79921024677828,54.27689959152781,202.5620882982158,93.1894834252512,0,0
2026-02-20 12:07:12.632303,54.20321774494362,57.38950408279044,191.0763313357044,81.10459269054469,0,0
2026-02-20 12:07:22.632303,47.73846840375462,50.304482693484175,168.32194353028552,107.60414656144297,0,0
2026-02-20 12:07:32.632303,53.92900079325416,61.70183024713986,180.66047713741574,99.5228864385802,0,0
2026-02-20 12:07:42.632303,49.98198730454716,55.36654124322983,230.067966035343,108.77362290575671,0,0
2026-02-20 12:07:52.632303,48.89517913085168,60.10754335597812,204.16765615895105,79.58265131575709,0,0
2026-02-20 12:08:02.632303,48.764113087397014,57.27206300800881,179.9675998021017,97.18899707114045,0,0
2026-02-20 12:08:12.632303,58.988432634247616,62.56337144506804,188.57642020434406,105.72582781356158,0,0
2026-02-20 12:08:22.632303,56.99677718293001,63.69853473165107,201.19260739840348,93.53063222294426,0,0
2026-02-20 12:08:32.632303,53.49111656806795,61.573941541687,217.90386440055465,106.35171801681969,0,0
2026-02-20 12:08:42.632303,55.247763576596675,57.85905915375773,226.34788131268652,101.975996046924,0,0
2026-02-20 12:08:52.632303,60.37630436312632,57.24324872764173,234.719276063305,101.97910783462648,0,0
2026-02-20 12:09:02.632303,46.74290998192776,58.064456663782714,193.5930538361136,104.24165946401916,0,0
2026-02-20 12:09:12.632303,52.6141774401775,57.70519998424568,199.51290815478035,121.42270358611864,0,0
2026-02-20 12:09:22.632303,58.637715850503554,61.745294678696126,200.760069563364,101.20031326718261,0,0
2026-02-20 12:09:32.632303,53.06758986365208,55.908829739206375,194.8524692515331,83.3141592612241,0,0
2026-02-20 12:09:42.632303,51.9961156130264,62.58878375881096,190.33627075401253,115.73986763290033,0,0
2026-02-20 12:09:52.632303,43.8711716849883,54.14250047916072,204.48903637119943,110.47098302612154,0,0
2026-02-20 12:10:02.632303,58.419638457289345,58.16446294852424,221.5736166686259,99.61491530499293,0,0
2026-02-20 12:10:12.632303,49.1368635002959,63.53463974994669,213.04645756826838,84.2360784301575,0,0
2026-02-20 12:10:22.632303,57.38270174862948,65.52036541658981,187.4887459698094,103.95803533437409,0,0
2026-02-20 12:10:32.632303,52.47015093141369,61.042695063295625,188.9938969230916,93.28376632061949,0,0
2026-02-20 12:10:42.632303,49.87222964504277,64.69091607703746,210.87200309188864,96.29385667913894,0,0
2026-02-20 12:10:52.632303,53.85849355324172,48.6058295174797,222.97531400744208,82.60286221221901,0,0
2026-02-20 12:11:02.632303,48.18779529298434,55.521320421495425,174.1063704855819,111.6082678737852,0,0
2026-02-20 12:11:12.632303,47.661493993440544,61.38601552692286,199.06158842241632,104.77040827223121,0,0
2026-02-20 12:11:22.632303,50.38410945530128,54.86803110324572,219.9253363889428,95.06243416838687,0,0
2026-02-20 12:11:32.632303,42.21709050670125,58.28753935613635,230.01519581268622,108.50221742113493,0,0
2026-02-20 12:11:42.632303,48.2567393279607,58.602969182726284,193.56729897565234,120.76747983560841,0,0
2026-02-20 12:11:52.632303,51.90967726115777,61.72016658876428,220.60566908063686,102.38789159026514,0,0
2026-02-20 12:12:02.632303,48.704789270896484,59.21460060366009,198.56797481171873,99.62777763490159,0,0
2026-02-20 12:12:12.632303,53.6381477181849,60.2077835432292,214.6528015443116,99.19283419891417,0,0
2026-02-20 12:12:22.632303,50.39317595158045,52.00719726187157,218.32655349404962,103.46488475897992,0,0
2026-02-20 12:12:32.632303,54.99005054929826,48.41497848722524,241.76749409561455,98.60410371844826,0,0
2026-02-20 12:12:42.632303,55.54091408368758,55.840376291497876,212.25547810125138,89.46584436826343,0,0
2026-02-20 12:12:52.632303,46.88115519652097,67.65612541546714,196.18635198473308,102.17432873179723,0,0
2026-02-20 12:13:02.632303,54.35033865344377,61.98272755189042,203.00837810287152,103.64961002466225,0,0
2026-02-20 12:13:12.632303,62.01707792619138,59.76952481186566,204.02198093429934,110.50654396007612,0,0
2026-02-20 12:13:22.632303,55.52762966478992,64.74812122224152,212.7746044405837,88.56995087269516,0,0
2026-02-20 12:13:32.632303,58.16715766150548,55.41461842792525,206.05270930478068,92.45724149980641,0,0
2026-02-20 12:13:42.632303,49.67930826703504,61.315049641213925,206.42714430900546,104.21920754235285,0,0
2026-02-20 12:13:52.632303,58.06855634529323,61.81413720605592,195.11686729418702,109.64087168288357,0,0
2026-02-20 12:14:02.632303,55.947352444623206,55.089568739452034,211.94800139699717,107.01172742310898,0,0
2026-02-20 12:14:12.632303,48.51218248320004,65.50282725324648,196.99888825934946,101.25576453471542,0,0
2026-02-20 12:14:22.632303,49.134640878580655,60.06231619032587,178.07449826209597,85.59949117405705,0,0
2026-02-20 12:14:32.632303,57.97252531612486,56.61215460672669,180.17215301087384,78.46609886396286,0,0
2026-02-20 12:14:42.632303,46.80519126155249,54.70764082637001,232.8403032027274,110.09817089342634,0,0
2026-02-20 12:14:52.632303,46.55924827411138,69.00974322137724,219.63530973983188,96.75168616491378,0,0
2026-02-20 12:15:02.632303,37.50297142563213,69.16377029036296,172.20855066472808,83.54601253043108,0,0
2026-02-20 12:15:12.632303,55.1128521600482,69.7590096253571,227.68545637021037,105.6390912005236,0,0
2026-02-20 12:15:22.632303,52.97377170832643,63.41366223512123,215.1785717957353,102.81191423969376,0,0
2026-02-20 12:15:32.632303,50.52100551975938,59.74962748840191,184.92070822266646,97.19324923133226,0,0
2026-02-20 12:15:42.632303,41.535215929023074,59.606641492821,180.22817785698166,88.96410682784229,0,0
2026-02-20 12:15:52.632303,50.89947075576739,65.5680091453784,218.36633212004625,84.29499396376823,0,0
2026-02-20 12:16:02.632303,45.05185931714831,63.76308475195286,180.3502521292338,97.75366850002976,0,0
2026-02-20 12:16:12.632303,52.75026049512276,56.12662218054546,202.1075101229192,86.65974505081796,0,0
2026-02-20 12:16:22.632303,46.99316178024393,61.279127736570146,168.1401253293666,104.40474737960399,0,0
2026-02-20 12:16:32.632303,49.901811005366596,62.20995981766859,204.47828268129322,113.64140429973844,0,0
2026-02-20 12:16:42.632303,50.62612251323954,58.28237783549899,202.44595006064569,105.43298029036387,0,0
2026-02-20 12:16:52.632303,50.244300351628524,60.16236676481553,185.9601662438649,93.37099082449052,0,0
2026-02-20 12:17:02.632303,42.98697364100153,66.99830697274776,175.1227352921743,93.07094802204092,0,0
2026-02-20 12:17:12.632303,46.40796367215401,63.579697507777766,194.10100643415944,112.47742072673734,0,0
2026-02-20 12:17:22.632303,46.63254687878066,61.115976648895206,183.29305893480486,121.45149127773388,0,0
2026-02-20 12:17:32.632303,44.062007904852436,61.23928284090811,212.67553761864198,104.13799097451498,0,0
2026-02-20 12:17:42.632303,49.07356170561146,59.4807172010663,200.8762294395822,98.52997998371511,0,0
2026-02-20 12:17:52.632303,54.81939558397455,68.8420920063654,188.85016429984333,86.30197020420923,0,0
2026-02-20 12:18:02.632303,49.55858975824373,70.31883735061727,183.9265086406054,116.39116805444067,0,0
2026-02-20 12:18:12.632303,58.388504070382204,57.78564703316802,211.3796615837055,116.28396623128538,0,0
2026-02-20 12:18:22.632303,48.10436129506257,59.185678559590556,188.36638172102712,89.85243269307134,0,0
2026-02-20 12:18:32.632303,46.75361227466996,55.10423893295098,200.68166936518452,92.30026768941359,0,0
2026-02-20 12:18:42.632303,51.168929558953735,53.77641741518549,206.61760464428914,108.33528961608924,0,0
2026-02-20 12:18:52.632303,40.03132178714272,61.496226279390285,224.55337984946584,87.90358981308795,0,0
2026-02-20 12:19:02.632303,58.362861934188516,61.67607603746418,185.89976288483183,99.44230922342294,0,0
2026-02-20 12:19:12.632303,52.791634562608614,60.30402156564965,210.77511984892737,90.79326406920634,0,0
2026-02-20 12:19:22.632303,50.84680412018039,54.34514201238008,197.77547877302598,90.9609235853521,0,0
2026-02-20 12:19:32.632303,46.322350287051165,64.94437270084175,221.8262024118854,106.09138120907177,0,0
2026-02-20 12:19:42.632303,44.538436176637106,58.734366201220794,224.26195399958368,101.41716913639905,0,0
2026-02-20 12:19:52.632303,61.59664769990847,61.57327135757749,203.84098232980062,96.908835357975,0,0
2026-02-20 12:20:02.632303,50.66770452391141,59.390120654477826,214.1621735337718,109.56702316794585,0,0
2026-02-20 12:20:12.632303,46.070052697460255,54.675068185768886,163.27589253793406,105.07991326912544,0,0
2026-02-20 12:20:22.632303,44.483166969130636,51.38843762819007,207.7715720906193,124.9299951743279,0,0
2026-02-20 12:20:32.632303,49.96964544230053,63.35396309780657,201.6365871709513,99.01110346808858,0,0
2026-02-20 12:20:42.632303,54.59538241493884,58.83890182324539,205.34784628143805,103.21697806196013,0,0
2026-02-20 12:20:52.632303,46.659547731784755,63.96816939814609,196.50080486609184,92.44254840507155,0,0
2026-02-20 12:21:02.632303,52.68254921785202,56.40612807283585,200.56362314738257,99.90881003355797,0,0
2026-02-20 12:21:12.632303,55.42947782915789,61.898792931519814,199.49946082509712,108.17766299200287,0,0
2026-02-20 12:21:22.632303,56.951037745086566,62.23124122540745,200.20705239686762,86.8816376764984,0,0
2026-02-20 12:21:32.632303,44.67443168462314,58.77910118258133,187.80975595681434,98.13028697014553,0,0
2026-02-20 12:21:42.632303,50.283249624485535,62.11877101742692,198.59002443881818,104.86501643826202,0,0
2026-02-20 12:21:52.632303,50.3223720740506,52.098133734584515,181.2132921236249,98.55912444278384,0,0
2026-02-20 12:22:02.632303,43.951526285794465,62.39971491998482,230.61501664687395,112.18761851697317,0,0
2026-02-20 12:22:12.632303,48.93278564534896,65.9629045473998,202.97334914404223,96.62914028881961,0,0
2026-02-20 12:22:22.632303,46.9329866822953,58.790121254047484,192.23646362917543,101.70416222375488,0,0
2026-02-20 12:22:32.632303,50.802869905249324,60.01218408061366,208.738763394927,111.90646274786342,0,0
2026-02-20 12:22:42.632303,54.74777067720662,54.060408126200386,148.9215773019609,109.34319911239274,0,0
2026-02-20 12:22:52.632303,43.165606507922895,59.10093839242926,176.5977394788128,81.98019562419981,0,0
2026-02-20 12:23:02.632303,52.70731364102394,63.03662064121059,188.4697919854656,74.0895770785509,0,0
2026-02-20 12:23:12.632303,47.268777758737585,61.567216021610186,170.42176862451743,101.83359919779156,0,0
2026-02-20 12:23:22.632303,49.923450754135025,62.317165998404356,202.39160736828308,90.26931059118445,0,0
2026-02-20 12:23:32.632303,55.982857508322454,59.36588170789212,199.45390920980137,90.66732040926804,0,0
2026-02-20 12:23:42.632303,47.78358874404245,56.4607891438924,196.54107880153154,117.11708480142343,0,0
2026-02-20 12:23:52.632303,43.140494285343216,53.54575440849304,229.42340654987217,97.90676322848134,0,0
2026-02-20 12:24:02.632303,46.65463630670042,64.15961874958431,187.88768920526272,118.26009713546937,0,0
2026-02-20 12:24:12.632303,53.38962935669635,58.04835436741719,243.14616426531006,93.94285076996661,0,0
2026-02-20 12:24:22.632303,53.71047686004653,61.19717032162597,226.03482578797596,115.61511196726853,0,0
2026-02-20 12:24:32.632303,50.160020745328836,56.98632851861527,209.19944285878233,93.22284630247894,0,0
2026-02-20 12:24:42.632303,60.066936237633115,60.54614132433095,192.69356897375783,101.84680305864909,0,0
2026-02-20 12:24:52.632303,43.26436855235152,56.113543845957395,224.00827815888852,93.43105721028604,0,0
2026-02-20 12:25:02.632303,44.765445086590304,62.14661101010915,223.71408309325994,107.18953310665067,0,0
2026-02-20 12:25:12.632303,54.98023842902908,56.972819645722154,171.56378666516312,115.01333651955487,0,0
2026-02-20 12:25:22.632303,48.38660080578932,58.99666793417981,226.56388283698115,105.5623000940066,0,0
2026-02-20 12:25:32.632303,52.279438860408035,68.66000937960433,187.12963539239715,109.27840128081237,0,0
2026-02-20 12:25:42.632303,50.28506562448542,61.07436911545303,230.56936852825064,105.07835756289624,0,0
2026-02-20 12:25:52.632303,52.69148039524816,64.2900293492392,192.7009454091423,91.60790332660994,0,0
2026-02-20 12:26:02.632303,44.775954029894834,52.134573642495994,241.12414259880643,88.96791634278317,0,0
2026-02-20 12:26:12.632303,48.89373188207114,58.892746800444314,206.14813395618202,108.15737212539297,0,0
2026-02-20 12:26:22.632303,54.30236744179873,57.667690245724245,196.65756572427176,102.825799504883,0,0
2026-02-20 12:26:32.632303,48.75654436908226,66.42938230407997,209.81949903276504,107.34877786049817,0,0
2026-02-20 12:26:42.632303,53.31440634333706,64.6938954299413,203.62043117407413,87.03168052044154,0,0
2026-02-20 12:26:52.632303,51.99843975876321,57.39457242483268,189.42766636500485,105.86364018755093,0,0
2026-02-20 12:27:02.632303,56.19141535716818,60.08508630694425,206.17666025197929,117.02214944635239,0,0
2026-02-20 12:27:12.632303,51.20376589744284,70.40673245672158,211.3101929126309,82.39237240844182,0,0
2026-02-20 12:27:22.632303,53.76670810552266,61.52463353953111,225.7950550816549,106.73181351269959,0,0
2026-02-20 12:27:32.632303,49.30772008008113,55.102807054842536,195.81953485427948,91.494795457907,0,0
2026-02-20 12:27:42.632303,47.09738275097639,62.354313617682436,233.39809008702812,103.9467152982298,0,0
2026-02-20 12:27:52.632303,44.02058468982408,61.77841067288056,223.93262973291303,93.90217095680617,0,0
2026-02-20 12:28:02.632303,49.32991416663541,60.05875277891679,184.3020337383552,106.4828043384386,0,0
2026-02-20 12:28:12.632303,49.39525925696109,61.67812977562811,182.250156443958,95.62541699676589,0,0
2026-02-20 12:28:22.632303,53.61190678913886,58.50866739163293,234.5392770246681,96.00363814385398,0,0
2026-02-20 12:28:32.632303,51.12342362875943,63.73036332749236,171.63268534133937,82.39191188019224,0,0
2026-02-20 12:28:42.632303,42.371718427149524,65.05033641370873,188.96283708215105,125.58199285668252,0,0
2026-02-20 12:28:52.632303,47.17876200671306,60.738205212788145,230.8421990513575,120.06092888159122,0,0
2026-02-20 12:29:02.632303,60.30751788318199,64.83346492237257,220.48125051622924,105.92526949201184,0,0
2026-02-20 12:29:12.632303,53.89180538083319,57.79525713468587,183.63602233155385,99.96625542589048,0,0
2026-02-20 12:29:22.632303,49.14907688737536,58.1870878026909,213.9277489491343,109.5530520857051,0,0
2026-02-20 12:29:32.632303,50.442034431459234,65.91012032422105,177.1662177173299,98.06340540720282,0,0
2026-02-20 12:29:42.632303,46.41588839698598,52.53385353170776,198.34638628314602,98.78252491616716,0,0
2026-02-20 12:29:52.632303,57.567248716210656,62.52324673821911,179.5162635134159,118.54092566334188,0,0
2026-02-20 12:30:02.632303,56.10516847762676,62.328390813874464,195.47031802300336,90.4056076327652,0,0
2026-02-20 12:30:12.632303,48.138966119644735,64.35499447881675,237.69172611869217,115.43243528272188,0,0
2026-02-20 12:30:22.632303,47.55575289106863,55.52153026684395,202.81772493822407,82.31560634437149,0,0
2026-02-20 12:30:32.632303,51.615838570923906,59.40958965480532,190.67926996263515,84.05296932733205,0,0
2026-02-20 12:30:42.632303,52.568000532848586,57.86919664135235,176.60166328579425,71.2773778671835,0,0
2026-02-20 12:30:52.632303,49.86242547474682,67.08900638667897,233.2251842909574,95.42903743413729,0,0
2026-02-20 12:31:02.632303,46.988939698191096,61.875097024300096,180.03229121623417,103.01791899819466,0,0
2026-02-20 12:31:12.632303,53.83040139192345,64.90773289553724,197.99691847040094,97.96326249823034,0,0
2026-02-20 12:31:22.632303,45.6100870662172,56.69247858384056,195.47042216196945,103.67365506816178,0,0
2026-02-20 12:31:32.632303,54.567923131166246,56.78728419727862,229.85377137919045,97.2887639895743,0,0
2026-02-20 12:31:42.632303,49.89316352825782,57.0111532834087,151.51519479454117,108.8404539636105,0,0
2026-02-20 12:31:52.632303,53.684219485462165,58.874689771527144,201.33981434449743,105.159392177041,0,0
2026-02-20 12:32:02.632303,42.18727071556729,57.88378929061482,215.88529359243654,87.45710576830751,0,0
2026-02-20 12:32:12.632303,51.46778966083315,54.57367278150638,209.32859964867052,99.64358517702516,0,0
2026-02-20 12:32:22.632303,41.92434092047245,64.65895741782869,185.30816846403903,91.89747562985619,0,0
2026-02-20 12:32:32.632303,51.00284598615472,64.59454939771486,179.68356362043207,100.61679849847971,0,0
2026-02-20 12:32:42.632303,52.14408250165287,62.772422429052575,203.5288311055445,96.32972160916678,0,0
2026-02-20 12:32:52.632303,45.8620488967564,60.3445755321855,178.55721976028786,70.78649516505394,0,0
2026-02-20 12:33:02.632303,52.18279902078834,63.61573936434478,152.74135128916322,89.90269295290062,0,0
2026-02-20 12:33:12.632303,53.09577130502599,68.2299818788468,200.41587415350816,92.71997058770866,0,0
2026-02-20 12:33:22.632303,49.0855177944758,65.49950567659273,187.08071641750928,92.00807993349747,0,0
2026-02-20 12:33:32.632303,47.58628238908984,56.18668556696515,202.45340631989592,116.2467845846956,0,0
2026-02-20 12:33:42.632303,51.615396365580146,58.99058599149485,194.16377462168913,84.36809191303342,0,0
2026-02-20 12:33:52.632303,54.415548885735795,59.688651211948795,196.3904017281875,131.93107567844862,0,0
2026-02-20 12:34:02.632303,51.49376454182843,56.992835799619264,191.47284807588915,111.48445709196756,0,0
2026-02-20 12:34:12.632303,50.56635205268882,54.246888086730536,218.38457869150406,93.31855914461006,0,0
2026-02-20 12:34:22.632303,59.366488881087726,64.3201922628586,191.05356208682497,112.81016361735112,0,0
2026-02-20 12:34:32.632303,50.339277552637014,63.411094700488874,209.69465634588948,91.53643345009127,0,0
2026-02-20 12:34:42.632303,46.78225083841269,64.11984327032465,193.30449335786918,95.96351536758003,0,0
2026-02-20 12:34:52.632303,45.224387103253235,61.69439626237384,241.2504983848629,89.32467085745728,0,0
2026-02-20 12:35:02.632303,50.12109728336379,65.64888222166172,198.4071721750857,104.52371796249734,0,0
2026-02-20 12:35:12.632303,44.688032359265605,61.71322838883059,196.25711469990904,109.85729995679863,0,0
2026-02-20 12:35:22.632303,55.936930257823754,70.35825456807446,211.5926634642715,103.25796316582166,0,0
2026-02-20 12:35:32.632303,50.97192150788668,58.58733482875725,206.76967686923382,97.0459858986097,0,0
2026-02-20 12:35:42.632303,50.84230488134807,65.27039014243184,179.8691486944072,111.39878561129045,0,0
2026-02-20 12:35:52.632303,56.58557533669933,59.52772589203568,157.5629020198281,93.92178012905568,0,0
2026-02-20 12:36:02.632303,56.484972732805545,59.908527750804474,180.0139553541018,94.95225078771783,0,0
2026-02-20 12:36:12.632303,54.20310013252276,62.186934272805516,195.2213580166061,96.33175588185313,0,0
2026-02-20 12:36:22.632303,48.04120925478089,56.31035926200599,232.30751378938885,96.7767953078866,0,0
2026-02-20 12:36:32.632303,56.085792604127484,66.0852642076898,219.9662179629592,95.68379687281951,0,0
2026-02-20 12:36:42.632303,52.018650451683044,59.90321757443633,181.92596278539745,103.24359281721603,0,0
2026-02-20 12:36:52.632303,44.10480104420099,64.75071755384626,190.70765405403213,102.0115965587284,0,0
2026-02-20 12:37:02.632303,51.41643935773071,58.96438010518369,211.7338760295055,95.25096343377476,0,0
2026-02-20 12:37:12.632303,54.35648648728622,54.616081279013,202.52759159092824,119.38928999058285,0,0
2026-02-20 12:37:22.632303,44.99834337697213,57.28902011790059,210.2781569931783,101.79581781939598,0,0
2026-02-20 12:37:32.632303,51.753150496367795,61.95674852059065,212.6944293712354,111.09699841956223,0,0
2026-02-20 12:37:42.632303,52.04909328464257,59.03496938152583,213.45147402405462,118.99881934895215,0,0
2026-02-20 12:37:52.632303,49.33683126808713,56.101882781317435,222.14161338573945,98.79618836046401,0,0
2026-02-20 12:38:02.632303,39.13665226992982,63.38968670860169,189.29343628092155,99.0946671769584,0,0
2026-02-20 12:38:12.632303,51.65990165284507,60.761998719116264,214.18903634278078,95.64513629430157,0,0
2026-02-20 12:38:22.632303,52.565528990880416,58.961813289664335,214.77620961775006,106.15367484013053,0,0
2026-02-20 12:38:32.632303,45.32280648977702,64.34392846470013,189.28073109771904,108.08057798281145,0,0
2026-02-20 12:38:42.632303,51.8364365670067,67.35273470718049,195.53068035256297,96.50683203881802,0,0
2026-02-20 12:38:52.632303,49.90290197056134,58.7872808686629,215.998838038841,83.83689391563412,0,0
2026-02-20 12:39:02.632303,44.73158790426823,55.728788313683225,219.0061518394715,117.10613372581925,0,0
2026-02-20 12:39:12.632303,49.47775390731264,59.32471310723996,201.40104326226364,111.6187830260819,0,0
2026-02-20 12:39:22.632303,45.36323432904713,60.95347593093914,219.5039525956486,105.01094169939846,0,0
2026-02-20 12:39:32.632303,50.94790808299372,64.00418437026856,145.93535414001525,106.77875319530908,0,0
2026-02-20 12:39:42.632303,46.72962158436288,52.67746841257417,210.22405199049962,113.73658545162958,0,0
2026-02-20 12:39:52.632303,49.31275742686154,63.811498188811754,232.24556515977292,113.14914453584048,0,0
2026-02-20 12:40:02.632303,58.199822646856965,62.96850996428757,201.50867277803187,83.98034188102832,0,0
2026-02-20 12:40:12.632303,48.76968755935026,56.62701361873523,243.4188543499563,98.24114187567663,0,0
2026-02-20 12:40:22.632303,50.61602403392243,62.20594150416187,200.87204892744907,116.95051040430752,0,0
2026-02-20 12:40:32.632303,46.88675319132774,60.77842982094897,185.15058828603904,86.79977488779295,0,0
2026-02-20 12:40:42.632303,46.94115454547357,59.85185281180635,191.4139555096548,93.07579020126144,0,0
2026-02-20 12:40:52.632303,42.96841268164083,59.66757770948522,169.90559251937995,107.60055963689602,0,0
2026-02-20 12:41:02.632303,50.41219876467252,54.16979400214028,193.81581845900274,92.47843594409417,0,0
2026-02-20 12:41:12.632303,51.595872552095905,65.36180178409258,162.4965506070851,101.15026079147417,0,0
2026-02-20 12:41:22.632303,49.1993360221668,62.685360305801865,204.2639325647538,92.48030668261181,0,0
2026-02-20 12:41:32.632303,48.40473032166691,56.815896572786045,221.52014277197196,100.21311648671943,0,0
2026-02-20 12:41:42.632303,59.50595342876504,59.757356744741514,185.83186466179075,84.86285607387173,0,0
2026-02-20 12:41:52.632303,40.98430161872027,53.66345622797804,205.34253302022967,105.08725023229934,0,0
2026-02-20 12:42:02.632303,42.094046489839336,63.58015325630446,190.3387789663312,101.4679301198555,0,0
2026-02-20 12:42:12.632303,58.06110314127712,63.587357263462124,194.62938704188335,91.08807774584713,0,0
2026-02-20 12:42:22.632303,39.24092299335348,57.12338672303032,195.77739522344612,90.12820472848816,0,0
2026-02-20 12:42:32.632303,49.34371516453847,60.307407531835075,195.50288036383841,93.4999741917654,0,0
2026-02-20 12:42:42.632303,50.84327335983364,61.767762598277635,178.19201845114307,114.10932379746271,0,0
2026-02-20 12:42:52.632303,49.50705933857869,60.07539849177939,214.16428846513114,102.33216131263502,0,0
2026-02-20 12:43:02.632303,54.76568316956622,61.1484966608073,187.75125250719125,103.61503525206102,0,0
2026-02-20 12:43:12.632303,44.28136896339669,60.43423882310609,199.3354001871108,97.9188314272746,0,0
2026-02-20 12:43:22.632303,49.357312442805345,52.472603818009446,189.02550184518077,100.92844901141115,0,0
2026-02-20 12:43:32.632303,50.799281959987,55.88929943629617,225.31415681729402,91.33825151785499,0,0
2026-02-20 12:43:42.632303,54.84728600263368,61.70877744748674,187.07545380312393,117.75310892609512,0,0
2026-02-20 12:43:52.632303,44.0318158412176,63.67661669444001,220.01164636085957,93.29379790923355,0,0
2026-02-20 12:44:02.632303,56.962326500321645,58.99981394160419,205.77387258559713,102.6032183877122,0,0
2026-02-20 12:44:12.632303,49.32845629264726,63.24323309263913,215.86977441104426,82.51468026761819,0,0
2026-02-20 12:44:22.632303,56.52170121439076,53.350032047857304,220.65092408683316,111.26705136827583,0,0
2026-02-20 12:44:32.632303,44.54516784892401,58.35674284818166,177.88590663028128,97.85078969711265,0,0
2026-02-20 12:44:42.632303,48.45982857907129,63.11864212907736,226.20617492239217,113.95683810789956,0,0
2026-02-20 12:44:52.632303,47.189159867108486,59.163112505021886,166.331236155581,91.94129933503811,0,0
2026-02-20 12:45:02.632303,54.82425816548729,66.46233129419292,175.31302256240156,94.07535740847106,0,0
2026-02-20 12:45:12.632303,49.867971215205365,61.120644635278424,183.80792960156708,104.2406104446409,0,0
2026-02-20 12:45:22.632303,47.63080326464542,59.94219091648689,210.925684960074,100.06422269810938,0,0
2026-02-20 12:45:32.632303,47.81807054736716,59.561560784296674,198.2327408158933,96.29988970117873,0,0
2026-02-20 12:45:42.632303,48.70601968666449,66.39458868201886,211.2183889588248,97.0451968197084,0,0
2026-02-20 12:45:52.632303,53.48477202255368,58.66472204097596,223.46249275173284,103.69642192198094,0,0
2026-02-20 12:46:02.632303,49.46348927997886,61.79086770324111,168.58247695863002,88.73232531090194,0,0
2026-02-20 12:46:12.632303,44.03037496800472,60.57177237905483,234.65029998970184,122.31300146192632,0,0
2026-02-20 12:46:22.632303,53.19025550720379,62.00337789977783,163.9788453169452,94.57326200265979,0,0
2026-02-20 12:46:32.632303,46.061081240458805,57.51660960699554,196.6371236283042,95.27909422302872,0,0
2026-02-20 12:46:42.632303,40.10350094812106,62.991641024470134,178.54513948520386,102.39246864111149,0,0
2026-02-20 12:46:52.632303,60.370413348749864,56.32246163365431,149.39424954507342,97.13995778119889,0,0
2026-02-20 12:47:02.632303,55.50479817499286,67.83338981688237,175.40900811095167,104.96699223236521,0,0
2026-02-20 12:47:12.632303,47.67344771609973,59.576206582783456,252.8868669403407,84.97029671604847,0,0
2026-02-20 12:47:22.632303,51.26869830747287,61.87077268706173,221.71572649878695,100.97983153470895,0,0
2026-02-20 12:47:32.632303,51.540252697520515,58.433405730312835,205.38253882490216,96.56807724502589,0,0
2026-02-20 12:47:42.632303,53.107859449280255,58.521558655825466,207.54200787804373,99.70737186315021,0,0
2026-02-20 12:47:52.632303,55.63025125386084,59.794425105646056,164.53935063586238,112.61921500713991,0,0
2026-02-20 12:48:02.632303,45.47133849568691,57.38493464540472,188.08677411913015,113.74438093170818,0,0
2026-02-20 12:48:12.632303,39.32162893010652,72.55099413463998,221.12113618132105,102.23238914129159,0,0
2026-02-20 12:48:22.632303,49.72552999691857,61.14221629943063,210.42244856758677,106.45215585950056,0,0
2026-02-20 12:48:32.632303,52.778022330017244,60.358322725021,196.05323159385347,98.48726716346488,0,0
2026-02-20 12:48:42.632303,49.0254585982366,64.53508038746826,211.87113444561723,70.5961136533572,0,0
2026-02-20 12:48:52.632303,53.279503882648804,60.7789447788751,199.62582487108205,96.11481546911114,0,0
2026-02-20 12:49:02.632303,55.620563599930065,63.79010584849143,184.54244664352782,104.07052287124534,0,0
2026-02-20 12:49:12.632303,45.14171632729357,54.48152734084428,187.4656555082007,108.62393472382759,0,0
2026-02-20 12:49:22.632303,54.76562522688043,62.05234168038917,214.50191573695994,105.16178287114958,0,0
2026-02-20 12:49:32.632303,46.79259202388524,61.72769017869576,216.00819050455365,107.54291329813574,0,0
2026-02-20 12:49:42.632303,55.94456685737322,62.833215388804255,207.02896415083165,110.70150238316427,0,0
2026-02-20 12:49:52.632303,49.8673937037547,56.472501395089125,196.73866072112472,92.55097355193551,0,0
2026-02-20 12:50:02.632303,46.624108625128095,59.42192531713793,184.15160158000077,96.9203847036096,0,0
2026-02-20 12:50:12.632303,40.53192666523107,60.853174829491756,200.02410950724448,91.82911368931809,0,0
2026-02-20 12:50:22.632303,53.296228342162024,63.75028055050623,167.8488027126205,92.37275221433785,0,0
2026-02-20 12:50:32.632303,46.154288251063505,56.24038759556454,216.58949683863497,98.06173861227197,0,0
2026-02-20 12:50:42.632303,48.67742579344694,51.984550542372986,212.70836060418452,87.60741605146528,0,0
2026-02-20 12:50:52.632303,50.29966315133164,61.109507751832766,227.21317191677304,86.91179600880888,0,0
2026-02-20 12:51:02.632303,34.90243922089587,60.73539817901478,236.01022363021707,112.38946352939438,0,0
2026-02-20 12:51:12.632303,51.04829707637313,58.03345525747181,216.1424519327462,90.26453800295532,0,0
2026-02-20 12:51:22.632303,52.3817888467811,62.02188063666651,221.2041981499776,127.59660038911078,0,0
2026-02-20 12:51:32.632303,51.96207983589383,57.96414549717001,199.4885137561601,82.30924095110882,0,0
2026-02-20 12:51:42.632303,46.52643434455471,58.36287024754758,189.51823204130815,101.52354872033722,0,0
2026-02-20 12:51:52.632303,45.887900338089,64.48412266929789,200.00414129836395,99.90699678861385,0,0
2026-02-20 12:52:02.632303,48.36052641743541,60.62076273543592,216.5019652933527,91.32869784289099,0,0
2026-02-20 12:52:12.632303,46.70941755462372,58.785095884893344,173.0825815305357,91.80742140278502,0,0
2026-02-20 12:52:22.632303,47.618895632276704,63.49755672285091,205.2512265800385,101.93589911367545,0,0
2026-02-20 12:52:32.632303,54.25448981083986,59.45051284640241,207.8092969985778,98.96778247067503,0,0
2026-02-20 12:52:42.632303,51.32681174699814,57.668965369553675,151.22365683447143,98.65720837813696,0,0
2026-02-20 12:52:52.632303,57.1137406804997,63.70486160896637,219.3079496918234,112.36130721806218,0,0
2026-02-20 12:53:02.632303,50.44328795480719,60.78926282962238,187.646962091313,96.8392714397295,0,0
2026-02-20 12:53:12.632303,53.07885574885571,64.81553774867527,197.21107448638,95.49810735148588,0,0
2026-02-20 12:53:22.632303,50.002639794282985,62.40482699571646,171.12290367732916,77.03819046862762,0,0
2026-02-20 12:53:32.632303,47.24731575254208,55.11715029634337,189.8371960470538,98.52219681182528,0,0
2026-02-20 12:53:42.632303,47.733757954884936,65.80987013788298,206.5348952920464,103.00474359610828,0,0
2026-02-20 12:53:52.632303,53.11103572021701,55.44466752887692,220.78223574840538,99.2423571346454,0,0
2026-02-20 12:54:02.632303,53.35240308620606,55.71257106783938,168.92482467967872,108.17889658025028,0,0
2026-02-20 12:54:12.632303,51.882047630487584,56.391793782569955,182.6067383745061,111.2543478441477,0,0
2026-02-20 12:54:22.632303,44.05294053566336,66.57069181302386,181.98758530704262,106.38391925608383,0,0
2026-02-20 12:54:32.632303,48.356907621255075,62.41274972432937,189.11771995771613,98.37207093927705,0,0
2026-02-20 12:54:42.632303,50.20459587697861,55.99125017687411,214.8164869084025,94.86786433528415,0,0
2026-02-20 12:54:52.632303,48.85700042329991,56.02260250156595,148.7533268240938,98.08972237399831,0,0
2026-02-20 12:55:02.632303,62.063077108064576,63.138417151592094,199.6147924053121,97.37109170791733,0,0
2026-02-20 12:55:12.632303,50.11232946406023,62.18847646070084,176.3837436938231,111.14321694668872,0,0
2026-02-20 12:55:22.632303,53.57690657720622,62.87274290283174,208.76951477619454,100.1961665769399,0,0
2026-02-20 12:55:32.632303,53.3643061798341,62.36725653496551,192.91918578117952,94.26398227103098,0,0
2026-02-20 12:55:42.632303,50.50928147630994,66.19608060598075,175.21785848692198,85.3247473424756,0,0
2026-02-20 12:55:52.632303,50.82380420618259,60.20355080742407,203.46683328740818,102.439531979085,0,0
2026-02-20 12:56:02.632303,48.883988726825976,65.95945375440833,167.9819204304697,91.71502975219754,0,0
2026-02-20 12:56:12.632303,49.48372619925476,53.42724475538333,196.48291191135857,116.61470165728018,0,0
2026-02-20 12:56:22.632303,50.10443244147981,60.92280362287473,174.7967046965484,93.83638591960522,0,0
2026-02-20 12:56:32.632303,48.12401809838032,58.72913961297506,225.63287590007536,105.57691060725125,0,0
2026-02-20 12:56:42.632303,44.44271021531484,60.98601911372802,209.9644349699357,111.40149038521267,0,0
2026-02-20 12:56:52.632303,57.90270343284187,55.939623232688525,183.78284977579324,87.42422141085383,0,0
2026-02-20 12:57:02.632303,48.829900704465096,61.86543349778534,219.74669033178205,99.24048976357477,0,0
2026-02-20 12:57:12.632303,48.40076238372578,60.60703196899496,183.29714196739954,120.89538721694774,0,0
2026-02-20 12:57:22.632303,41.96169486440971,60.738962315582896,240.4721243845928,100.06799844559998,0,0
2026-02-20 12:57:32.632303,49.04980482499253,58.57021830875829,196.39216636475183,113.7284847467653,0,0
2026-02-20 12:57:42.632303,38.940690443352466,66.1337348051853,171.52085695099709,97.33347670765585,0,0
2026-02-20 12:57:52.632303,47.85377789850669,62.35421307908288,168.03751296232505,104.62172666081943,0,0
2026-02-20 12:58:02.632303,60.12154811643426,54.54730398162876,203.79412335220792,93.3801782220339,0,0
2026-02-20 12:58:12.632303,52.12943603096518,60.076591109663006,187.17026181911382,104.87872284871074,0,0
2026-02-20 12:58:22.632303,59.021740548933714,59.2363848330908,214.39515884296364,87.06727042128836,0,0
2026-02-20 12:58:32.632303,45.21781811590996,61.88962511152151,229.6823205707193,103.5561334878566,0,0
2026-02-20 12:58:42.632303,48.43470984738423,59.99716562169342,174.99184532060565,106.04515326355367,0,0
2026-02-20 12:58:52.632303,54.41166531161704,58.19163866866768,190.59915704480997,102.65878229652049,0,0
2026-02-20 12:59:02.632303,47.81640131979702,59.73546954149671,241.99443578333032,97.52974299254004,0,0
2026-02-20 12:59:12.632303,48.20829923989389,57.409832777459364,214.88383942999874,98.18775826781896,0,0
2026-02-20 12:59:22.632303,46.75313480839287,65.28521612909205,228.39206009027274,93.99576434261294,0,0
2026-02-20 12:59:32.632303,40.66730024319692,64.03005475934769,186.30740348479992,107.90625599162769,0,0
2026-02-20 12:59:42.632303,40.14948091144082,63.570389353197235,175.7765614143844,107.30764119066525,0,0
2026-02-20 12:59:52.632303,50.07136533918217,56.18424232241342,191.8592737414644,106.86318456956701,0,0
2026-02-20 13:00:02.632303,50.529472265576175,62.337651921889936,239.5288116903097,84.35758388288949,0,0
2026-02-20 13:00:12.632303,58.08606287484312,60.41742375009285,182.02431903353744,86.6968637426101,0,0
2026-02-20 13:00:22.632303,49.054398046114834,63.686600447697835,197.4490175924493,115.11154930247348,0,0
2026-02-20 13:00:32.632303,42.744121549742204,59.95164420861578,174.95213111173763,103.63631882624968,0,0
2026-02-20 13:00:42.632303,54.4344369504865,58.316952825275784,147.9157228674573,101.98948146796495,0,0
2026-02-20 13:00:52.632303,52.18369275866755,61.61717901984679,224.7156438364431,89.28946320350951,0,0
2026-02-20 13:01:02.632303,53.40108052725225,64.7700300499119,164.42824831986968,103.19651825918977,0,0
2026-02-20 13:01:12.632303,47.47910084496164,59.67390930759342,206.95352967076673,95.12771435886448,0,0
2026-02-20 13:01:22.632303,46.62145960419194,60.1366096699521,178.25508122274394,89.14174871114815,0,0
2026-02-20 13:01:32.632303,53.396866414782515,55.40482385936538,213.32625001818423,104.6259129285395,0,0
2026-02-20 13:01:42.632303,41.37096635604702,57.28974139065738,223.88218806094744,90.18834468860318,0,0
2026-02-20 13:01:52.632303,47.67797868845306,61.848243573007586,215.66781018565192,97.48461113955504,0,0
2026-02-20 13:02:02.632303,47.012449026541795,65.68947944679402,234.7779932759516,109.78858050781795,0,0
2026-02-20 13:02:12.632303,50.42659071282512,56.76693711343629,183.3911118688687,105.22514105265758,0,0
2026-02-20 13:02:22.632303,52.091991104443416,65.60639437178571,213.00900185072277,84.96919698240183,0,0
2026-02-20 13:02:32.632303,55.25973808861459,56.00775749074235,192.32057456095296,102.50200206251695,0,0
2026-02-20 13:02:42.632303,59.978337448919824,72.43967422402145,212.13446118272367,98.16803381279612,0,0
2026-02-20 13:02:52.632303,52.67252824240275,63.550621703495345,193.58664748885616,117.95211355912322,0,0
2026-02-20 13:03:02.632303,51.15035379595701,61.990972356365575,213.31848504108922,104.21586610614456,0,0
2026-02-20 13:03:12.632303,54.194702502348065,57.530987253812306,188.8339649210794,88.99845767028305,0,0
2026-02-20 13:03:22.632303,52.19750615310113,63.115746014048455,209.15545732303772,116.74492433347538,0,0
2026-02-20 13:03:32.632303,49.972019905854765,62.67496662237005,178.1659824772137,96.12900297525599,0,0
2026-02-20 13:03:42.632303,53.47768878782889,63.39640844297258,194.12066104671635,99.28400748141934,0,0
2026-02-20 13:03:52.632303,42.410631266595956,58.57188319677356,217.80766327039572,105.75205016106567,0,0
2026-02-20 13:04:02.632303,52.503328606906045,60.19909474872384,200.14126317256353,93.39678860526553,0,0
2026-02-20 13:04:12.632303,53.49414210101267,61.68389177755756,209.84037695985597,94.7396515733242,0,0
2026-02-20 13:04:22.632303,39.23328540064378,64.38861084701479,190.42325087983193,91.37224235956879,0,0
2026-02-20 13:04:32.632303,53.46739455956997,58.43194944032348,221.19872768093245,106.17005949576698,0,0
2026-02-20 13:04:42.632303,53.417846616002386,54.53617715519786,224.23887970772802,102.61250531233856,0,0
2026-02-20 13:04:52.632303,48.15361430376898,60.57355386936901,164.4752953420336,104.08652811480671,0,0
2026-02-20 13:05:02.632303,44.85314245908964,54.589318856625866,169.5528162756422,111.12688374989925,0,0
2026-02-20 13:05:12.632303,46.85368303153606,66.13491083966599,189.28397073895405,82.92642042407053,0,0
2026-02-20 13:05:22.632303,44.4173778002567,64.94324648002775,196.88203644126665,94.51712703509399,0,0
2026-02-20 13:05:32.632303,50.80009112926394,62.00713094467018,222.3479763180492,114.48499229892926,0,0
2026-02-20 13:05:42.632303,48.20115677105457,54.69580925567185,191.7306967775345,102.60280506582886,0,0
2026-02-20 13:05:52.632303,45.18120536894695,56.171396340419825,206.8757576309977,99.5134764842955,0,0
2026-02-20 13:06:02.632303,50.163984977057936,56.96601866119972,195.39198571588466,90.75766855731696,0,0
2026-02-20 13:06:12.632303,54.450992055623935,64.140997338895,163.07624275523813,90.7048913980759,0,0
2026-02-20 13:06:22.632303,42.51735372454961,57.39990426237241,198.33124060419277,85.5035478030147,0,0
2026-02-20 13:06:32.632303,45.390700934373434,55.98417051167401,204.14534658797888,100.6934433703625,0,0
2026-02-20 13:06:42.632303,46.391312233313734,60.70728348855759,189.0663983082547,97.28344889673947,0,0
2026-02-20 13:06:52.632303,58.36726045149268,65.3618442071614,174.00837526144804,108.29732417879174,0,0
2026-02-20 13:07:02.632303,54.05698277245796,55.40694684498953,216.3755528750972,115.37931918412554,0,0
2026-02-20 13:07:12.632303,44.38727596877793,56.329988715942946,220.35322933687004,102.71495310825648,0,0
2026-02-20 13:07:22.632303,52.757381376197614,61.36235686560199,207.81391841856288,86.73527871688917,0,0
2026-02-20 13:07:32.632303,55.23658853310724,64.6783599697111,195.41218511863946,99.56523050186138,0,0
2026-02-20 13:07:42.632303,42.34446248722139,62.05701902407134,211.44114883428287,99.37808983000689,0,0
2026-02-20 13:07:52.632303,55.621766799352514,58.66369107608024,211.292118517872,89.80335661307885,0,0
2026-02-20 13:08:02.632303,49.88223924562881,59.302582968388656,204.50615844081884,96.30473071166641,0,0
2026-02-20 13:08:12.632303,49.342637021641664,63.30418868576602,191.26471525523564,83.93422899261321,0,0
2026-02-20 13:08:22.632303,58.7479195210271,65.52581631476194,174.15474609788762,106.89707805245195,0,0
2026-02-20 13:08:32.632303,47.485126147243285,61.05394886132424,205.88448258026986,97.65592199683678,0,0
2026-02-20 13:08:42.632303,46.08117167206802,57.23783579073496,181.67616169037515,91.68177791769556,0,0
2026-02-20 13:08:52.632303,49.66410854975322,57.136960043556996,213.6410413142524,114.87246155335927,0,0
2026-02-20 13:09:02.632303,47.09973379314979,60.95761800214151,209.99370220605869,104.72002270919275,0,0
2026-02-20 13:09:12.632303,50.37977633958044,62.97072967343889,209.64497905361316,87.62337577672702,0,0
2026-02-20 13:09:22.632303,54.345780321946364,63.549163349066966,184.73427791642837,100.37937835447602,0,0
2026-02-20 13:09:32.632303,53.416644964055344,59.16274472168256,221.45956095532023,123.6387249461936,0,0
2026-02-20 13:09:42.632303,46.07006983682509,54.4758215873849,206.07637191209753,107.21562505126144,0,0
2026-02-20 13:09:52.632303,48.845668130776154,65.81304265328414,173.22788400553503,106.9291862303161,0,0
2026-02-20 13:10:02.632303,46.970695896205534,66.87751162482918,239.85030706336238,92.33343412216652,0,0
2026-02-20 13:10:12.632303,47.2522143204571,63.43835154791921,192.2573870042097,99.54588782067762,0,0
2026-02-20 13:10:22.632303,50.12694210271205,52.32130737520937,199.72324507811524,93.10272225935826,0,0
2026-02-20 13:10:32.632303,47.53438588800114,65.77452801387525,174.86986211441487,108.13205186747977,0,0
2026-02-20 13:10:42.632303,48.60518534834096,58.880959326016665,215.80743792103422,103.4005129456889,0,0
2026-02-20 13:10:52.632303,52.85306498609766,63.872738642131445,193.37383233633355,93.8776326549225,0,0
2026-02-20 13:11:02.632303,44.57424736721101,56.69835788008418,258.9818885061745,112.44679580736786,0,0
2026-02-20 13:11:12.632303,43.24462816895989,54.71016817302572,209.63732123436984,105.47264797377967,0,0
2026-02-20 13:11:22.632303,52.744419176586824,58.98017682578521,197.490914799942,103.27879524159357,0,0
2026-02-20 13:11:32.632303,50.429465031466655,51.12279850900986,195.40400738849613,91.48593565739687,0,0
2026-02-20 13:11:42.632303,50.87605709454256,71.94103601041364,207.34963330948608,96.86470313827603,0,0
2026-02-20 13:11:52.632303,54.60900750988626,61.93075154883685,208.40188980903682,106.06850593215671,0,0
2026-02-20 13:12:02.632303,60.28271782414771,55.476446258696335,209.47264153622908,90.73618870018461,0,0
2026-02-20 13:12:12.632303,52.77756323171124,56.325253954055626,191.6526637278983,97.04910085762094,0,0
2026-02-20 13:12:22.632303,54.87908359672355,63.673817775769656,175.0856524710723,100.5493411099985,0,0
2026-02-20 13:12:32.632303,46.45210072625414,54.96598035729866,195.6596589915126,96.9151721154418,0,0
2026-02-20 13:12:42.632303,62.13358243172761,61.73183930144278,172.44764998491524,94.35225995829057,0,0
2026-02-20 13:12:52.632303,55.106916477146996,68.3537710914797,168.28033375524083,81.20075614860954,0,0
2026-02-20 13:13:02.632303,59.35482587685891,61.558456709483615,182.63414536247268,105.34629086122435,0,0
2026-02-20 13:13:12.632303,36.82126130491561,60.01350202638864,206.5564234568617,109.2427013953783,0,0
2026-02-20 13:13:22.632303,44.93052023853731,60.34274864561343,181.49150747880824,102.55383755674318,0,0
2026-02-20 13:13:32.632303,45.52326838818488,58.367596643359114,180.08369210419542,106.51136241823657,0,0
2026-02-20 13:13:42.632303,54.29225558328333,59.06151772017034,200.76475989920056,85.51408585366455,0,0
2026-02-20 13:13:52.632303,48.50161675996606,59.79918153183302,252.4158618205995,88.88032974225837,0,0
2026-02-20 13:14:02.632303,57.320886193762185,63.98743509386323,205.61272808980272,117.58620484195134,0,0
2026-02-20 13:14:12.632303,51.860527363034315,61.55663678267172,198.9375869396491,112.23568882418627,0,0
2026-02-20 13:14:22.632303,55.482346169054416,57.49729085001515,173.61505610802465,97.97019362604343,0,0
2026-02-20 13:14:32.632303,45.999807178011764,59.74590170153858,224.74876269368278,95.4269834491321,0,0
2026-02-20 13:14:42.632303,49.78588309344212,60.23209093923358,216.96861764410568,77.53110666015395,0,0
2026-02-20 13:14:52.632303,46.96649852617352,60.84513476911789,224.00157912853723,95.08097552493795,0,0
2026-02-20 13:15:02.632303,40.617236469790626,62.47884578386454,187.2927522234874,88.1033334090964,0,0
2026-02-20 13:15:12.632303,46.87827305143388,59.261898569376605,187.90510670923575,77.9443394290093,0,0
2026-02-20 13:15:22.632303,54.48533098443566,65.09950016511489,213.03043982679011,88.62314329575183,0,0
2026-02-20 13:15:32.632303,48.99254233026241,59.97391473908217,211.9758877912382,106.68340488718081,0,0
2026-02-20 13:15:42.632303,46.329131006107524,60.32798222565424,209.14560809230483,114.55822322146767,0,0
2026-02-20 13:15:52.632303,53.522532699123616,63.156226749502075,201.6765325585872,114.10459145203504,0,0
2026-02-20 13:16:02.632303,52.04881397979749,56.55564835930572,228.0673994025038,106.97903272539028,0,0
2026-02-20 13:16:12.632303,47.78477989435759,58.082028130403025,205.93151090281523,104.63184795267584,0,0
2026-02-20 13:16:22.632303,50.98646132815603,61.245234693771536,233.9991474915276,110.71543152234887,0,0
2026-02-20 13:16:32.632303,50.95317795632512,63.765242323069934,179.34952192944922,103.97927049946809,0,0
2026-02-20 13:16:42.632303,59.04653174866555,59.127816418430506,183.0473214276183,93.4791111140694,0,0
2026-02-20 13:16:52.632303,44.55183481328806,56.86095236748918,192.5898380281994,85.94432980821358,0,0
2026-02-20 13:17:02.632303,50.07809166974801,63.60910869514659,181.8448763970616,115.19283923641768,0,0
2026-02-20 13:17:12.632303,52.55396044263797,64.12232234249623,186.84330892295725,108.54525227066615,0,0
2026-02-20 13:17:22.632303,44.54033049802344,63.560990003346035,203.43678679587063,105.53251219984784,0,0
2026-02-20 13:17:32.632303,44.12202697187574,56.41972063089358,211.9445643650677,90.51651995775799,0,0
2026-02-20 13:17:42.632303,52.316031460495616,54.53144877415902,216.96348425333338,87.67476685231492,0,0
2026-02-20 13:17:52.632303,52.76149968839761,62.502523734584,186.0645636314085,105.82026567084726,0,0
2026-02-20 13:18:02.632303,51.30221131666778,57.84463257522905,179.82890631847584,80.3737430832742,0,0
2026-02-20 13:18:12.632303,51.74825023649847,53.74078891455178,201.90688398882617,97.36551783917751,0,0
2026-02-20 13:18:22.632303,53.39571387719098,58.79181800204054,193.41104427305817,107.31870704288295,0,0
2026-02-20 13:18:32.632303,51.67529014542059,61.26462382873111,209.38535179617054,84.64427876792894,0,0
2026-02-20 13:18:42.632303,53.78394339993491,62.44987517605441,179.66633742847006,97.55919526325799,0,0
2026-02-20 13:18:52.632303,49.80346356186185,59.46201286239307,206.6771993313707,114.31366781831184,0,0
2026-02-20 13:19:02.632303,55.40883363836414,54.75112322627437,212.44139980612098,113.28933319535409,0,0
2026-02-20 13:19:12.632303,51.93404260344602,64.36392170074387,240.2454089140153,110.23709546106981,0,0
2026-02-20 13:19:22.632303,51.246542978208645,64.18035389633901,202.89775666193782,100.23903043284956,0,0
2026-02-20 13:19:32.632303,48.242928821431335,66.25365343532843,183.63142668115998,115.32367724678116,0,0
2026-02-20 13:19:42.632303,52.49932061870186,54.402775300792236,207.35298585982844,78.99973492348376,0,0
2026-02-20 13:19:52.632303,53.12754008415518,63.54092593195596,188.15288088695894,101.23547695955583,0,0
2026-02-20 13:20:02.632303,59.77078716875143,57.977013182952255,178.821848258868,114.81663402462598,0,0
2026-02-20 13:20:12.632303,59.81293595265397,60.01478268739139,220.22926070816712,113.41475915530881,0,0
2026-02-20 13:20:22.632303,46.28757883730808,58.05877665852853,224.6174902630947,116.85014278708509,0,0
2026-02-20 13:20:32.632303,52.81440430087177,56.480742585991784,239.74122223398882,94.69029102188036,0,0
2026-02-20 13:20:42.632303,48.32431109414274,61.369351337958484,231.08320841429548,108.53975976552223,0,0
2026-02-20 13:20:52.632303,52.07432750180955,61.853154120472425,200.87029337286933,105.58139514518507,0,0
2026-02-20 13:21:02.632303,37.352199611528484,58.813570163720804,204.8264386983356,88.48985916380494,0,0
2026-02-20 13:21:12.632303,51.931616589057796,59.18211511605551,235.1095139663098,115.73019725214857,0,0
2026-02-20 13:21:22.632303,47.670972154409185,59.39664915373322,198.52104868783215,95.48340523840378,0,0
2026-02-20 13:21:32.632303,50.97512492014064,56.96687172444964,177.38769330124947,106.22711223900268,0,0
2026-02-20 13:21:42.632303,53.147647921109055,56.78273696136003,217.90710861525199,93.68422270834668,0,0
2026-02-20 13:21:52.632303,51.265826190189905,63.28137605044982,199.32774870592573,104.54740912141135,0,0
2026-02-20 13:22:02.632303,47.41785178056214,59.21413366628761,195.8828113823932,92.53421653459762,0,0
2026-02-20 13:22:12.632303,49.11612918442109,53.80552680454501,190.17692505715792,97.15124506630329,0,0
2026-02-20 13:22:22.632303,48.7191012375231,59.03401021651688,198.76471600279743,104.79441518086064,0,0
2026-02-20 13:22:32.632303,54.37258537066261,57.40093909260693,175.9359828922171,89.57955587756896,0,0
2026-02-20 13:22:42.632303,47.563985394025366,58.59231472873396,184.60007867605086,87.03883335750106,0,0
2026-02-20 13:22:52.632303,47.71939586262906,60.725706480455884,211.9005893167113,94.42576946891678,0,0
2026-02-20 13:23:02.632303,47.93501088928283,56.29320676461076,199.37121659250448,91.51571365809185,0,0
2026-02-20 13:23:12.632303,52.865639066206,52.85653403226355,192.80740655095076,103.01107339191742,0,0
2026-02-20 13:23:22.632303,50.91917258161252,70.77213465592199,206.99600049135816,89.9594540315799,0,0
2026-02-20 13:23:32.632303,49.522678764554634,52.895014666134195,198.3880050140648,91.66943942999241,0,0
2026-02-20 13:23:42.632303,54.57695137780081,57.80183890161786,197.66468168409506,93.64442158595597,0,0
2026-02-20 13:23:52.632303,58.69425675926666,58.71502893552835,236.65114086958403,108.14151762118266,0,0
2026-02-20 13:24:02.632303,52.41033363667693,61.47493258927008,207.87594596432504,80.72327420654389,0,0
2026-02-20 13:24:12.632303,48.60558302924622,63.380631884737284,199.0220563305179,85.94810153196426,0,0
2026-02-20 13:24:22.632303,49.73797774711265,66.81642206502197,224.9378343106944,99.37995990633968,0,0
2026-02-20 13:24:32.632303,54.75724638529043,58.53397191852779,165.92256826346562,90.75534011870445,0,0
2026-02-20 13:24:42.632303,57.81444384254099,58.90402767268278,195.13232041249964,97.00161803725119,0,0
2026-02-20 13:24:52.632303,59.52068294786503,66.50383566144825,244.3756046689627,98.40954789599948,0,0
2026-02-20 13:25:02.632303,51.47812244373547,53.93342980231684,229.53868852236548,88.32220448732065,0,0
2026-02-20 13:25:12.632303,51.08387781881314,55.61078988946862,188.22266346522608,91.627375689503,0,0
2026-02-20 13:25:22.632303,46.960623696620914,57.84350918740409,189.03462410149845,108.33333911780306,0,0
2026-02-20 13:25:32.632303,44.4756860346874,60.88216570805547,224.35918304611118,94.86803635486604,0,0
2026-02-20 13:25:42.632303,46.41040554626199,59.077901499278994,223.5945041672142,101.94107630953357,0,0
2026-02-20 13:25:52.632303,47.34392852696201,61.935506604752156,177.95415700327152,106.81359510442948,0,0
2026-02-20 13:26:02.632303,52.04303653850884,58.768766115444464,183.22828403105538,91.13319077716542,0,0
2026-02-20 13:26:12.632303,52.67408668172955,64.91592200995625,187.2538450594241,104.58386703551484,0,0
2026-02-20 13:26:22.632303,39.564864906989655,57.6615290773712,199.37882134258197,90.90316583018166,0,0
2026-02-20 13:26:32.632303,45.31746812605202,57.328881774124454,205.84385456652745,98.12670981593625,0,0
2026-02-20 13:26:42.632303,38.808843833375136,51.51719938945973,187.8626964428565,104.57686586053552,0,0
2026-02-20 13:26:52.632303,36.26247578637383,58.00107929539348,189.4750428696516,113.88337778208448,0,0
2026-02-20 13:27:02.632303,48.07489094143568,61.53195593896371,202.82514280174925,78.694335201928,0,0
2026-02-20 13:27:12.632303,53.841036083158684,60.861586021825154,210.1653727934918,139.26237706436325,0,0
2026-02-20 13:27:22.632303,39.57943530250706,66.89878659904443,194.2510496119929,102.87328904403009,0,0
2026-02-20 13:27:32.632303,49.77243877349379,58.303054666407824,188.60334143522482,103.29508735573009,0,0
2026-02-20 13:27:42.632303,42.4141315166416,63.00231667008706,191.6761119022949,88.69930660959642,0,0
2026-02-20 13:27:52.632303,47.749935710020935,65.02859686745029,189.29329825967554,103.5845361820962,0,0
2026-02-20 13:28:02.632303,46.34521862142263,63.031687399694476,213.71015477580409,118.48608833296412,0,0
2026-02-20 13:28:12.632303,49.122180272503925,62.67461921903163,201.96135079077888,112.95871781863015,0,0
2026-02-20 13:28:22.632303,46.405838061956345,62.98002125150912,196.10605407766636,99.35811822891502,0,0
2026-02-20 13:28:32.632303,50.45876242224186,61.00896158570671,197.67541913756082,102.14713183170527,0,0
2026-02-20 13:28:42.632303,57.89059028781092,63.941798742460875,217.38309184993793,95.44460473976129,0,0
2026-02-20 13:28:52.632303,45.55379585885838,63.82120223295101,217.5209358505959,114.72670675750982,0,0
2026-02-20 13:29:02.632303,46.98009687015385,59.08180537855861,167.2103167494913,96.07528893939127,0,0
2026-02-20 13:29:12.632303,54.982852552897235,58.13401848308721,212.80959590401648,98.09496894002189,0,0
2026-02-20 13:29:22.632303,51.6202851411078,55.40923444073733,201.704188992678,70.08864029099277,0,0
2026-02-20 13:29:32.632303,49.06551920919008,53.47810702513944,224.11989033093633,107.77407352764511,0,0
2026-02-20 13:29:42.632303,52.333354909830405,66.08402490863752,181.02166958350324,117.47363197915558,0,0
2026-02-20 13:29:52.632303,54.66095782130192,59.053778851124214,222.71240294365887,88.93706487588366,0,0
2026-02-20 13:30:02.632303,45.87742919236163,57.5656411070412,189.4204458387197,89.43442357239748,0,0
2026-02-20 13:30:12.632303,56.11541533547663,58.964582398520676,207.0500993671376,94.2964863358632,0,0
2026-02-20 13:30:22.632303,40.896983497257416,61.08022943356569,161.75490049160447,99.31365953914532,0,0
2026-02-20 13:30:32.632303,43.15842480583595,67.94910399692323,218.22725444349445,101.0575379127148,0,0
2026-02-20 13:30:42.632303,56.318533388273345,56.61473609013706,210.86958757340187,101.99810433718713,0,0
2026-02-20 13:30:52.632303,51.32010040666835,65.08941400042707,214.64984205559605,102.88723662825024,0,0
2026-02-20 13:31:02.632303,41.72556281885852,56.15981481888215,197.5458213280855,100.93372374276652,0,0
2026-02-20 13:31:12.632303,44.34898137663038,69.64670670231368,230.32788110507147,106.02118320392483,0,0
2026-02-20 13:31:22.632303,50.360184306418724,59.15116412039539,180.96163079955528,100.77480518518863,0,0
2026-02-20 13:31:32.632303,51.288762700713754,55.0329576980735,206.68352834489795,98.44740951175251,0,0
2026-02-20 13:31:42.632303,40.46096221061305,56.55845995688199,191.72788933156713,118.8768765734019,0,0
2026-02-20 13:31:52.632303,52.78276562266879,54.65807372360044,209.72072578835275,84.52696011061634,0,0
2026-02-20 13:32:02.632303,55.41345526943537,58.11550139272848,198.12727622521658,113.2579664754219,0,0
2026-02-20 13:32:12.632303,43.56418215707875,54.41152725954804,188.3280134730799,110.38378851019317,0,0
2026-02-20 13:32:22.632303,42.40326962261579,48.67137760755772,190.97682283182002,105.51740799910921,0,0
2026-02-20 13:32:32.632303,56.00130874869414,58.1473545516584,191.77146785767997,111.53900734255747,0,0
2026-02-20 13:32:42.632303,40.6512915015229,58.445916899267964,203.80847779850114,104.49218721285034,0,0
2026-02-20 13:32:52.632303,47.450966534045584,60.137764046823364,150.2334529317402,93.41751587666151,0,0
2026-02-20 13:33:02.632303,52.26754356277234,56.070823862981285,201.17968443179194,104.46872500802698,0,0
2026-02-20 13:33:12.632303,48.287253995711175,60.681855083986285,180.74534869430775,97.93388720303953,0,0
2026-02-20 13:33:22.632303,53.05108084794611,60.62789184387373,188.26937460872128,102.24216404290793,0,0
2026-02-20 13:33:32.632303,53.57304895318309,51.80023488569009,223.18148129911796,96.63745261318928,0,0
2026-02-20 13:33:42.632303,52.12744966620115,64.78898769458091,172.56652605539068,92.90558997572454,0,0
2026-02-20 13:33:52.632303,48.55725652062148,56.86498591550229,234.69873151673616,91.43227906173207,0,0
2026-02-20 13:34:02.632303,47.22226610256567,60.81755612641191,175.95700947847823,96.04319288243737,0,0
2026-02-20 13:34:12.632303,51.587266306250875,58.66855838246995,198.13226282200102,94.70667887551629,0,0
2026-02-20 13:34:22.632303,42.427648454096165,61.28637284535695,235.09866143294482,100.18401630783438,0,0
2026-02-20 13:34:32.632303,51.126320586237746,62.77089102046744,174.613390069066,117.02514658129606,0,0
2026-02-20 13:34:42.632303,51.01164398211401,66.52742759635643,185.33934008952022,118.18061922557825,0,0
2026-02-20 13:34:52.632303,53.875777470173915,62.21216034340944,204.68048908706297,97.5147138192555,0,0
2026-02-20 13:35:02.632303,56.00265829236936,60.561439479392185,160.65860592825695,88.82813538292997,0,0
2026-02-20 13:35:12.632303,49.07077123903626,61.23999593266222,198.8682302220021,112.18970789793663,0,0
2026-02-20 13:35:22.632303,40.24449067980687,60.57435174602064,163.64041549225692,107.59712295484168,0,0
2026-02-20 13:35:32.632303,49.52770642778999,61.67843988809647,182.7223407882047,112.7946493165775,0,0
2026-02-20 13:35:42.632303,55.20862332029426,62.33417721204755,197.4096550627312,105.79857285295132,0,0
2026-02-20 13:35:52.632303,46.465537160063256,63.42222263608285,232.9896178864784,110.70610559979187,0,0
2026-02-20 13:36:02.632303,46.351987650962954,61.44566926909241,174.13716912482704,105.72390311175675,0,0
2026-02-20 13:36:12.632303,52.253017064312694,52.52073464187134,176.76432312175274,97.16861103256232,0,0
2026-02-20 13:36:22.632303,48.49570126429587,55.162092258324776,207.77957458704367,102.51473608940512,0,0
2026-02-20 13:36:32.632303,49.0286543401074,56.97683399936655,220.97414252833127,116.55407113088296,0,0
2026-02-20 13:36:42.632303,47.58219258076731,57.55133233138072,209.82415330823991,96.41970620253014,0,0
2026-02-20 13:36:52.632303,49.30301399668383,62.95861260689868,161.81287824985415,113.1830232485267,0,0
2026-02-20 13:37:02.632303,50.363402621646706,58.354027421751276,198.215316915571,99.62429355020518,0,0
2026-02-20 13:37:12.632303,41.343993482775375,65.97975290981294,200.82651264541238,104.43002130447375,0,0
2026-02-20 13:37:22.632303,54.757748852870215,55.915350169758796,209.46943798070458,97.32358909101207,0,0
2026-02-20 13:37:32.632303,54.23385387608247,51.49109031859402,198.01811399517462,93.97179344216039,0,0
2026-02-20 13:37:42.632303,52.16131475317078,61.88017674947281,185.84748210355949,92.87826135823957,0,0
2026-02-20 13:37:52.632303,49.446673157213354,56.41343109073917,216.83967390904255,96.30792799552555,0,0
2026-02-20 13:38:02.632303,35.46505890339179,58.500711773512776,179.22912358312055,83.68724184539055,0,0
2026-02-20 13:38:12.632303,43.81286680888714,60.43763388733188,226.57281656496463,103.1318447386498,0,0
2026-02-20 13:38:22.632303,46.9674830589213,61.82361678068281,190.81819379562018,93.05399630836855,0,0
2026-02-20 13:38:32.632303,44.22818665883508,52.99268477299312,192.2015258688111,101.58053489920133,0,0
2026-02-20 13:38:42.632303,49.51688164992555,58.336132288210564,181.08507878606437,106.08246191684968,0,0
2026-02-20 13:38:52.632303,43.41434040026708,63.1041116553739,179.95565962146551,92.47564762646965,0,0
2026-02-20 13:39:02.632303,42.666074046921615,57.99439141245745,219.50624916955957,105.15628088443957,0,0
2026-02-20 13:39:12.632303,54.892110560140175,62.08857018373574,177.92660342939263,96.69210775672443,0,0
2026-02-20 13:39:22.632303,46.099004354412685,65.32229961615616,176.06422707147377,108.93697689389111,0,0
2026-02-20 13:39:32.632303,54.46476935054385,67.31848080686434,191.80626814741007,107.12322159580162,0,0
2026-02-20 13:39:42.632303,61.40825918269421,57.52943329226521,169.29919504935282,81.19989966092237,0,0
2026-02-20 13:39:52.632303,53.563560144306656,52.46739916776566,192.55361894124155,104.37313187038961,0,0
2026-02-20 13:40:02.632303,50.92587768414957,61.70177945673669,204.44579711601708,112.78865813313394,0,0
2026-02-20 13:40:12.632303,45.23841809630601,57.292019446165874,184.54681109458352,108.3019181186261,0,0
2026-02-20 13:40:22.632303,54.50199294197532,61.804901277274034,223.66987333779855,88.2195913262362,0,0
2026-02-20 13:40:32.632303,58.336120557755685,66.09295448684904,214.71243994491493,117.8179890877106,0,0
2026-02-20 13:40:42.632303,41.71688396161113,57.90220745494939,185.29393078636096,107.21479323757343,0,0
2026-02-20 13:40:52.632303,44.749296301989276,63.02998059734994,227.41072287993427,106.95202900084,0,0
2026-02-20 13:41:02.632303,51.41875511830751,56.048506636397,183.0629806774927,112.49618905296667,0,0
2026-02-20 13:41:12.632303,53.89674501952666,59.84392192248983,191.6418090846822,79.74192126888623,0,0
2026-02-20 13:41:22.632303,44.64573790657781,67.6456763485589,174.39088857995065,101.8947982122108,0,0
2026-02-20 13:41:32.632303,55.03721986597599,54.98030932799083,203.69420949562166,109.37915537510655,0,0
2026-02-20 13:41:42.632303,50.062496609536254,71.47361222266707,166.62801482243609,110.5872852988388,0,0
2026-02-20 13:41:52.632303,49.135991313017676,63.0876806193467,208.82614303398492,92.66843802890003,0,0
2026-02-20 13:42:02.632303,51.144981962296704,52.56839419440685,212.06495001142787,102.98158465990525,0,0
2026-02-20 13:42:12.632303,53.19330084321551,64.2324733003486,207.35239680419423,101.48089419798276,0,0
2026-02-20 13:42:22.632303,45.59465831669354,57.1511169454038,223.73469240354663,114.36335405705978,0,0
2026-02-20 13:42:32.632303,48.80944781843973,60.184010989013096,181.9077125001247,111.72756845267445,0,0
2026-02-20 13:42:42.632303,53.32708411845889,67.764869745855,182.43353845640522,96.21992100981782,0,0
2026-02-20 13:42:52.632303,51.15722961262786,62.58595815090308,195.68664724904735,91.270389095463,0,0
2026-02-20 13:43:02.632303,54.40703764461786,62.884541450182326,181.6745179887255,113.55442801105495,0,0
2026-02-20 13:43:12.632303,55.850993545983016,60.53718598899117,201.59195724752072,105.54057771115907,0,0
2026-02-20 13:43:22.632303,45.691484648718706,60.12012591665633,156.9523291078164,108.76455645502935,0,0
2026-02-20 13:43:32.632303,42.1925338877907,66.013679313716,193.397598120671,97.88333018068823,0,0
2026-02-20 13:43:42.632303,46.861330469577474,58.847844504311695,228.37062690296074,75.1219134346492,0,0
2026-02-20 13:43:52.632303,56.38482693044094,61.35209392440683,175.8595670428557,89.24687606950762,0,0
2026-02-20 13:44:02.632303,58.38196513604102,56.21797248022907,176.93298978808082,111.37314542364729,0,0
2026-02-20 13:44:12.632303,51.69276438142957,56.248297693854404,204.33249950809238,89.74247316359723,0,0
2026-02-20 13:44:22.632303,55.50410699211302,64.24548385949254,210.64012397643887,103.61661061247017,0,0
2026-02-20 13:44:32.632303,58.80594062433687,59.9987453095529,176.362517491584,104.49473912832306,0,0
2026-02-20 13:44:42.632303,60.43023524768557,55.94096202725659,192.7707446661203,104.16446038101452,0,0
2026-02-20 13:44:52.632303,49.7304757549713,56.07078567849074,222.43715712460943,123.2004072201726,0,0
2026-02-20 13:45:02.632303,50.980657295119535,56.383726841055996,169.0207894989305,102.5797598122118,0,0
2026-02-20 13:45:12.632303,55.51938671658129,61.90067098598153,199.95192318162293,94.10728348210694,0,0
2026-02-20 13:45:22.632303,44.539181836409554,63.33900530529953,218.2754324277117,84.54270213309266,0,0
2026-02-20 13:45:32.632303,57.94919489090342,62.29628488357601,227.99189290291588,86.57872251514885,0,0
2026-02-20 13:45:42.632303,43.17087922292281,59.40412276093081,210.05568853790388,117.96360822926964,0,0
2026-02-20 13:45:52.632303,53.53039456907566,59.029274892751864,179.47261584668215,112.3000057271915,0,0
2026-02-20 13:46:02.632303,45.176472871246425,66.51387421908929,194.3123070078698,115.9058207261785,0,0
2026-02-20 13:46:12.632303,53.394656450296395,59.452018042230165,189.61207256347745,96.59092122653921,0,0
2026-02-20 13:46:22.632303,52.14158346187619,60.308625984870865,188.12377183862588,98.34368589682367,0,0
2026-02-20 13:46:32.632303,50.39288514859575,51.48506362234075,209.16336229577396,90.20278775283194,0,0
2026-02-20 13:46:42.632303,44.233337983971275,53.25062261155716,164.1221500426422,86.44552496887711,0,0
2026-02-20 13:46:52.632303,46.45489521184755,67.81303655010628,189.4824064820959,101.77750106268032,0,0
2026-02-20 13:47:02.632303,52.00240693253164,60.5242607448634,198.45113078548013,88.04706236400756,0,0
2026-02-20 13:47:12.632303,57.25463774139606,67.22878657455153,166.3468261175463,89.7597140911362,0,0
2026-02-20 13:47:22.632303,48.60094828811497,56.141848820359236,210.11931106911732,92.71727797593387,0,0
2026-02-20 13:47:32.632303,60.825280339033014,64.76219437737439,204.2514806126443,110.26986263319732,0,0
2026-02-20 13:47:42.632303,55.52950212178654,57.74421004776703,183.67565510916072,100.78143062969647,0,0
2026-02-20 13:47:52.632303,54.30818062248972,60.556241594613674,168.46007035618004,91.97175556049157,0,0
2026-02-20 13:48:02.632303,49.63013568202811,59.697337582696676,239.45084353579617,86.14012057601002,0,0
2026-02-20 13:48:12.632303,52.527946209179376,65.95645243331316,245.42899490845593,95.95602576816039,0,0
2026-02-20 13:48:22.632303,52.457147263601,62.279041428794585,203.9096346310658,99.01154798760695,0,0
2026-02-20 13:48:32.632303,52.17987694750023,49.871015659121255,213.64138980125261,101.26177903661967,0,0
2026-02-20 13:48:42.632303,48.88762551610867,68.18744878287823,186.50131962418897,95.9692401093497,0,0
2026-02-20 13:48:52.632303,59.95776651102367,56.67175478060057,188.9976943412692,98.5297457656915,0,0
2026-02-20 13:49:02.632303,54.20367241064775,60.831210029413256,174.14749305695474,94.67831436872811,0,0
2026-02-20 13:49:12.632303,46.963227833938944,59.691115819107814,208.51687317259658,104.18205755887972,0,0
2026-02-20 13:49:22.632303,41.11994122975799,64.25576395024342,205.05137691993247,113.84532047593906,0,0
2026-02-20 13:49:32.632303,52.22099163645336,64.40529183094304,209.33090622900255,113.46225756202747,0,0
2026-02-20 13:49:42.632303,52.611253180088895,59.608339014228385,245.44869440893763,108.89037122279892,0,0
2026-02-20 13:49:52.632303,52.868722105022066,54.894782333846656,174.23384765072925,102.92715482141854,0,0
2026-02-20 13:50:02.632303,50.727605988841205,57.54350973996674,202.8196539922412,115.88626928043595,0,0
2026-02-20 13:50:12.632303,53.477012372751496,55.435965960989044,197.76982345714111,91.9503351914744,0,0
2026-02-20 13:50:22.632303,48.06150041795719,58.34553733748143,190.4470883479199,87.44864628026605,0,0
2026-02-20 13:50:32.632303,49.36172659240905,57.75756945261076,141.41102619995465,120.52972024501663,0,0
2026-02-20 13:50:42.632303,55.44384827108336,58.49479710030002,200.37638099481197,88.28345652682438,0,0
2026-02-20 13:50:52.632303,58.47861438905433,67.58915477909244,203.1338745649305,110.23530644185345,0,0
2026-02-20 13:51:02.632303,50.87643389466962,54.65309824449628,191.76353262072686,101.31927966771957,0,0
2026-02-20 13:51:12.632303,47.72726140628278,59.125386890259854,198.1720088498177,99.19121502134539,0,0
2026-02-20 13:51:22.632303,50.26129245248742,55.757579734413596,185.65967701744128,87.1541573430003,0,0
2026-02-20 13:51:32.632303,54.889077748431,51.5774122326387,223.0718068663385,113.86349397262843,0,0
2026-02-20 13:51:42.632303,48.489097065086895,49.5874516486908,192.77378876065418,99.35815838711181,0,0
2026-02-20 13:51:52.632303,44.947008900355435,57.93912642476703,230.60390397726704,106.64927162301741,0,0
2026-02-20 13:52:02.632303,45.3771794281095,53.60960332161827,193.45965364780457,97.86543220649561,0,0
2026-02-20 13:52:12.632303,52.48099593681658,57.85873314972936,210.22999150723723,119.35154040060229,0,0
2026-02-20 13:52:22.632303,54.07750511222131,59.80764597067691,196.3369905789341,96.43326865820129,0,0
2026-02-20 13:52:32.632303,55.903204562260726,57.490746216194786,200.90445417999965,100.51197901881085,0,0
2026-02-20 13:52:42.632303,47.49107903594234,54.5101378084636,206.45949007235336,99.38996028144616,0,0
2026-02-20 13:52:52.632303,52.50120234718285,57.86559877424333,224.41642597626097,91.23226218788156,0,0
2026-02-20 13:53:02.632303,58.56020142008946,53.009453960686955,208.6954012911378,104.75430682526624,0,0
2026-02-20 13:53:12.632303,46.02221466029559,61.69757575144405,225.5903733952032,77.83181160645935,0,0
2026-02-20 13:53:22.632303,52.513724037454075,50.026916718679686,180.68670392953584,116.29166364900945,0,0
2026-02-20 13:53:32.632303,47.09108983303973,55.30448014236411,196.04124542030635,120.67906338163553,0,0
2026-02-20 13:53:42.632303,40.84158876396987,55.79476035344262,229.94863366359252,118.57702343537733,0,0
2026-02-20 13:53:52.632303,49.48284387854858,55.04378918989343,241.91687003618318,115.94442391749197,0,0
2026-02-20 13:54:02.632303,53.39473493881116,56.75039060425032,199.01941318323927,98.39639918955169,0,0
2026-02-20 13:54:12.632303,51.65425652307789,65.80400575252534,217.58834082274805,89.22623923015242,0,0
2026-02-20 13:54:22.632303,56.88248225009769,61.252528560052625,213.74131591717833,114.66540859278604,0,0
2026-02-20 13:54:32.632303,44.442098752432244,59.85669768517415,189.3709089728157,84.32140574634545,0,0
2026-02-20 13:54:42.632303,51.7335498880246,70.04622620633769,163.19844510988494,99.67719388950529,0,0
2026-02-20 13:54:52.632303,53.20271467537387,60.492312806624724,197.73743894968518,87.00783636554176,0,0
2026-02-20 13:55:02.632303,51.16393371470082,56.97294409193629,156.20156590042893,111.94592220513731,0,0
2026-02-20 13:55:12.632303,54.791929099210215,60.20664390740432,204.58149376411404,110.74318012715561,0,0
2026-02-20 13:55:22.632303,51.12169828389041,63.616070219045255,194.050355982523,113.11983738573946,0,0
2026-02-20 13:55:32.632303,51.60392862966342,60.7762077744235,174.59877822575936,102.86955854301709,0,0
2026-02-20 13:55:42.632303,45.840225412527744,57.44686909388602,183.69248743367757,89.33765068100774,0,0
2026-02-20 13:55:52.632303,60.62385701508481,65.32535624795361,238.40735004288524,87.77104980444436,0,0
2026-02-20 13:56:02.632303,50.35626874955446,54.825969499183614,186.0861024560587,90.81873016583425,0,0
2026-02-20 13:56:12.632303,56.197920032207804,58.41508128759296,221.36758667388034,106.04120889588518,0,0
2026-02-20 13:56:22.632303,61.51819376052394,54.0822231074411,225.18466479573598,111.46440870400727,0,0
2026-02-20 13:56:32.632303,45.13310580986483,64.02853334589264,206.72289926052457,97.72523740046593,0,0
2026-02-20 13:56:42.632303,45.880322565140006,57.12356219420326,240.9962419157185,100.00682818957483,0,0
2026-02-20 13:56:52.632303,53.910650007657296,56.836402473329784,184.4029410755672,110.81984809249943,0,0
2026-02-20 13:57:02.632303,43.25211894224234,58.339144928378914,200.68054822144464,101.11372601840053,0,0
2026-02-20 13:57:12.632303,49.104533574919216,61.583279124383694,213.85711511635623,107.3463754545933,0,0
2026-02-20 13:57:22.632303,45.07098095666087,58.86337960828481,223.89525723753874,108.94647187573872,0,0
2026-02-20 13:57:32.632303,43.13570274259468,61.405919601408804,160.4354950125038,100.4693490206037,0,0
2026-02-20 13:57:42.632303,59.48883508372988,56.20842913092405,183.31353909016835,107.6402978157286,0,0
2026-02-20 13:57:52.632303,42.28599242395177,57.46897988045984,211.92882275163504,93.65714152310596,0,0
2026-02-20 13:58:02.632303,48.82015006394514,62.97674284126014,208.43092167073124,102.66818396295402,0,0
2026-02-20 13:58:12.632303,48.304388603649805,61.48024446107582,197.52534639800487,104.57805609925785,0,0
2026-02-20 13:58:22.632303,47.51533987441011,59.26972410248184,180.20084414895973,99.64992389993765,0,0
2026-02-20 13:58:32.632303,45.94499568185577,55.54381419935203,205.17322295710775,102.1273977585766,0,0
2026-02-20 13:58:42.632303,53.91436867474286,58.2754977216996,208.16105693673512,105.50797572273663,0,0
2026-02-20 13:58:52.632303,52.223869039157975,56.69738526879143,202.98726964542377,103.64140296054661,0,0
2026-02-20 13:59:02.632303,50.03589233453971,51.65408936651566,203.2097924794696,122.12531039397243,0,0
2026-02-20 13:59:12.632303,48.19980365621509,57.087691608578716,207.46697119422797,103.12378210466572,0,0
2026-02-20 13:59:22.632303,55.96367582708207,54.96852737636445,214.62760505149984,105.90422061251464,0,0
2026-02-20 13:59:32.632303,49.289267315297266,61.35474927168676,220.58914963196713,108.7231538002845,0,0
2026-02-20 13:59:42.632303,44.28490343963136,63.28063274702194,198.70622789934964,100.72874098015515,0,0
2026-02-20 13:59:52.632303,50.36598495500847,59.39902804480696,223.8341499421413,99.16282040150789,0,0
2026-02-20 14:00:02.632303,44.402269358084155,58.42588057612109,203.57389433620952,112.29214784297051,0,0
2026-02-20 14:00:12.632303,53.015473424744165,56.597858885011824,249.70379833357782,102.6477531097798,0,0
2026-02-20 14:00:22.632303,56.37695368999508,59.39314226569108,210.667184894109,108.39468504518405,0,0
2026-02-20 14:00:32.632303,56.09097355877128,64.2294732215129,217.44394000145957,96.84913268805892,0,0
2026-02-20 14:00:42.632303,47.141269790219695,61.33043004129679,218.66256144682137,97.77279299223393,0,0
2026-02-20 14:00:52.632303,55.325859828571936,65.81046698194471,181.6735816185316,91.6307929620372,0,0
2026-02-20 14:01:02.632303,49.29812470547332,61.23045067275679,189.50865972465897,113.52202678867144,0,0
2026-02-20 14:01:12.632303,52.12033430759226,60.15778819296296,171.28180952262946,86.84184183572492,0,0
2026-02-20 14:01:22.632303,51.40504625140903,51.46961749538065,220.25274819288143,98.4184615562768,0,0
2026-02-20 14:01:32.632303,66.21546484797366,69.23166500246444,196.37101861504968,98.93662997468685,0,0
2026-02-20 14:01:42.632303,54.977907570010146,66.81269043967215,167.23941885127965,82.13624534645314,0,0
2026-02-20 14:01:52.632303,46.889825972228095,62.33095033269546,209.93747181015195,110.69771454983851,0,0
2026-02-20 14:02:02.632303,44.00151235817346,50.73542454812449,217.1602839060429,91.71803727034765,0,0
2026-02-20 14:02:12.632303,39.90756067805681,60.58025498383753,215.86351376437355,98.77942867878723,0,0
2026-02-20 14:02:22.632303,47.710758069087554,59.36255107141638,192.58834475198435,86.51952888059833,0,0
2026-02-20 14:02:32.632303,46.42659661504784,62.08511962005526,206.43357082753,101.6805980596682,0,0
2026-02-20 14:02:42.632303,45.0242575907331,59.27398735145733,156.45869907114292,101.7847666388539,0,0
2026-02-20 14:02:52.632303,57.14428853906784,54.103471471831575,188.2814465336449,103.2910677871013,0,0
2026-02-20 14:03:02.632303,56.26421317213742,58.2071015347994,186.15499341468208,80.31076857583918,0,0
2026-02-20 14:03:12.632303,50.517190646540534,68.16830416057498,205.5471692392935,99.77721020816287,0,0
2026-02-20 14:03:22.632303,51.61041155383493,59.95563198420559,183.7397125547974,108.23279915677705,0,0
2026-02-20 14:03:32.632303,51.12880761555877,60.07045300773463,180.492679454435,113.03507931934759,0,0
2026-02-20 14:03:42.632303,53.32351372666555,57.78831665053079,220.03649707363874,95.02429161614793,0,0
2026-02-20 14:03:52.632303,46.08998253744482,56.96118753007885,164.57862893823818,104.71542380418205,0,0
2026-02-20 14:04:02.632303,40.84427560830825,55.08622467493695,158.48823981842935,99.13930307209107,0,0
2026-02-20 14:04:12.632303,49.24839769864064,58.69321514725454,179.14844610658847,88.2776624656336,0,0
2026-02-20 14:04:22.632303,52.32184931773287,57.79779227316605,206.32716643072288,91.14751313875777,0,0
2026-02-20 14:04:32.632303,50.90531371385541,65.21311214926425,211.72331600785566,95.8758618178352,0,0
2026-02-20 14:04:42.632303,51.285994851779634,59.03733930187915,200.15760369389457,96.74388947851496,0,0
2026-02-20 14:04:52.632303,49.17832397057305,60.8483734122967,180.13282600836098,89.84121173010021,0,0
2026-02-20 14:05:02.632303,43.05728723084395,53.59891558198516,175.65434615559042,101.5946250680413,0,0
2026-02-20 14:05:12.632303,45.53606242254058,62.05445785692439,200.69427497505123,80.31495786561946,0,0
2026-02-20 14:05:22.632303,53.27487792110845,63.24319458236684,180.12274650330295,104.20191542894992,0,0
2026-02-20 14:05:32.632303,45.71750881295401,60.39068150699334,174.7100318609007,82.06893547465424,0,0
2026-02-20 14:05:42.632303,48.085914051935156,59.505084214900656,192.0464061277079,88.1596944177744,0,0
2026-02-20 14:05:52.632303,48.00050468934432,61.077179010322936,199.10213939754925,101.82501030599214,0,0
2026-02-20 14:06:02.632303,46.64942399772884,64.68687165886463,176.47653326890438,104.87560297086719,0,0
2026-02-20 14:06:12.632303,55.909455464799805,61.923632370995584,195.9495154587034,94.71702953337021,0,0
2026-02-20 14:06:22.632303,55.18043825523128,54.308100298953306,180.59751479240714,96.02442234508278,0,0
2026-02-20 14:06:32.632303,56.18826878755999,61.51907054416358,180.63908482979508,96.89692294615097,0,0
2026-02-20 14:06:42.632303,46.928384279518525,57.16084403106586,219.57779117113557,86.28256870736494,0,0
2026-02-20 14:06:52.632303,58.04390427867187,63.31291876073849,221.81723341207396,95.37060487974742,0,0
2026-02-20 14:07:02.632303,49.250296404604455,54.267392741901155,189.50675185866393,104.93654847643151,0,0
2026-02-20 14:07:12.632303,56.48031530890698,55.571372732790195,192.68988126029467,98.48700779767478,0,0
2026-02-20 14:07:22.632303,43.021053989037576,62.365396967033604,185.5201933651478,98.04609648822976,0,0
2026-02-20 14:07:32.632303,47.740253140440615,56.8426459771213,199.8591002903889,97.84390421431978,0,0
2026-02-20 14:07:42.632303,48.14071058860667,57.08615351327863,206.3904934156591,116.53617268492285,0,0
2026-02-20 14:07:52.632303,50.69943616419564,63.98447285964451,172.19556149693074,101.57761439293769,0,0
2026-02-20 14:08:02.632303,44.513158405144665,54.0923002898724,185.21257185081927,111.91899334413573,0,0
2026-02-20 14:08:12.632303,54.75007914334823,60.9720188882176,169.3459888022014,98.03719348612063,0,0
2026-02-20 14:08:22.632303,51.50850004450868,60.70214491831439,163.12412833038508,91.09682151980128,0,0
2026-02-20 14:08:32.632303,49.67961117925642,62.14516363806876,156.07744357800107,98.37876024520142,0,0
2026-02-20 14:08:42.632303,50.71524384939476,63.39844795406485,213.85715168474874,105.82571318808806,0,0
2026-02-20 14:08:52.632303,46.00029746649033,52.36799145150677,192.138944858772,110.0163182520856,0,0
2026-02-20 14:09:02.632303,56.96727263762216,62.84219640919114,208.58681645603468,103.79639648385965,0,0
2026-02-20 14:09:12.632303,47.219406266196096,59.47975882578552,233.3813905165266,90.57441994208124,0,0
2026-02-20 14:09:22.632303,58.07389395354926,58.71188738203177,226.50864218190156,85.93184990502462,0,0
2026-02-20 14:09:32.632303,52.92952100582325,57.05291945620951,171.69465616151626,102.18534042410946,0,0
2026-02-20 14:09:42.632303,55.04735894297984,56.620234245626015,170.01968079083198,99.08155235665045,0,0
2026-02-20 14:09:52.632303,49.562823356114095,62.19327851021799,218.99189142728977,99.40584818727505,0,0
2026-02-20 14:10:02.632303,59.27751657397131,60.896938978141165,193.071469879862,83.88432640897172,0,0
2026-02-20 14:10:12.632303,48.686702398419165,58.65445221835545,219.2060959256294,104.62483624066854,0,0
2026-02-20 14:10:22.632303,44.10315439183692,60.68901754564415,213.43062343458107,115.28031359387833,0,0
2026-02-20 14:10:32.632303,54.4375198370703,63.043386617245915,201.20171989230326,103.8831200542345,0,0
2026-02-20 14:10:42.632303,56.24752450353079,54.6688904100814,193.01121345566088,92.27431251243759,0,0
2026-02-20 14:10:52.632303,51.89576559363062,64.92088870260315,188.06051426557852,76.09695632530563,0,0
2026-02-20 14:11:02.632303,47.93889627487765,63.653894928069626,210.7525980589976,104.28186247810577,0,0
2026-02-20 14:11:12.632303,48.6000334906276,54.883877055120855,210.30588643248936,91.65718189965375,0,0
2026-02-20 14:11:22.632303,60.920483666902285,62.28202883341807,188.387033948921,93.88614752611372,0,0
2026-02-20 14:11:32.632303,49.53527896693206,59.041992311913,222.3366755105991,101.86416169744047,0,0
2026-02-20 14:11:42.632303,46.34184130545736,67.56176274062312,200.98616663040445,107.68839675968897,0,0
2026-02-20 14:11:52.632303,46.958867462776205,61.452462510978094,206.2221998228639,81.10350707903848,0,0
2026-02-20 14:12:02.632303,60.076375552303205,65.16257784369019,192.05609367708024,88.97730259544144,0,0
2026-02-20 14:12:12.632303,51.73780806901776,60.34679079765758,207.11337897126458,101.9157739619409,0,0
2026-02-20 14:12:22.632303,52.53120494652963,65.78922279756722,211.36206410257293,89.50344501090059,0,0
2026-02-20 14:12:32.632303,56.81281426356226,66.56245825395315,263.0411346902417,88.76505966760402,0,0
2026-02-20 14:12:42.632303,51.21441006575137,51.671605187244054,211.06298312758418,94.51799701833227,0,0
2026-02-20 14:12:52.632303,59.617228974124764,56.90154011992567,166.21633924065478,95.2873625929748,0,0
2026-02-20 14:13:02.632303,40.12256114391431,63.00439781802924,158.6983390748736,100.28457581183159,0,0
2026-02-20 14:13:12.632303,39.610940900719015,58.71880878185343,232.86756311609068,103.60647891435795,0,0
2026-02-20 14:13:22.632303,45.68253197517533,59.87518604424366,200.36033744088894,104.72630345843406,0,0
2026-02-20 14:13:32.632303,80.72433897133814,62.370269095389325,145.9121673679445,180.0344227370743,0,1
2026-02-20 14:13:42.632303,89.71781755406155,54.37774778457485,180.30013748365968,176.1955589991166,0,1
2026-02-20 14:13:52.632303,98.44551399284282,62.78467198863716,189.64614854261572,164.88226119087005,0,1
2026-02-20 14:14:02.632303,76.83500445147115,63.134358659194426,186.42713877411794,174.21962331489868,0,1
2026-02-20 14:14:12.632303,92.23692187771735,63.20851383447248,217.24447023773953,137.44694284721928,0,1
2026-02-20 14:14:22.632303,85.84159447599596,63.82681274554263,210.33893031496743,170.8960119447247,0,1
2026-02-20 14:14:32.632303,95.68596876678225,63.06351311792246,167.68226425179054,178.8454739887398,0,1
2026-02-20 14:14:42.632303,89.81321764229597,71.25861777789021,197.91314414026215,185.74558212607374,0,1
2026-02-20 14:14:52.632303,99.6123378184997,60.779369361080555,179.60609360582288,186.54997535839976,0,1
2026-02-20 14:15:02.632303,90.05538229692306,59.05195211994949,214.99800478847422,185.977888430154,0,1
2026-02-20 14:15:12.632303,79.0953543574128,57.46847890046083,203.78656614584747,193.51230044563,0,1
2026-02-20 14:15:22.632303,90.63031282219657,57.181086257556466,169.2483040710165,179.6823587797159,0,1
2026-02-20 14:15:32.632303,91.35272181809246,51.970172557019964,192.23306123397683,169.96181214320637,0,1
2026-02-20 14:15:42.632303,100.0,52.35343779739297,226.2233499560525,178.5548251318063,0,1
2026-02-20 14:15:52.632303,95.13037445071663,58.450552141788755,178.02759149644376,196.42062760895274,0,1
2026-02-20 14:16:02.632303,95.51291279200211,55.87217903162226,211.90981795278515,174.823842089214,0,1
2026-02-20 14:16:12.632303,82.18569280612914,56.88465182871826,227.0214578482628,191.2931464709769,0,1
2026-02-20 14:16:22.632303,94.25893819252803,65.42633354331193,195.99294844411673,174.54470607288943,0,1
2026-02-20 14:16:32.632303,96.58045218335806,53.87815436102649,232.59284262225597,157.37314244865084,0,1
2026-02-20 14:16:42.632303,92.51498448547606,55.84077387589247,187.84707309253054,180.70292385611748,0,1
2026-02-20 14:16:52.632303,87.86237809318934,55.61792244461775,182.3849182079454,214.54933270408605,0,1
2026-02-20 14:17:02.632303,88.23063120420022,60.00915174457402,221.4073032045986,188.83649368417116,0,1
2026-02-20 14:17:12.632303,92.8148292475047,61.351830112928475,217.82607373739512,196.4258959126509,0,1
2026-02-20 14:17:22.632303,93.84842670747477,61.246611424019115,169.62178349819865,152.74445631890063,0,1
2026-02-20 14:17:32.632303,87.85664096672119,60.974120816745376,198.79192541606184,183.8085696556373,0,1
2026-02-20 14:17:42.632303,91.70169676730926,59.13147570021519,210.53073367344615,176.06757523992894,0,1
2026-02-20 14:17:52.632303,87.90027379977647,61.91930814146733,194.62708493380515,169.57458683373417,0,1
2026-02-20 14:18:02.632303,80.79910351256997,59.01446638994181,219.72753011811875,171.2739565321558,0,1
2026-02-20 14:18:12.632303,87.53268743591724,56.13501472098699,196.49243088202618,187.9848671993302,0,1
2026-02-20 14:18:22.632303,94.83523989314224,58.628484553769745,205.5669726928934,169.05878983983095,0,1
2026-02-20 14:18:32.632303,85.52308061431424,61.4379031901885,246.98151573401515,172.20833550612912,0,1
2026-02-20 14:18:42.632303,80.04434489257036,61.05420324781914,225.68191587896234,150.77729757454642,0,1
2026-02-20 14:18:52.632303,96.70478705623212,53.73740787357762,139.84735320612486,174.8097099941978,0,1
2026-02-20 14:19:02.632303,87.54262159127296,56.1210251214613,202.2107063494788,145.19058060912602,0,1
2026-02-20 14:19:12.632303,89.70495957383983,55.495784156355796,194.87318643255014,156.02615469849803,0,1
2026-02-20 14:19:22.632303,91.84975040341635,62.233345692846825,237.13294873123908,157.1437123634416,0,1
2026-02-20 14:19:32.632303,71.17320453358613,63.3790975031268,199.88879412703858,196.98414829327174,0,1
2026-02-20 14:19:42.632303,91.48968191708971,61.67882243342906,205.531630111821,193.64129016534696,0,1
2026-02-20 14:19:52.632303,94.12114879708585,62.017933025532066,168.73931386857492,164.73238046534377,0,1
2026-02-20 14:20:02.632303,94.3169157914347,59.68707736376593,163.16204454084286,195.90756413248764,0,1
2026-02-20 14:20:12.632303,92.59098663027271,53.82752708822852,203.28589530741138,201.38705389147336,0,1
2026-02-20 14:20:22.632303,96.54595713873248,60.84267386081245,204.19068460525588,179.4381824425784,0,1
2026-02-20 14:20:32.632303,90.8078496241011,65.69798328498779,198.1658795170975,168.2543625272319,0,1
2026-02-20 14:20:42.632303,95.25205972538058,58.83296547096585,198.80347712940193,164.98028423882553,0,1
2026-02-20 14:20:52.632303,77.60091122324067,63.71763993916326,197.35726822196906,163.96532375952728,0,1
2026-02-20 14:21:02.632303,79.5503896743505,59.59487712519387,188.03124838837905,173.97382739867425,0,1
2026-02-20 14:21:12.632303,96.57052596416622,53.952466321747146,223.18762086601043,191.76337515601102,0,1
2026-02-20 14:21:22.632303,90.25487561947912,60.74275432167496,230.182620268091,181.7529691267667,0,1
2026-02-20 14:21:32.632303,77.30426983449485,59.16612715783837,224.1321630972783,165.99099879644422,0,1
2026-02-20 14:21:42.632303,80.20611684468184,56.82990621153915,191.52802836543646,173.3781051259716,0,1
2026-02-20 14:21:52.632303,82.47854204886073,53.60851146202065,187.39950040932212,182.67374424394228,0,1
2026-02-20 14:22:02.632303,88.17525161709943,53.017170268561394,209.89411307550066,193.8935954320006,0,1
2026-02-20 14:22:12.632303,84.26315132839325,64.51163597301428,203.08987331190502,175.56182644310883,0,1
2026-02-20 14:22:22.632303,93.12373980616928,55.693283490115945,184.74961521706803,199.36835969404072,0,1
2026-02-20 14:22:32.632303,100.0,58.39281989223347,213.6272465315061,170.4573170464691,0,1
2026-02-20 14:22:42.632303,82.0481756484038,57.417711711858416,166.77833168865655,181.8590157250697,0,1
2026-02-20 14:22:52.632303,91.43641739047197,60.767590943492145,238.96685289579625,190.52422532433212,0,1
2026-02-20 14:23:02.632303,79.58204397299814,53.671292946615495,181.19202167031293,174.86732561271782,0,1
2026-02-20 14:23:12.632303,89.88981317105925,53.3084243947537,208.08425730554663,183.9180456948199,0,1
2026-02-20 14:23:22.632303,94.34021458631517,62.72088144190676,206.14807139439378,183.7086840039072,0,1
2026-02-20 14:23:32.632303,83.65442672690966,68.39175735652972,189.48738132029231,182.55677849260397,0,1
2026-02-20 14:23:42.632303,86.26112841436816,57.81583280473311,178.15757599302867,187.81344535006843,0,1
2026-02-20 14:23:52.632303,78.92734279066025,68.16827861171151,205.90559881241737,173.9969068200969,0,1
2026-02-20 14:24:02.632303,83.23436073646675,60.791666669368304,187.85055424759386,161.62966717570325,0,1
2026-02-20 14:24:12.632303,92.35088340115126,62.341197746065355,210.29767192152744,182.8719975441833,0,1
2026-02-20 14:24:22.632303,99.5985996178525,54.56992984063226,181.9865723497504,179.7858844271683,0,1
2026-02-20 14:24:32.632303,91.81065404330916,64.28771946084719,182.41434435176023,191.95477223745894,0,1
2026-02-20 14:24:42.632303,86.082152863005,58.46022844635968,210.8181703712198,188.15093495838858,0,1
2026-02-20 14:24:52.632303,86.01813087722536,50.00775593002824,204.00919262827458,166.59343638500266,0,1
2026-02-20 14:25:02.632303,94.52277089691711,51.126608959795675,227.3940221530837,178.5981506156606,0,1
2026-02-20 14:25:12.632303,86.00947144811073,55.46886019492902,207.00740432772676,166.7284837201001,0,1
2026-02-20 14:25:22.632303,78.32875884310117,51.078127923502166,204.53368496989194,181.3430609276316,0,1
2026-02-20 14:25:32.632303,89.08253353466435,58.90982111455276,193.18802586180277,187.2329608786158,0,1
2026-02-20 14:25:42.632303,88.36811359499343,62.72092083367052,161.2649459499507,173.38531684600272,0,1
2026-02-20 14:25:52.632303,98.15208299323365,65.98684162978392,190.10069039263854,177.9900444022109,0,1
2026-02-20 14:26:02.632303,88.58069631064522,61.15491201203935,176.8576676257346,173.28923479980665,0,1
2026-02-20 14:26:12.632303,93.04290245216662,67.39744856554552,216.8621066464648,180.06422760791128,0,1
2026-02-20 14:26:22.632303,95.8663240743788,61.6707230089576,202.14888748681784,196.71188340486552,0,1
2026-02-20 14:26:32.632303,94.16907926391168,62.176881409361386,216.91605745125855,192.70627227337917,0,1
2026-02-20 14:26:42.632303,78.80175486357291,64.21556620918354,176.1095412046793,188.3919226986916,0,1
2026-02-20 14:26:52.632303,94.2361074744273,53.62097616734667,208.41399262036958,174.23404911901696,0,1
2026-02-20 14:27:02.632303,96.26061732815296,56.16972417993915,188.21335537145276,192.18738451704405,0,1
2026-02-20 14:27:12.632303,81.18024896035175,64.30739257863073,156.60645164548595,154.5330190946699,0,1
2026-02-20 14:27:22.632303,85.53442148166965,61.65199564855119,195.71864604544277,186.45022390777643,0,1
2026-02-20 14:27:32.632303,90.34325521684623,59.72187085503092,176.26013223388512,181.2221788205837,0,1
2026-02-20 14:27:42.632303,90.85211931720863,56.34875632281395,191.65139236021136,174.46223855137836,0,1
2026-02-20 14:27:52.632303,93.46211400396392,64.29733201908097,209.92800235467882,212.19358107908482,0,1
2026-02-20 14:28:02.632303,83.90073395038362,63.05544140653369,198.9378639660618,183.94229731073233,0,1
2026-02-20 14:28:12.632303,93.58757354984249,56.48610479463176,214.8491782718524,170.590623904469,0,1
2026-02-20 14:28:22.632303,79.80023839484939,63.064971900162035,179.19612560368205,193.47527391022075,0,1
2026-02-20 14:28:32.632303,93.9038098763468,62.337256665741236,197.9904855885659,177.11539819540778,0,1
2026-02-20 14:28:42.632303,96.56896416764602,63.35739645692641,217.4564870201127,167.3337732790888,0,1
2026-02-20 14:28:52.632303,79.62103530708102,61.440656735783065,189.24708484440367,203.74444442692058,0,1
2026-02-20 14:29:02.632303,89.78067992420445,60.87720934880174,215.83718620776136,162.0017597199947,0,1
2026-02-20 14:29:12.632303,100.0,60.05659705986303,188.0717718406224,171.16362935722128,0,1
2026-02-20 14:29:22.632303,83.4212385968125,59.11385360966505,176.46075774460064,206.5216069412222,0,1
2026-02-20 14:29:32.632303,90.10604374280733,56.061863798072125,199.88090581574542,199.77115725161775,0,1
2026-02-20 14:29:42.632303,92.03963893709535,63.675659418633316,190.80686455454006,171.16398492885233,0,1
2026-02-20 14:29:52.632303,91.34121228608402,51.31371438095821,199.83773596776498,194.49363064339065,0,1
2026-02-20 14:30:02.632303,52.10890037125436,65.24076763232358,195.68078959299535,109.37477492506925,0,0
2026-02-20 14:30:12.632303,58.17533197263759,65.24677379709064,178.15716813142535,97.46323922457618,0,0
2026-02-20 14:30:22.632303,48.274176472751016,61.95701814030531,213.72707110029066,91.61107325974264,0,0
2026-02-20 14:30:32.632303,50.33919256958469,51.920290671375454,228.8389001160378,94.87625759323306,0,0
2026-02-20 14:30:42.632303,50.279319699222484,58.76140114404775,222.9205515002683,71.62493558602621,0,0
2026-02-20 14:30:52.632303,49.916948288370456,59.57672497000921,190.92727224816633,117.26226545635632,0,0
2026-02-20 14:31:02.632303,45.563352705721144,63.087184708942644,207.12505577412168,112.61519252535516,0,0
2026-02-20 14:31:12.632303,46.66405457611247,57.06812440350497,221.92139814954797,104.2532130833011,0,0
2026-02-20 14:31:22.632303,42.27531326661621,57.84277994214692,207.72765307696122,108.3776422154659,0,0
2026-02-20 14:31:32.632303,46.60384673403522,48.34297604073224,210.46446371474067,87.79679310056024,0,0
2026-02-20 14:31:42.632303,39.913306009387945,48.67069630006344,216.2796172039548,101.28617450404967,0,0
2026-02-20 14:31:52.632303,48.87171809643874,65.55609745185104,212.74649366046145,116.16300042721917,0,0
2026-02-20 14:32:02.632303,43.03632263916502,59.861797504184146,167.6657325010397,97.70617668144533,0,0
2026-02-20 14:32:12.632303,48.756920731166616,62.506454549052286,200.91127762283796,106.23407138279916,0,0
2026-02-20 14:32:22.632303,53.517200665694475,68.61971470953257,193.6940668942775,90.58977299333621,0,0
2026-02-20 14:32:32.632303,51.23041807658204,56.790879891441826,229.63921536873073,97.16781961054767,0,0
2026-02-20 14:32:42.632303,47.17211816063005,58.11473711539553,214.36834846943282,98.42253016768515,0,0
2026-02-20 14:32:52.632303,46.79166589934809,66.66140767049413,182.876603186765,100.35566074032994,0,0
2026-02-20 14:33:02.632303,53.26153075805115,53.47465955833171,209.6052100281185,89.4489232451955,0,0
2026-02-20 14:33:12.632303,54.11391390417001,56.14939595232409,213.8553806369772,111.05833066294713,0,0
2026-02-20 14:33:22.632303,54.30718262816403,61.00526659295241,195.373981141406,94.23580423665156,0,0
2026-02-20 14:33:32.632303,57.35517345408552,57.20201911932943,179.2586785286001,106.6536893503283,0,0
2026-02-20 14:33:42.632303,46.019315984067525,56.19974601013549,171.1279147566047,95.17090160539482,0,0
2026-02-20 14:33:52.632303,49.586424880517534,60.9723669106428,219.02612488598967,105.26897923665794,0,0
2026-02-20 14:34:02.632303,49.0456389022341,59.20721729448112,210.20314937830366,112.7257016292857,0,0
2026-02-20 14:34:12.632303,50.631570997416,58.123476583158364,180.1426799782891,85.54794735587774,0,0
2026-02-20 14:34:22.632303,53.33134836021762,62.311914094558226,211.54727050213324,98.71340553647944,0,0
2026-02-20 14:34:32.632303,57.03467372945875,58.06352602166073,219.10538474414412,99.61257105010456,0,0
2026-02-20 14:34:42.632303,46.95824617660331,62.37012122927104,208.19272237367989,103.56972759266927,0,0
2026-02-20 14:34:52.632303,50.406392110281,59.848427673132676,247.76743985740876,111.84256645196173,0,0
2026-02-20 14:35:02.632303,53.61413447492756,60.44719663281355,220.14314401193337,105.17994776391451,0,0
2026-02-20 14:35:12.632303,50.131023763870175,58.78574269893634,198.38165324674623,68.29574264121945,0,0
2026-02-20 14:35:22.632303,51.05300419648821,58.04609567955856,231.85339996565767,100.19344070811755,0,0
2026-02-20 14:35:32.632303,44.05518290232519,59.80047938348753,179.07757829874993,104.73407415712467,0,0
2026-02-20 14:35:42.632303,51.45473682169742,63.83135852443307,184.1823641661087,100.34008096228146,0,0
2026-02-20 14:35:52.632303,43.174891022866824,62.805979127698855,210.37742360880245,104.9580502102757,0,0
2026-02-20 14:36:02.632303,50.008095156784705,61.659091563155165,232.08678216617193,97.14905742957986,0,0
2026-02-20 14:36:12.632303,50.693225918550425,55.65549480327436,182.63478076803335,100.97813293093307,0,0
2026-02-20 14:36:22.632303,55.519667733509536,58.97487670299371,195.28166941375753,95.93114755495625,0,0
2026-02-20 14:36:32.632303,47.32621664577839,61.17988582283529,170.05484709642712,112.80939576666728,0,0
2026-02-20 14:36:42.632303,46.672888509352696,62.88761394175256,174.60002805212247,106.68840130546218,0,0
2026-02-20 14:36:52.632303,53.359723039072485,61.536808288023586,180.11142956400414,102.49548189598077,0,0
2026-02-20 14:37:02.632303,44.08471907632806,58.98894697961526,220.5882620191065,107.96701927070742,0,0
2026-02-20 14:37:12.632303,50.075914712702165,56.100773696308636,212.91175424348387,100.19381237698025,0,0
2026-02-20 14:37:22.632303,38.39842200884789,63.13051930526607,199.51534332260616,112.02451247983072,0,0
2026-02-20 14:37:32.632303,44.52364740578598,47.293184747215996,205.58167716690372,102.91563676681973,0,0
2026-02-20 14:37:42.632303,41.54664186196774,56.086001816533575,255.10435487439804,96.94389385846196,0,0
2026-02-20 14:37:52.632303,53.65479488188108,57.39736069052647,158.19394202293688,98.29741753204094,0,0
2026-02-20 14:38:02.632303,48.67197719856947,58.400487045326514,197.70718328987215,102.64268271645636,0,0
2026-02-20 14:38:12.632303,49.249415243730965,54.94397532821054,209.72369583123879,80.50628244677577,0,0
2026-02-20 14:38:22.632303,39.748212713579,62.95672197880627,210.14040544270713,99.42604634925964,0,0
2026-02-20 14:38:32.632303,43.02275747622464,57.1683562373037,194.74506504626993,84.04106031425887,0,0
2026-02-20 14:38:42.632303,46.304856709883836,62.60932135270672,228.54610728578433,95.8056524734145,0,0
2026-02-20 14:38:52.632303,53.782441771580494,52.34375971765013,213.18902482227224,91.9605158527252,0,0
2026-02-20 14:39:02.632303,51.53672808353985,59.00899032704116,226.4082801956767,91.25564351660081,0,0
2026-02-20 14:39:12.632303,53.13803148780916,58.88197014681386,196.83389043980674,98.1614610684079,0,0
2026-02-20 14:39:22.632303,45.77163447752943,59.94360413637332,198.74703555756358,102.41240248406729,0,0
2026-02-20 14:39:32.632303,50.422525728464315,63.19197819844894,218.47017232094737,89.49376678172199,0,0
2026-02-20 14:39:42.632303,54.343862502953854,55.254654291560584,211.7571177627547,106.1973878470287,0,0
2026-02-20 14:39:52.632303,40.44341554168748,60.37191698611764,190.6300777327937,92.41234742064626,0,0
2026-02-20 14:40:02.632303,56.75426165349503,57.385283437450326,183.872461417639,100.75694940005093,0,0
2026-02-20 14:40:12.632303,53.42794873149208,59.43340565595949,223.32741091338505,105.30975661964091,0,0
2026-02-20 14:40:22.632303,39.10894340134285,57.882132145971966,188.76315801296602,104.79360953429422,0,0
2026-02-20 14:40:32.632303,36.87591471812944,70.19603883487089,210.6205218978842,101.4887680391769,0,0
2026-02-20 14:40:42.632303,55.907838582095735,69.3746162112505,217.41493289176807,109.4881309647162,0,0
2026-02-20 14:40:52.632303,50.653450122321914,59.433896986532204,190.484091119902,91.73888008285458,0,0
2026-02-20 14:41:02.632303,46.56492950150251,54.597776142628064,198.48257098629952,83.15332422773614,0,0
2026-02-20 14:41:12.632303,50.954582620718554,59.854677567830635,202.93870596773377,94.77868429980008,0,0
2026-02-20 14:41:22.632303,65.38430185090252,65.44046360072124,175.10914999830555,102.32868087426898,0,0
2026-02-20 14:41:32.632303,46.959969285313385,55.942081093170344,173.1985585775213,104.32216690759253,0,0
2026-02-20 14:41:42.632303,46.59309882465213,63.871304096100815,219.8756442906088,113.7391438521145,0,0
2026-02-20 14:41:52.632303,45.738066169629484,61.90146244276804,212.64908433284603,95.25821824896035,0,0
2026-02-20 14:42:02.632303,46.14114021303563,66.4380826631039,204.54991751464107,106.35967750711738,0,0
2026-02-20 14:42:12.632303,45.889619940860364,55.12286213391123,188.61100451015778,98.75978612610002,0,0
2026-02-20 14:42:22.632303,44.67889996591325,59.96062076539847,166.22989623863,88.79952577530128,0,0
2026-02-20 14:42:32.632303,53.35455624138437,62.415162081111575,192.16246469226266,89.82235690923046,0,0
2026-02-20 14:42:42.632303,44.862982242369945,58.50692701623474,212.89036983290583,109.28245691344324,0,0
2026-02-20 14:42:52.632303,47.517341322590156,55.386030296060866,205.35687275732667,91.76465029374151,0,0
2026-02-20 14:43:02.632303,47.40873680569399,65.30110436174814,216.54230857131535,101.57974312251451,0,0
2026-02-20 14:43:12.632303,43.64040499443639,60.84558626988264,221.25314581575054,96.24366334234465,0,0
2026-02-20 14:43:22.632303,56.75557044993357,65.17098115807283,233.27465664286947,103.05243126531353,0,0
2026-02-20 14:43:32.632303,52.93695849903006,65.65674915332436,208.9478787413795,94.98765892209788,0,0
2026-02-20 14:43:42.632303,47.757285817360696,60.95421981509496,174.1887715610756,98.56741084635807,0,0
2026-02-20 14:43:52.632303,55.48273559115127,51.23498459533887,230.6896420358903,111.22374218703159,0,0
2026-02-20 14:44:02.632303,47.701176920847615,62.173563311487236,200.06295453812652,112.29990368438683,0,0
2026-02-20 14:44:12.632303,54.91341571384971,54.39971710726796,211.74524826928354,97.94372146356753,0,0
2026-02-20 14:44:22.632303,50.4141628525905,57.08731239612074,234.9627413824167,110.40061819902576,0,0
2026-02-20 14:44:32.632303,46.30114418013516,54.66155757235907,192.28654738044304,104.34502646091306,0,0
2026-02-20 14:44:42.632303,51.20102921973111,65.01253129907298,215.79839444361704,109.69569025752907,0,0
2026-02-20 14:44:52.632303,51.63427700305218,54.44280507915604,196.08602937706198,110.60089739908665,0,0
2026-02-20 14:45:02.632303,49.74238535737677,62.01236147449499,193.62503369507735,89.70188151458154,0,0
2026-02-20 14:45:12.632303,49.383279679769444,61.236189772130615,186.88624561077114,97.64288755143332,0,0
2026-02-20 14:45:22.632303,45.302683790070084,64.47697967025638,194.11088484823932,114.52755545126183,0,0
2026-02-20 14:45:32.632303,57.64373925270454,59.675816141113025,179.831025349053,79.14102122266662,0,0
2026-02-20 14:45:42.632303,42.63981463486604,54.50466070040536,227.5693925492301,101.15824587226946,0,0
2026-02-20 14:45:52.632303,51.94802262045994,51.118315964259494,176.04067141565477,108.87079776446286,0,0
2026-02-20 14:46:02.632303,51.43387056191293,59.41117888525761,211.29684717200246,116.35797806135815,0,0
2026-02-20 14:46:12.632303,48.89478768231475,60.27747921063228,203.85193837462612,123.92109635273992,0,0
2026-02-20 14:46:22.632303,39.50321867790487,62.73289205915523,197.70395502481873,105.6677172618418,0,0
2026-02-20 14:46:32.632303,46.713137230026376,59.8041398765662,214.2282115893099,131.1291020104384,0,0
2026-02-20 14:46:42.632303,54.040180947010356,56.607737607877965,191.52480635954595,95.46585891616147,0,0
2026-02-20 14:46:52.632303,41.021784136849924,58.67963923319425,214.6565816364349,87.25767880923205,0,0
2026-02-20 14:47:02.632303,55.24241325525296,61.95109928433735,185.31533356057923,98.58470362662153,0,0
2026-02-20 14:47:12.632303,57.99160903820517,62.93419125402346,200.17567309796294,97.62316683039016,0,0
2026-02-20 14:47:22.632303,50.3830453522583,57.952945768230784,157.9050098856197,120.42177910534731,0,0
2026-02-20 14:47:32.632303,50.776624995997004,61.59258906049015,198.84184500246184,92.64883199275413,0,0
2026-02-20 14:47:42.632303,49.07037759525615,53.602420951222754,245.5417299610661,87.65488001577604,0,0
2026-02-20 14:47:52.632303,44.8401685807641,58.2389631824544,225.76151449704756,100.14508999262654,0,0
2026-02-20 14:48:02.632303,43.81932101984769,65.01735344302936,214.62001253570963,105.38434957216452,0,0
2026-02-20 14:48:12.632303,53.5786712058542,69.5774476023298,243.70189790072226,93.13284656996704,0,0
2026-02-20 14:48:22.632303,58.11942496405576,61.5326727590356,209.98191632275498,83.07729168356671,0,0
2026-02-20 14:48:32.632303,49.14807117305902,56.74870563865374,216.56117629786618,110.71080500402805,0,0
2026-02-20 14:48:42.632303,39.62756824491844,59.91186054398292,222.43723009588504,98.13321037686555,0,0
2026-02-20 14:48:52.632303,53.64531822501182,61.404661870508335,206.83320463905252,97.28685021931703,0,0
2026-02-20 14:49:02.632303,43.91709597932145,55.51387941029989,214.18705028910634,100.19458255518883,0,0
2026-02-20 14:49:12.632303,49.30743877696388,58.30443983071059,193.89622309038498,110.46911794488139,0,0
2026-02-20 14:49:22.632303,48.32377959065987,54.63574114679373,214.87303551080348,97.95123336135283,0,0
2026-02-20 14:49:32.632303,50.15697932766388,66.43031322559804,199.58878885298986,102.89183673118725,0,0
2026-02-20 14:49:42.632303,44.10538254350837,59.12132219059616,212.19052090417202,84.44626266158758,0,0
2026-02-20 14:49:52.632303,51.00422546557855,60.40316429057923,200.8257491117488,110.37158898658242,0,0
2026-02-20 14:50:02.632303,51.67219257424261,65.91228759342577,180.12820968811928,101.35924567218348,0,0
2026-02-20 14:50:12.632303,50.42233393194974,55.72298202497968,219.12590004182692,123.24673305852818,0,0
2026-02-20 14:50:22.632303,49.914969627580845,62.020084353095065,201.69036951630653,92.86415330092824,0,0
2026-02-20 14:50:32.632303,40.89619861098992,57.17690606761854,172.16083238096536,117.04102078059118,0,0
2026-02-20 14:50:42.632303,49.424451530383806,58.61632268381132,217.78307649575612,88.78248897144113,0,0
2026-02-20 14:50:52.632303,46.165679809977235,60.27228907699448,220.5753798284696,105.01685045168789,0,0
2026-02-20 14:51:02.632303,51.24162571257941,60.31247094094407,208.0047171105355,102.01652905129255,0,0
2026-02-20 14:51:12.632303,44.850138626115324,60.184316886532606,178.52622682164494,100.81082542900823,0,0
2026-02-20 14:51:22.632303,47.59676029255879,70.15752649113145,199.20211232496575,85.95760433738411,0,0
2026-02-20 14:51:32.632303,49.329098946615375,62.07743498255155,233.46727892305046,94.10547600061281,0,0
2026-02-20 14:51:42.632303,42.087860129881804,63.26734804572393,172.38802588200699,95.63844558492515,0,0
2026-02-20 14:51:52.632303,48.71189757244503,59.72146618679957,213.7832891414867,93.16365717713612,0,0
2026-02-20 14:52:02.632303,48.631353739166194,59.942918588202446,202.99195915037575,100.97827174707923,0,0
2026-02-20 14:52:12.632303,52.1800288761129,63.37535803856695,207.85268231301936,104.53585523509219,0,0
2026-02-20 14:52:22.632303,42.08888416626761,60.20091079666272,209.59015096003216,107.2894119457045,0,0
2026-02-20 14:52:32.632303,46.53824612883103,57.36384290044542,188.51798649432803,105.36413899891343,0,0
2026-02-20 14:52:42.632303,55.16940527462104,58.37015957083359,218.15924627254097,101.23479809164594,0,0
2026-02-20 14:52:52.632303,49.37857111418782,59.15446308072812,214.93222729204314,103.2557781678707,0,0
2026-02-20 14:53:02.632303,61.37912713823819,56.5911014280107,210.36203404059953,94.70798990188487,0,0
2026-02-20 14:53:12.632303,45.65356506505678,59.95653145186011,202.74704958814073,129.18173555060093,0,0
2026-02-20 14:53:22.632303,49.07927092158399,55.47928508206127,205.4602143498877,79.25359962453632,0,0
2026-02-20 14:53:32.632303,49.540216086978674,60.06410112918064,215.89200765890422,109.73622249427846,0,0
2026-02-20 14:53:42.632303,47.482151905461414,59.397543941480265,184.67758338778657,88.71937445192306,0,0
2026-02-20 14:53:52.632303,51.54947389690317,54.9056578056136,191.70746198856273,90.04826040100762,0,0
2026-02-20 14:54:02.632303,52.7484159314513,67.20572039706595,173.96824034393336,81.46981517102431,0,0
2026-02-20 14:54:12.632303,49.375565573249666,60.06279118383103,204.37318613514594,95.53679484765655,0,0
2026-02-20 14:54:22.632303,48.99680350587284,61.47004164216241,220.8086178528968,80.44951229681718,0,0
2026-02-20 14:54:32.632303,48.15530280484269,60.85523517576426,181.64047790778528,117.311696317673,0,0
2026-02-20 14:54:42.632303,46.822950598856316,59.834829251970866,211.12044193684582,94.08715211198106,0,0
2026-02-20 14:54:52.632303,40.76713476097791,58.28538189233387,220.5888111185408,96.63104873214861,0,0
2026-02-20 14:55:02.632303,45.76782849270511,63.702688838010886,193.38450207953895,94.89839186349782,0,0
2026-02-20 14:55:12.632303,50.747280448316545,63.08300083847515,247.63427063465093,108.27236107657423,0,0
2026-02-20 14:55:22.632303,55.79919983194172,57.97613520404858,179.48263788061047,100.62331349619123,0,0
2026-02-20 14:55:32.632303,50.535849576297984,55.68594903454161,196.49410940191973,103.9931760171913,0,0
2026-02-20 14:55:42.632303,51.8019669750904,62.01715141353709,205.81929460274887,94.92991340729944,0,0
2026-02-20 14:55:52.632303,47.43049686675578,55.2041944080245,235.6955007837019,100.13450364619293,0,0
2026-02-20 14:56:02.632303,48.875734721025744,56.284831674190166,258.7131580465556,89.26671967777105,0,0
2026-02-20 14:56:12.632303,47.85576037196963,61.663347345144246,212.00425931488556,109.57932055215684,0,0
2026-02-20 14:56:22.632303,59.03804253884631,62.024630621842846,178.87938400066665,97.43054874878219,0,0
2026-02-20 14:56:32.632303,51.53916186256942,68.2729041660233,172.04389043151406,112.02576505225227,0,0
2026-02-20 14:56:42.632303,50.89957184773208,63.35132214091792,197.96010566728137,91.57567369873674,0,0
2026-02-20 14:56:52.632303,53.75436389700666,62.617724108422486,219.44113931479444,99.86695364621364,0,0
2026-02-20 14:57:02.632303,47.00088988340075,53.76485201990464,216.38746536278813,104.23889482443985,0,0
2026-02-20 14:57:12.632303,45.17108683568021,57.8457053068135,190.6648237609712,85.17015568017582,0,0
2026-02-20 14:57:22.632303,45.911588016974335,55.46467857277458,191.75041976224128,92.61302501670437,0,0
2026-02-20 14:57:32.632303,41.86497539566626,68.09036092227792,225.05081462058462,92.20980578480014,0,0
2026-02-20 14:57:42.632303,51.36210698326805,61.66986035928518,223.82171709546952,91.81394973339921,0,0
2026-02-20 14:57:52.632303,55.46053391991213,57.80837878317226,173.28275191662772,107.24136559314498,0,0
2026-02-20 14:58:02.632303,56.45379212061214,70.35163589412274,176.00549469819572,106.98919685080789,0,0
2026-02-20 14:58:12.632303,47.95099378103234,63.13343484209612,170.590208975375,87.37230224301436,0,0
2026-02-20 14:58:22.632303,46.12062588416758,60.31585618267234,187.17837466923288,106.5905434391342,0,0
2026-02-20 14:58:32.632303,55.13447309128957,62.398310164981424,232.37575279321737,104.15826629455343,0,0
2026-02-20 14:58:42.632303,43.915516448299165,65.45350605415337,187.89687528788005,109.10418499685571,0,0
2026-02-20 14:58:52.632303,57.868671082775535,61.8267520429216,170.076823736707,90.81787833490209,0,0
2026-02-20 14:59:02.632303,56.613722334425674,59.32350925742873,201.59147069884332,107.5882441616361,0,0
2026-02-20 14:59:12.632303,53.48161431040162,61.115199249541845,195.82663257559068,96.87331554267642,0,0
2026-02-20 14:59:22.632303,54.28949412645672,62.214278124271175,194.85399998764422,110.82112312993141,0,0
2026-02-20 14:59:32.632303,49.35482942435108,56.59335130266243,184.8205860219331,90.21259163690235,0,0
2026-02-20 14:59:42.632303,48.63794991698156,64.93489711334477,183.8980963793898,101.88475761018103,0,0
2026-02-20 14:59:52.632303,46.716553271862935,58.95876383491425,169.79917576029496,97.79461770843463,0,0
2026-02-20 15:00:02.632303,49.03147310097519,62.16115177614278,204.46561826510742,88.01607875047955,0,0
2026-02-20 15:00:12.632303,55.420991220217715,60.841212160887984,203.96787034354972,99.90817646614862,0,0
2026-02-20 15:00:22.632303,47.4112127638889,60.8712093589949,209.51176871857166,82.53104308654446,0,0
2026-02-20 15:00:32.632303,47.306195813269525,58.980212118385644,205.12341211388556,111.93311005927126,0,0
2026-02-20 15:00:42.632303,46.14129592701609,58.00815261272863,189.749317787069,91.98472409895459,0,0
2026-02-20 15:00:52.632303,48.26406752443869,63.08320887995188,178.9232900927131,104.27814395152903,0,0
2026-02-20 15:01:02.632303,41.490488849908324,57.75464801423118,193.41021399564028,116.74859672914064,0,0
2026-02-20 15:01:12.632303,48.62598847623656,51.19502610619632,160.022221862775,100.3402958634668,0,0
2026-02-20 15:01:22.632303,53.068854278949544,61.50182343050901,203.3514021160198,111.62259597505667,0,0
2026-02-20 15:01:32.632303,47.302043896314345,63.5796422241073,167.35970229947165,90.95052167061934,0,0
2026-02-20 15:01:42.632303,40.96479302534092,58.90061879732083,199.07477565467315,101.1410149222652,0,0
2026-02-20 15:01:52.632303,50.309416764435674,56.28978667675309,196.19518311173567,85.02553331394252,0,0
2026-02-20 15:02:02.632303,56.81614487566125,58.78549570840799,190.22227761912617,115.88940328444083,0,0
2026-02-20 15:02:12.632303,43.788767332253855,55.497651543872124,178.0755935026287,99.32128618300518,0,0
2026-02-20 15:02:22.632303,52.15815814818799,62.95870187247134,251.4399063498994,77.50567545799237,0,0
2026-02-20 15:02:32.632303,53.043677945622086,57.77147770971108,188.27169702222454,93.80227871746122,0,0
2026-02-20 15:02:42.632303,45.456151645960134,66.7380993384138,216.84594654027805,100.23195978557375,0,0
2026-02-20 15:02:52.632303,56.755078762435005,53.9498841388045,173.38589737338148,78.22032267805312,0,0
2026-02-20 15:03:02.632303,46.502927299383565,60.64679410681901,202.05717155864667,101.49341911059881,0,0
2026-02-20 15:03:12.632303,42.94471584466959,63.21261897045609,204.79255036477997,107.33054281465999,0,0
2026-02-20 15:03:22.632303,40.53618911204974,61.24596343519116,176.24469520164945,96.02676747448638,0,0
2026-02-20 15:03:32.632303,52.671824493181916,60.364374425023655,182.9692004044136,100.06273156184419,0,0
2026-02-20 15:03:42.632303,42.342323423781785,64.60106958359319,195.89431961007497,111.18549944255327,0,0
2026-02-20 15:03:52.632303,47.36734156451978,57.90569604637367,184.71626426724308,108.76173931693076,0,0
2026-02-20 15:04:02.632303,46.45284421335762,62.578381729660705,192.3509520466142,80.2403670010838,0,0
2026-02-20 15:04:12.632303,47.14842966106767,55.283567142548605,200.67805447364674,88.0959226432551,0,0
2026-02-20 15:04:22.632303,54.62987550357308,59.63569655858789,196.4480801048252,106.55892137787583,0,0
2026-02-20 15:04:32.632303,54.81953467037931,59.91960499292139,184.57599400901418,82.26030383887871,0,0
2026-02-20 15:04:42.632303,46.5697512148241,57.531151013408156,202.14114905984593,96.54853118861973,0,0
2026-02-20 15:04:52.632303,53.43966486025714,57.54806691491724,198.85917666294117,111.8398744319689,0,0
2026-02-20 15:05:02.632303,51.70912606977483,59.759849833245745,187.96111116129646,93.66768603285023,0,0
2026-02-20 15:05:12.632303,45.74693373524026,57.835972536868404,215.1133167748863,97.78111728707731,0,0
2026-02-20 15:05:22.632303,43.25113465309384,67.07267717223914,206.39930382290325,85.9305659948683,0,0
2026-02-20 15:05:32.632303,47.79075536379588,60.443545531313674,234.09184186594754,88.9188754174113,0,0
2026-02-20 15:05:42.632303,54.88020359677974,65.59794570788937,187.4269138985086,97.22486381139767,0,0
2026-02-20 15:05:52.632303,44.818453763131146,59.18615543567878,199.26820051314138,106.59649998082371,0,0
2026-02-20 15:06:02.632303,55.450917355102234,57.00761574151341,160.6534987154801,99.78755220723758,0,0
2026-02-20 15:06:12.632303,51.4676876498432,60.99767075074017,193.46653504981913,101.24752099663934,0,0
2026-02-20 15:06:22.632303,57.57722404176124,61.52693667585004,192.5326314999383,94.99802182904004,0,0
2026-02-20 15:06:32.632303,49.15073821161135,66.54695984732255,196.33398580947605,99.80205655479293,0,0
2026-02-20 15:06:42.632303,47.588432145318485,64.39593342976787,239.19674509489352,104.50613049431388,0,0
2026-02-20 15:06:52.632303,50.41386451892713,60.14713133269694,152.31386422428508,107.45150864284817,0,0
2026-02-20 15:07:02.632303,50.67083207997922,61.7133682026429,185.7707561183259,96.15543121022908,0,0
2026-02-20 15:07:12.632303,47.94487531748413,64.08649193629216,192.42480326793813,120.82660322109797,0,0
2026-02-20 15:07:22.632303,52.154312095075184,54.89726936001708,197.42907413496087,93.48324877843584,0,0
2026-02-20 15:07:32.632303,39.02808765089988,66.39788376045516,214.0628508444001,105.33207317899313,0,0
2026-02-20 15:07:42.632303,50.82701830149852,54.47192972523025,190.32765720889125,108.41780774784013,0,0
2026-02-20 15:07:52.632303,44.743899851087484,49.87292273499675,195.45787984438147,98.58242445972462,0,0
2026-02-20 15:08:02.632303,50.677817082073545,62.91407457405815,212.75211624462418,102.58769805243922,0,0
2026-02-20 15:08:12.632303,55.97765694043355,53.92412087674674,210.0916362895478,106.26538363336942,0,0
2026-02-20 15:08:22.632303,43.802188569598805,53.98851756527044,185.08115747048797,93.38458557484708,0,0
2026-02-20 15:08:32.632303,53.76709731751215,57.54184486523562,182.8730296343759,93.88366263305441,0,0
2026-02-20 15:08:42.632303,55.59316167077106,60.05217349750781,196.41497949286176,98.89994501298949,0,0
2026-02-20 15:08:52.632303,56.460301671632614,57.00331309358703,226.3101658188021,102.10496298921504,0,0
2026-02-20 15:09:02.632303,49.19790309012326,70.00360199173713,178.88721020402807,96.46314240432994,0,0
2026-02-20 15:09:12.632303,43.83784380418,63.80984788214468,233.78377867303357,116.6992278140464,0,0
2026-02-20 15:09:22.632303,56.11974376573002,59.209518128816136,192.69518045020308,83.28830227505935,0,0
2026-02-20 15:09:32.632303,60.17936767590896,61.87591231259387,190.16086190261035,113.28056888986967,0,0
2026-02-20 15:09:42.632303,45.1361774162,61.6264881368907,196.5474173141833,106.386771398803,0,0
2026-02-20 15:09:52.632303,49.68213230406939,54.196288435555104,201.51152745340076,110.48864141875362,0,0
2026-02-20 15:10:02.632303,49.85391797073007,63.10046048635635,179.08941028651893,99.73739206730149,0,0
2026-02-20 15:10:12.632303,46.877447724557115,62.98792336041884,200.62983124523993,106.90073676336613,0,0
2026-02-20 15:10:22.632303,55.43855213078933,62.766474300485555,205.4623686858729,90.01787741488594,0,0
2026-02-20 15:10:32.632303,49.986069446665496,57.867638391936666,193.11872086591546,96.2546584924975,0,0
2026-02-20 15:10:42.632303,45.10037212608878,52.17064564346404,186.63713903344467,101.93379451924159,0,0
2026-02-20 15:10:52.632303,43.259114772862546,60.0627289458865,238.0053684862193,110.23056555252239,0,0
2026-02-20 15:11:02.632303,58.21770754560265,61.564511507730906,223.35019645972892,92.76035269532213,0,0
2026-02-20 15:11:12.632303,46.77829866489008,49.04343917545011,223.72290948084597,115.40323979819885,0,0
2026-02-20 15:11:22.632303,47.23411377326365,58.98419317441106,184.92275772618078,103.82653551477492,0,0
2026-02-20 15:11:32.632303,55.624662726516206,53.028912104475836,208.18877061284505,97.23328228280855,0,0
2026-02-20 15:11:42.632303,50.566971959833445,61.835976006697166,196.23595122454358,98.96413146594219,0,0
2026-02-20 15:11:52.632303,48.930624162226806,63.88126480715312,208.37519920254994,102.2058353773736,0,0
2026-02-20 15:12:02.632303,43.64524139453859,58.485681027147386,217.9733832067835,100.37696573123922,0,0
2026-02-20 15:12:12.632303,53.297657347945695,67.06604720131054,220.77212138417633,100.93158337699742,0,0
2026-02-20 15:12:22.632303,47.44505414902137,49.78580161577641,196.63230155054296,96.73987504183151,0,0
2026-02-20 15:12:32.632303,51.951830971976875,59.38437909210125,193.5922988112641,82.2060106949278,0,0
2026-02-20 15:12:42.632303,45.30016085424967,61.90660416320223,234.31815262265388,99.02474616254376,0,0
2026-02-20 15:12:52.632303,51.63905536787062,63.80991262781122,183.782121275995,103.66814043285443,0,0
2026-02-20 15:13:02.632303,46.297549468339206,63.459297753964044,203.02806095903466,102.9845181398144,0,0
2026-02-20 15:13:12.632303,46.08700701290705,62.82812943844314,241.69425842462033,89.92088304571794,0,0
2026-02-20 15:13:22.632303,48.30120496176238,60.92642989667237,215.72812423991633,94.40453714710532,0,0
2026-02-20 15:13:32.632303,35.8348485492863,65.4367579766561,215.21012239168286,82.57052469513334,0,0
2026-02-20 15:13:42.632303,46.96215604110222,66.2727297181093,228.95592836915733,109.38640022678945,0,0
2026-02-20 15:13:52.632303,49.11943783020069,60.33194967525004,197.38148389747747,111.28239783268837,0,0
2026-02-20 15:14:02.632303,45.62078796752445,56.77680138046318,220.20549173672032,99.55638544488438,0,0
2026-02-20 15:14:12.632303,56.89233677726904,57.313951172077815,198.9044327932235,90.77587015156047,0,0
2026-02-20 15:14:22.632303,50.03681340711783,54.08581225200481,190.24733158090075,85.63746135071882,0,0
2026-02-20 15:14:32.632303,53.46961616595629,62.86635735903861,165.3947453903131,113.33885745500572,0,0
2026-02-20 15:14:42.632303,62.48707563209927,60.184025546945364,187.17771479550711,128.24330591003047,0,0
2026-02-20 15:14:52.632303,43.40515750848745,60.08042586747639,203.59244545263846,113.45147620452414,0,0
2026-02-20 15:15:02.632303,51.79869487563394,58.005464416846195,180.97631259224087,96.58178179753864,0,0
2026-02-20 15:15:12.632303,44.96536319527428,60.191301279138735,188.71607640279026,85.0596220671025,0,0
2026-02-20 15:15:22.632303,56.27572894187452,58.00930990628384,174.63726390049374,98.31740865512458,0,0
2026-02-20 15:15:32.632303,50.3418578298383,53.01413309768387,206.63295334251526,89.52842431309736,0,0
2026-02-20 15:15:42.632303,58.55514404595394,62.09584204830694,192.00200019781366,92.5483222968265,0,0
2026-02-20 15:15:52.632303,49.47516146218188,62.45116296633316,199.490117428296,97.82841192863144,0,0
2026-02-20 15:16:02.632303,50.291851454089475,57.58456427505218,193.13588146313924,79.14207561094996,0,0
2026-02-20 15:16:12.632303,54.86863115426184,61.195191121287046,184.5308831193314,118.98734981355238,0,0
2026-02-20 15:16:22.632303,50.435082401961935,55.85542571209921,217.13474842940917,103.98048216509262,0,0
2026-02-20 15:16:32.632303,51.972899927421096,58.29697758139364,209.0099144755607,97.38241709778906,0,0
2026-02-20 15:16:42.632303,52.77970725822921,52.38022218395744,191.32253074041623,117.22155097808195,0,0
2026-02-20 15:16:52.632303,46.1646627229985,57.58464681002725,191.0407732310005,87.85193864111356,0,0
2026-02-20 15:17:02.632303,38.958596118858736,59.07765440590555,202.71718848163314,99.47494931461348,0,0
2026-02-20 15:17:12.632303,49.275607190260565,60.17216348340155,220.45682943101528,98.09553814070783,0,0
2026-02-20 15:17:22.632303,47.12958711456365,58.875498060447654,211.5869351951355,114.1202687854325,0,0
2026-02-20 15:17:32.632303,46.85928130415411,60.395735148115534,206.76714883871918,90.07421993271177,0,0
2026-02-20 15:17:42.632303,50.10208583606459,54.13730457063162,164.618993925212,103.66746407892256,0,0
2026-02-20 15:17:52.632303,48.080626293346086,60.809121630484874,199.642100459833,90.23599951336203,0,0
2026-02-20 15:18:02.632303,49.773728490178314,55.06759477994058,227.819447160028,86.44029655140037,0,0
2026-02-20 15:18:12.632303,49.021073645157095,55.83091364781101,211.40842346721593,96.68568628718498,0,0
2026-02-20 15:18:22.632303,47.40666640189395,63.41280618020622,200.58861183355106,105.16644445935967,0,0
2026-02-20 15:18:32.632303,45.09337031741268,54.38073222428997,202.14415924080268,96.81153644505268,0,0
2026-02-20 15:18:42.632303,53.13217336226972,59.680366189349805,204.1015067846926,83.76617470058757,0,0
2026-02-20 15:18:52.632303,59.44218469807129,59.343032059871874,213.951739406784,91.63908329780374,0,0
2026-02-20 15:19:02.632303,51.54004951108671,54.788620945901016,209.04135676519343,96.44025915614168,0,0
2026-02-20 15:19:12.632303,50.145952519677834,62.79189612052039,175.3491937755944,93.15508269387203,0,0
2026-02-20 15:19:22.632303,52.28662140543383,68.39288589818699,197.23835330677036,105.91136117923932,0,0
2026-02-20 15:19:32.632303,49.4651426507076,67.7689823790252,165.0555666606949,100.94621044669358,0,0
2026-02-20 15:19:42.632303,41.8722798321897,49.97371371785313,205.94924106235632,101.3949779614746,0,0
2026-02-20 15:19:52.632303,48.57581531128899,59.575223639840985,261.96598868142513,97.41824861968566,0,0
2026-02-20 15:20:02.632303,52.550621806250376,57.402540721544476,205.90465150081207,97.61766324944382,0,0
2026-02-20 15:20:12.632303,47.947407586351346,67.2755941288013,223.5436992636868,101.36746647399231,0,0
2026-02-20 15:20:22.632303,38.47894032028017,58.55596310698972,254.06055128810166,97.69338333360292,0,0
2026-02-20 15:20:32.632303,55.51608786026829,65.76776960781041,204.3792783171195,91.58178368131848,0,0
2026-02-20 15:20:42.632303,37.823438341085556,62.736652834435816,183.70487994352902,101.76150451887692,0,0
2026-02-20 15:20:52.632303,43.75089830205318,58.93904983811919,200.67438109802106,102.68593581044298,0,0
2026-02-20 15:21:02.632303,44.42588906323793,64.78764379504541,188.06210430536058,83.25530539546754,0,0
2026-02-20 15:21:12.632303,49.45488290018268,60.13750123610584,203.2117886634352,113.6213240368508,0,0
2026-02-20 15:21:22.632303,48.817755816320705,59.52152150252491,177.93631237533813,108.20553502887897,0,0
2026-02-20 15:21:32.632303,50.921545320390514,58.31988909082335,161.90650613069073,114.44412195055088,0,0
2026-02-20 15:21:42.632303,43.861600177719716,57.63488796252118,207.16689022152008,88.03442071383313,0,0
2026-02-20 15:21:52.632303,42.532451108734286,51.50420966919734,214.4199390581127,94.54813755273678,0,0
2026-02-20 15:22:02.632303,64.63635046236665,56.022579737476505,181.57097953142159,94.34607029714599,0,0
2026-02-20 15:22:12.632303,51.215673275692446,58.11918664485876,212.24664428005025,90.21411610011346,0,0
2026-02-20 15:22:22.632303,43.092041407682096,52.80714104236357,155.52851664125606,94.81930980524943,0,0
2026-02-20 15:22:32.632303,48.49509843803389,57.474251890067265,224.86811594374325,112.28030209608136,0,0
2026-02-20 15:22:42.632303,48.32598506277749,52.824315547232146,188.66589783889896,94.00178606082939,0,0
2026-02-20 15:22:52.632303,46.714325188609706,57.20912438440702,186.93074208550385,96.1345838410224,0,0
2026-02-20 15:23:02.632303,46.822294505922216,60.83329003450237,207.2073743180972,90.8935491281751,0,0
2026-02-20 15:23:12.632303,56.355326630035165,56.07975079263754,167.64398772369327,103.80778071365052,0,0
2026-02-20 15:23:22.632303,45.9129593279283,61.28516588302955,151.9266279779894,113.92455941483067,0,0
2026-02-20 15:23:32.632303,53.36146704020201,53.99809380334799,170.4244575230743,116.72265904097527,0,0
2026-02-20 15:23:42.632303,46.31310048251021,56.6632606050695,154.67895811701436,96.49221794398446,0,0
2026-02-20 15:23:52.632303,48.861401925821234,62.86197238707794,172.0184314363105,84.7971320775939,0,0
2026-02-20 15:24:02.632303,52.25481317388238,64.02692028490826,168.57695297764235,110.81514086299741,0,0
2026-02-20 15:24:12.632303,50.18770920743411,64.36722135629859,198.59559276964768,74.7772208251205,0,0
2026-02-20 15:24:22.632303,49.240163088419806,64.24057527468509,182.1250796183257,96.12035031092547,0,0
2026-02-20 15:24:32.632303,49.119332482245106,48.40194448052607,233.42695150874954,90.98624320102826,0,0
2026-02-20 15:24:42.632303,52.528677162364,59.653195455407165,225.1523811271872,104.0605612242808,0,0
2026-02-20 15:24:52.632303,48.82537864239513,56.42593962992288,215.95701402764277,81.26558696045383,0,0
2026-02-20 15:25:02.632303,53.229452101379465,55.60382099378051,225.0456732391328,101.61299542662695,0,0
2026-02-20 15:25:12.632303,53.22061883925054,60.327955255298875,164.95245809718006,91.39270836604662,0,0
2026-02-20 15:25:22.632303,53.36194668805691,60.66662326943938,223.61979810611345,104.03274563037172,0,0
2026-02-20 15:25:32.632303,45.1664905464867,56.81574344911746,202.05834781046474,76.85955933999895,0,0
2026-02-20 15:25:42.632303,58.367209428114926,61.766986945510226,224.54069194097744,84.19396059190831,0,0
2026-02-20 15:25:52.632303,56.22282580177628,68.925995644111,173.58243289245365,107.71401794903767,0,0
2026-02-20 15:26:02.632303,50.00554972343647,53.82226460700702,209.8576794370374,108.33603204837348,0,0
2026-02-20 15:26:12.632303,46.99436723665576,64.66366608102089,166.66473186421604,85.05243853550355,0,0
2026-02-20 15:26:22.632303,50.68298697794376,60.101541111889084,185.6685302315179,108.09594435971886,0,0
2026-02-20 15:26:32.632303,52.654471571079746,63.43255628373606,197.53727129295464,106.02580267978341,0,0
2026-02-20 15:26:42.632303,47.77174848485003,68.21527476034638,183.74908459756028,121.05297429458312,0,0
2026-02-20 15:26:52.632303,50.174439735447045,54.49795644172503,227.36158700977202,101.25901388394959,0,0
2026-02-20 15:27:02.632303,54.25562049190119,64.89542367417037,206.75911108290052,94.07759155187185,0,0
2026-02-20 15:27:12.632303,54.87856688834625,60.00302202981838,213.71715637216838,78.46269426208539,0,0
2026-02-20 15:27:22.632303,52.23490858504926,57.44565669941988,233.0661927435706,106.23087347889096,0,0
2026-02-20 15:27:32.632303,51.19928872924648,61.94523997340089,180.03118294246565,116.23256690528054,0,0
2026-02-20 15:27:42.632303,59.956852092084524,61.57165404219287,231.80807137147278,94.30851801327466,0,0
2026-02-20 15:27:52.632303,46.014432168875096,60.16369899491569,208.69882076735797,96.0601331875688,0,0
2026-02-20 15:28:02.632303,52.68884095184242,61.225557928293654,180.03386449417889,105.18793017451722,0,0
2026-02-20 15:28:12.632303,54.317641212607604,60.685877270361566,223.05296206523386,87.82596206503048,0,0
2026-02-20 15:28:22.632303,52.33975211065926,55.318877174412904,177.71837283533824,93.6906916626221,0,0
2026-02-20 15:28:32.632303,45.28969908212878,57.80801672503545,195.71699378577622,108.37154486331384,0,0
2026-02-20 15:28:42.632303,48.394204806471485,53.65749717292163,222.8013569299032,91.6290986638496,0,0
2026-02-20 15:28:52.632303,49.706397864476855,61.78614602776285,203.99220836805566,110.94179547521476,0,0
2026-02-20 15:29:02.632303,52.3950157169638,56.554761681211566,243.57124347983324,101.94333463338234,0,0
2026-02-20 15:29:12.632303,49.26329886689247,63.85570169222228,204.98901891860143,103.99228192939327,0,0
2026-02-20 15:29:22.632303,62.460919993003436,58.899514286979816,193.6447821196521,101.16578512012464,0,0
2026-02-20 15:29:32.632303,55.35757967790519,53.9738638792384,160.6888821704699,94.12884729379853,0,0
2026-02-20 15:29:42.632303,41.83038520470356,58.30067460989745,210.0499939225858,91.09251136447736,0,0
2026-02-20 15:29:52.632303,42.865867116093284,60.27734864686139,217.2508696923034,83.05026561483388,0,0
2026-02-20 15:30:02.632303,54.10116199152992,63.269224814953304,219.08170204313257,112.18480214871687,0,0
2026-02-20 15:30:12.632303,61.01006962329808,58.57563180552378,202.19143160155716,95.83561566751975,0,0
2026-02-20 15:30:22.632303,50.00988422377905,66.13149342254525,173.09971032138662,91.38950327834425,0,0
2026-02-20 15:30:32.632303,56.885904682522806,64.08014602760836,192.73736706365844,108.5440200112072,0,0
2026-02-20 15:30:42.632303,51.70607921246017,66.00109843600396,201.49019187653545,110.25632113872582,0,0
2026-02-20 15:30:52.632303,63.2100595524631,62.392396620189864,200.98656331589686,107.2244698522098,0,0
2026-02-20 15:31:02.632303,48.17359570898058,69.55187082209893,203.60142075391963,97.27066679774487,0,0
2026-02-20 15:31:12.632303,45.82155497489982,64.38888076642576,217.34374825655476,95.02645628585907,0,0
2026-02-20 15:31:22.632303,52.882256725612116,53.96577612714857,203.69941150146312,104.52756352076695,0,0
2026-02-20 15:31:32.632303,58.53664904779612,56.916724789085244,174.43294742395352,91.04572039074958,0,0
2026-02-20 15:31:42.632303,43.3171574984254,65.34662943103594,230.97278590048074,103.20216577948828,0,0
2026-02-20 15:31:52.632303,56.10647472842574,60.53583352232094,198.09776704598468,96.66962380946238,0,0
2026-02-20 15:32:02.632303,48.448045043112174,53.80879377476388,205.28509527214678,99.59666089785956,0,0
2026-02-20 15:32:12.632303,53.726803620389376,60.37409398575444,196.74592596861817,91.2880696999237,0,0
2026-02-20 15:32:22.632303,50.360766184108805,62.95294892326465,177.1332201783228,100.87473753680739,0,0
2026-02-20 15:32:32.632303,51.16521475764742,57.127740865526945,188.24287390184,102.30610848766214,0,0
2026-02-20 15:32:42.632303,44.332894908536886,61.39969486099757,182.092912526816,110.62853693033216,0,0
2026-02-20 15:32:52.632303,61.6891387269415,56.55697279319272,210.6841572474935,92.73258095117981,0,0
2026-02-20 15:33:02.632303,55.204770868988945,54.93896636365914,209.61173516855425,91.27011033110648,0,0
2026-02-20 15:33:12.632303,48.96507705450816,55.87589889941077,216.44700941791507,91.63019645560414,0,0
2026-02-20 15:33:22.632303,52.75982129665914,58.623607886950666,197.71055256402275,101.47755907400129,0,0
2026-02-20 15:33:32.632303,46.190876641705756,60.84146845416355,230.6066912870882,92.21905214167286,0,0
2026-02-20 15:33:42.632303,55.859050716369225,65.99239053395114,183.67690021943912,85.44945394909448,0,0
2026-02-20 15:33:52.632303,51.50980450085882,57.81036990893251,237.37206438326004,100.34807540499833,0,0
2026-02-20 15:34:02.632303,45.989002959824106,55.411361955953154,221.7980991818166,94.28816025915813,0,0
2026-02-20 15:34:12.632303,50.21914399730214,63.82321098044992,190.3148329613834,99.5407117125984,0,0
2026-02-20 15:34:22.632303,49.9171579508874,62.73329804606437,211.8148867102065,97.79886268745172,0,0
2026-02-20 15:34:32.632303,50.31824530748259,58.51288395390605,170.4477518616111,102.5760085739813,0,0
2026-02-20 15:34:42.632303,59.46095880416534,56.46512343723575,184.53940580794594,91.29272228356258,0,0
2026-02-20 15:34:52.632303,53.62295889361561,61.79394181678576,196.82924615167087,90.81980938361035,0,0
2026-02-20 15:35:02.632303,50.46188395819962,53.741511490656784,202.86853133714988,108.71524386087934,0,0
2026-02-20 15:35:12.632303,43.74400431683161,53.86992689268135,231.5887578338972,93.88240360495415,0,0
2026-02-20 15:35:22.632303,55.67973922971911,59.384009339208674,196.76090366117344,104.38412699496645,0,0
2026-02-20 15:35:32.632303,45.5800057162678,60.529988573982585,192.37021170351815,86.79506556594968,0,0
2026-02-20 15:35:42.632303,51.687410373632,58.94676877248833,196.85950343110585,87.89839056585842,0,0
2026-02-20 15:35:52.632303,57.95700183881402,63.50685674554447,219.28311768343957,96.94555297558318,0,0
2026-02-20 15:36:02.632303,41.3540855524829,67.81166952995804,198.77804983988264,92.51200203979946,0,0
2026-02-20 15:36:12.632303,52.08400787241557,64.6684831520132,199.53898887829067,112.78575167939374,0,0
2026-02-20 15:36:22.632303,55.414999692584345,55.69447525039177,186.52419788681047,109.57537163279767,0,0
2026-02-20 15:36:32.632303,36.43693718094781,59.40217722734005,171.38337596750657,95.23446198566475,0,0
2026-02-20 15:36:42.632303,48.50589955485398,58.56702248836997,188.95477495774782,89.02856350371187,0,0
2026-02-20 15:36:52.632303,61.459556334093435,67.4698480166454,176.75868359487436,115.82116751303568,0,0
2026-02-20 15:37:02.632303,48.00267254763573,60.51674989332684,198.7345208020617,93.40251358746035,0,0
2026-02-20 15:37:12.632303,54.91926171803073,60.50354612230663,190.46897153561517,86.95410556199528,0,0
2026-02-20 15:37:22.632303,45.5320249314044,53.43447953759161,200.2444709683034,88.03334407715604,0,0
2026-02-20 15:37:32.632303,48.67219743740729,65.48040741444149,223.98599145843173,99.67723105897382,0,0
2026-02-20 15:37:42.632303,49.564576369284254,67.51949819768403,210.41512240717424,96.72193540123477,0,0
2026-02-20 15:37:52.632303,42.86990941439774,61.57549287265897,216.58647545165724,93.68348475486356,0,0
2026-02-20 15:38:02.632303,51.45601377569016,58.54570682033988,196.31935201601993,75.12177942437668,0,0
2026-02-20 15:38:12.632303,48.89109298141932,63.87747720963222,187.37194888866884,100.52526368215317,0,0
2026-02-20 15:38:22.632303,46.220246466540395,61.44176670517109,195.66953604927653,90.60758459317994,0,0
2026-02-20 15:38:32.632303,56.66275733832564,63.71572805412886,187.9018647214365,104.97788309417777,0,0
2026-02-20 15:38:42.632303,52.6870600141019,62.569204940044706,166.11488208009845,110.06606541032627,0,0
2026-02-20 15:38:52.632303,47.15150518537134,58.56868826623493,252.75763504520398,103.01873380721011,0,0
2026-02-20 15:39:02.632303,48.06838762276412,51.178822508976374,227.79528267892712,86.54790329191397,0,0
2026-02-20 15:39:12.632303,44.982805482502485,58.674590803648606,228.32823583400585,107.73239986665759,0,0
2026-02-20 15:39:22.632303,49.2108124507987,61.23316825455528,187.99228614257788,101.39653689565351,0,0
2026-02-20 15:39:32.632303,50.36668372389068,63.87507958272541,219.34356244877898,104.93977382205645,0,0
2026-02-20 15:39:42.632303,48.188262212269485,62.96728917756051,198.16063067593907,89.18085631286867,0,0
2026-02-20 15:39:52.632303,47.98356104044531,60.338107935137295,218.2043156732949,98.16471827842847,0,0
2026-02-20 15:40:02.632303,43.95400644380197,60.226966733187275,202.26912080113104,101.85837628902753,0,0
2026-02-20 15:40:12.632303,54.59935757977215,64.07569296035959,188.11578255236668,93.83856541951056,0,0
2026-02-20 15:40:22.632303,44.79900644522263,62.795262681121905,228.9764021667543,96.84918072091077,0,0
2026-02-20 15:40:32.632303,48.792847176375034,65.86713022759591,210.11115706430016,104.36235704801055,0,0
2026-02-20 15:40:42.632303,44.04541747013137,62.714912277117676,181.41727318980483,88.65979814065042,0,0
2026-02-20 15:40:52.632303,48.26614211616644,57.65682910620524,195.5680061122992,85.59018365475082,0,0
2026-02-20 15:41:02.632303,54.79408153233836,64.51074517806572,161.05315051718372,109.78457805666551,0,0
2026-02-20 15:41:12.632303,45.947356850891865,63.42790214793114,198.63107014667168,100.28775564080999,0,0
2026-02-20 15:41:22.632303,49.074511752893905,64.84851681693394,175.20823974949943,106.07840338735008,0,0
2026-02-20 15:41:32.632303,55.50665082444775,62.86536032216164,246.49397828646835,94.71053237275301,0,0
2026-02-20 15:41:42.632303,54.786524112967655,59.57563745863432,224.6681215270534,99.9231100427863,0,0
2026-02-20 15:41:52.632303,48.060621090687654,65.22428881548652,190.1687612196214,85.87274241099443,0,0
2026-02-20 15:42:02.632303,47.41576558413086,62.47613178635413,227.84077503174183,101.11129375296512,0,0
2026-02-20 15:42:12.632303,56.59098533617013,54.56730031408963,191.13473070364194,97.11424882845898,0,0
2026-02-20 15:42:22.632303,49.4272028626374,60.33637755300079,213.81821914784385,95.5519316182951,0,0
2026-02-20 15:42:32.632303,50.695143434765626,59.81950843870379,181.482201922177,98.86333310918565,0,0
2026-02-20 15:42:42.632303,49.28170235051441,59.33967773998781,200.635189131629,100.75673540613386,0,0
2026-02-20 15:42:52.632303,47.838524104463346,65.09085893588505,176.61038741593967,92.79029891530104,0,0
2026-02-20 15:43:02.632303,63.899818121117775,55.84803458004308,172.9249065058048,107.34476745001218,0,0
2026-02-20 15:43:12.632303,39.61440073113063,59.05890436011025,242.91649850152976,84.55064077846599,0,0
2026-02-20 15:43:22.632303,40.090177571306434,54.003275192169205,217.96719136693972,111.24776719985812,0,0
2026-02-20 15:43:32.632303,47.43705601510746,62.73284961600427,227.8051065502398,117.87346414429825,0,0
2026-02-20 15:43:42.632303,48.76832359410076,50.79411312932005,183.58242155180628,95.73195805064742,0,0
2026-02-20 15:43:52.632303,48.70530601710805,59.24856239596512,222.3778919586134,112.74428426687581,0,0
2026-02-20 15:44:02.632303,49.14163173037608,64.39393950420728,207.15322733262178,100.64505972862571,0,0
2026-02-20 15:44:12.632303,54.53272078554982,60.28900819295166,241.15622354195523,85.61588833205441,0,0
2026-02-20 15:44:22.632303,47.42414550453991,59.4939244121842,208.7890538091598,112.67960487103089,0,0
2026-02-20 15:44:32.632303,49.87800716381922,54.31108140197517,216.8502779291001,107.54958766141965,0,0
2026-02-20 15:44:42.632303,40.29070670310297,59.9847834653168,168.19716338639404,93.35348902497938,0,0
2026-02-20 15:44:52.632303,45.485955365186,63.23705879296794,202.33660348344367,87.14408999243972,0,0
2026-02-20 15:45:02.632303,54.40032981478671,54.26477670428634,206.60227580941887,91.85989330708445,0,0
2026-02-20 15:45:12.632303,48.1716145873474,62.01708299215353,210.42898798119057,113.3696907355596,0,0
2026-02-20 15:45:22.632303,49.588731501642734,61.225803451853366,191.2452535519135,101.81989882622797,0,0
2026-02-20 15:45:32.632303,52.19743024004256,59.6067606101825,163.92499031815007,103.31470896330896,0,0
2026-02-20 15:45:42.632303,51.822807386777285,57.279306094608195,174.3122592785497,114.75879150503965,0,0
2026-02-20 15:45:52.632303,52.45722755447201,59.08367587631316,177.25934233705024,91.78185171578654,0,0
2026-02-20 15:46:02.632303,56.51295198393116,60.550647763472185,188.98825865998586,105.09689231224657,0,0
2026-02-20 15:46:12.632303,45.92800906276838,66.00337212112152,227.0560106979345,95.33425928797223,0,0
2026-02-20 15:46:22.632303,46.8566487648457,49.52746720523088,170.36838456897263,86.60530225042244,0,0
2026-02-20 15:46:32.632303,50.67595170493693,58.695065182234565,173.09329025169518,97.18835957535443,0,0
2026-02-20 15:46:42.632303,52.52668573823674,62.111357399662346,162.00659438282239,98.71736519516169,0,0
2026-02-20 15:46:52.632303,43.08329611514195,63.6069147885611,215.68292832706996,91.01972773675541,0,0
2026-02-20 15:47:02.632303,46.169773987998,58.15493179800677,154.94413210537323,103.35968173440577,0,0
2026-02-20 15:47:12.632303,48.63577726829935,63.88070033027144,178.03181564074896,93.80877051750068,0,0
2026-02-20 15:47:22.632303,42.46737370980442,55.98283774602299,176.3603600786356,109.95973678846445,0,0
2026-02-20 15:47:32.632303,46.50869075624304,60.496702738978456,192.3847319227639,87.30534733987187,0,0
2026-02-20 15:47:42.632303,49.15849788414179,62.396413327454376,175.84481214913296,108.09112790731379,0,0
2026-02-20 15:47:52.632303,45.75139539261152,58.06806429570864,210.61366246020094,93.36563842780512,0,0
2026-02-20 15:48:02.632303,50.187874296679325,58.74123668484763,202.58736013407636,76.19260894476503,0,0
2026-02-20 15:48:12.632303,40.851590923959584,62.463868024187356,220.743628112981,90.89513296468479,0,0
2026-02-20 15:48:22.632303,48.77985823914433,61.17887701160921,213.86435203317407,79.72322728329152,0,0
2026-02-20 15:48:32.632303,45.56979876510812,58.6696824806005,214.062803944721,124.98430483721495,0,0
2026-02-20 15:48:42.632303,48.85997136595141,54.37209015158405,208.04536154402595,113.2099578954071,0,0
2026-02-20 15:48:52.632303,50.54007060489751,56.37340581938283,219.1598788296004,106.63545618498435,0,0
2026-02-20 15:49:02.632303,44.86959577902188,61.52570247013737,219.94531135317746,111.81890042558894,0,0
2026-02-20 15:49:12.632303,49.66775512345272,58.56768221528272,224.54547644162525,87.89839497019115,0,0
2026-02-20 15:49:22.632303,52.19289645460503,54.51989349054228,221.30752544519206,97.41954484388839,0,0
2026-02-20 15:49:32.632303,56.342916178237346,61.965651025422105,175.53559539876142,114.24627732077244,0,0
2026-02-20 15:49:42.632303,57.756226332138645,63.52914597039686,184.7682426992756,96.93986045642592,0,0
2026-02-20 15:49:52.632303,50.727136087028796,57.18515840267427,233.8469314492641,101.44326471726036,0,0
2026-02-20 15:50:02.632303,36.48325976446321,61.35742325102488,193.03685206365373,99.25073443881553,0,0
2026-02-20 15:50:12.632303,48.156903171071505,63.22818566642675,222.39375557106763,102.83053162258653,0,0
2026-02-20 15:50:22.632303,48.303444064309204,59.834651180763316,200.39199233155256,91.97569960135164,0,0
2026-02-20 15:50:32.632303,52.894643242856176,61.84016929544187,230.80882479553347,112.55349780288475,0,0
2026-02-20 15:50:42.632303,46.57162541204935,63.28119349803586,180.98093233811056,106.9593210094085,0,0
2026-02-20 15:50:52.632303,47.41692900619946,55.90698710649766,205.6009068539481,73.2543287184586,0,0
2026-02-20 15:51:02.632303,41.24512212797386,59.290032464902865,201.64883533269685,96.30681229841811,0,0
2026-02-20 15:51:12.632303,42.10281850641201,56.728432631445976,207.82418654474787,105.81781770628362,0,0
2026-02-20 15:51:22.632303,49.9188844120203,64.62733512414796,207.9479404691847,92.52544346041788,0,0
2026-02-20 15:51:32.632303,48.597489732941916,54.38853537116858,197.83722019217166,111.12100619221339,0,0
2026-02-20 15:51:42.632303,53.42645042355484,65.60803730367648,193.94229512402015,113.46099794514258,0,0
2026-02-20 15:51:52.632303,49.03347886776015,65.88634033027958,199.56286505115753,107.07231373804277,0,0
2026-02-20 15:52:02.632303,57.375561821549276,59.226289485675174,204.36777975088347,112.88863425206303,0,0
2026-02-20 15:52:12.632303,49.33498418034968,54.716430869975355,242.8601410916982,95.30235535662864,0,0
2026-02-20 15:52:22.632303,50.79378025468771,64.62402667780451,187.83012192537598,89.9213208677787,0,0
2026-02-20 15:52:32.632303,51.26868648387416,52.82769440835044,194.2418784626416,102.45038664315406,0,0
2026-02-20 15:52:42.632303,48.65024051587418,53.826196227257014,231.88355912408025,101.03538153949175,0,0
2026-02-20 15:52:52.632303,57.155760588808704,58.95985499927822,182.39976036618472,102.6918092025516,0,0
2026-02-20 15:53:02.632303,48.9210643683589,55.288954168034564,229.39568517574992,93.77729777106003,0,0
2026-02-20 15:53:12.632303,40.79866807602215,65.31266421582933,189.91403968374755,93.92176107384375,0,0
2026-02-20 15:53:22.632303,41.17306206485013,66.96376594638797,174.21038825580627,100.5844948070565,0,0
2026-02-20 15:53:32.632303,54.563101612702205,61.68686773201239,198.80691376015616,82.98334141712584,0,0
2026-02-20 15:53:42.632303,45.95137582116358,60.751201352170085,184.25651860026008,102.03359459998768,0,0
2026-02-20 15:53:52.632303,53.40871704407571,63.85001154320041,175.47641284374635,121.96646054978955,0,0
2026-02-20 15:54:02.632303,53.837396722770656,59.99314338532374,221.79073166153282,123.65407771999973,0,0
2026-02-20 15:54:12.632303,42.80639949471565,59.09894943003459,152.43136680253343,101.92651532648024,0,0
2026-02-20 15:54:22.632303,51.826971209625704,59.843351538228966,186.90932858003382,79.50485483811676,0,0
2026-02-20 15:54:32.632303,51.867668417058844,65.8217379356613,188.17963088533136,104.40059929023145,0,0
2026-02-20 15:54:42.632303,42.15927843289975,61.828852254770055,192.13235404510687,92.37582049397085,0,0
2026-02-20 15:54:52.632303,46.198181793919346,58.42555367186796,207.6486663138507,86.87836798804483,0,0
2026-02-20 15:55:02.632303,48.01442334216073,59.83411288800341,178.01921550936282,117.96665201675017,0,0
2026-02-20 15:55:12.632303,45.73252259969329,57.32225234546604,180.43384100355004,117.98480087138117,0,0
2026-02-20 15:55:22.632303,52.76452614299741,56.25363197502543,222.12463117719938,102.00698694288879,0,0
2026-02-20 15:55:32.632303,51.286267105557506,58.62209116499019,185.01168026086054,103.37766099054602,0,0
2026-02-20 15:55:42.632303,47.27456385002205,67.26702251830042,174.6141778951379,115.36156772854946,0,0
2026-02-20 15:55:52.632303,49.443405756010996,61.19634293608442,216.6631553325887,93.69750704995563,0,0
2026-02-20 15:56:02.632303,54.32124192349318,49.16982457847529,185.6002093355612,90.75937192658935,0,0
2026-02-20 15:56:12.632303,43.73246993814119,59.1401806476842,207.7149993636339,107.02659998499306,0,0
2026-02-20 15:56:22.632303,51.20438378600204,57.33722614042581,207.38032875650333,101.2428569485085,0,0
2026-02-20 15:56:32.632303,54.68028083968008,63.10774681172607,200.60952827841257,91.02746993838743,0,0
2026-02-20 15:56:42.632303,46.7352492208396,57.800842561447865,193.69467332167488,102.68050427589753,0,0
2026-02-20 15:56:52.632303,53.57587195064029,59.79552522793849,200.32249575800944,101.43306305000004,0,0
2026-02-20 15:57:02.632303,47.4204734343383,56.298430969428175,164.8912420537858,93.04850641923127,0,0
2026-02-20 15:57:12.632303,52.365727266338936,57.18835424784173,195.2438592514812,104.66431287412317,0,0
2026-02-20 15:57:22.632303,52.603447482113346,55.68186859133584,219.94118712907283,111.27350089355485,0,0
2026-02-20 15:57:32.632303,44.3507507139072,56.704652521435385,223.82181366292383,98.53146478744699,0,0
2026-02-20 15:57:42.632303,38.901110262740744,54.40127398106925,195.01260749655037,88.36957349715398,0,0
2026-02-20 15:57:52.632303,47.93288114681779,60.12958485473432,229.24509208069458,97.09546083772211,0,0
2026-02-20 15:58:02.632303,55.36270899786379,65.71504064814708,228.68619338704153,102.84754593385568,0,0
2026-02-20 15:58:12.632303,40.18355426080513,61.84329946161546,220.96799775627082,99.18932894564583,0,0
2026-02-20 15:58:22.632303,58.722919350376245,63.43933424586983,211.36546754305567,110.86380711205838,0,0
2026-02-20 15:58:32.632303,51.66684925630439,50.028758002418584,190.0172209705927,111.97168027247854,0,0
2026-02-20 15:58:42.632303,45.96204329950852,59.10610997905224,179.1032737219386,117.83922595201769,0,0
2026-02-20 15:58:52.632303,58.40746228709008,56.46452441943708,202.94596000778168,93.19505952235953,0,0
2026-02-20 15:59:02.632303,53.07472319515689,62.038732308969315,216.2341114322653,103.31918447707888,0,0
2026-02-20 15:59:12.632303,64.67703103194233,55.888304939957045,165.7879329112697,96.06909799298539,0,0
2026-02-20 15:59:22.632303,42.16005867219866,54.03015091997603,179.97370691604067,90.77811094568372,0,0
2026-02-20 15:59:32.632303,45.226909490249696,62.07287580178165,189.87621877829326,98.2048542512752,0,0
2026-02-20 15:59:42.632303,54.471163872504675,56.934709900874296,194.70908202590556,103.65759986092915,0,0
2026-02-20 15:59:52.632303,40.29216099689889,50.46037796419767,206.92234657595446,104.92014280566899,0,0
2026-02-20 16:00:02.632303,60.321100674262055,60.63237950346724,216.3947943451619,98.04527356414026,0,0
2026-02-20 16:00:12.632303,51.48613610792543,66.66902736699814,157.52014363748728,104.13616257571681,0,0
2026-02-20 16:00:22.632303,60.677933650386834,61.12813687683737,233.01145926465696,93.70787850470558,0,0
2026-02-20 16:00:32.632303,49.839762529181435,60.13409880955435,155.6481784128246,88.31822172149799,0,0
2026-02-20 16:00:42.632303,44.51562460308007,63.28826431213011,217.4430621136811,103.24036442706533,0,0
2026-02-20 16:00:52.632303,54.12051448427853,59.34340234911291,224.03863339079086,100.08788442632071,0,0
2026-02-20 16:01:02.632303,50.28932023713378,58.937629466950355,213.68900955272855,95.78801183387087,0,0
2026-02-20 16:01:12.632303,54.88215688599034,55.471403437135976,178.02167490543613,106.87426755126504,0,0
2026-02-20 16:01:22.632303,49.55727892708494,58.184434335387486,217.8011546495092,93.92738585913915,0,0
2026-02-20 16:01:32.632303,48.99899372849815,65.59691180028463,230.782846916213,115.72398210270327,0,0
2026-02-20 16:01:42.632303,48.589371115330444,64.92281161993787,181.02094344462643,90.93097125277939,0,0
2026-02-20 16:01:52.632303,38.24772073687819,66.69147280759412,182.72040301847844,98.7346742025294,0,0
2026-02-20 16:02:02.632303,45.44837829035858,62.78066099332056,192.4873267856532,86.95183109567051,0,0
2026-02-20 16:02:12.632303,52.2083128209303,54.26507990075908,183.25188549369017,78.93110885373919,0,0
2026-02-20 16:02:22.632303,42.88020943901196,60.714116678881915,160.7092792379415,85.18854275378284,0,0
2026-02-20 16:02:32.632303,49.98815541933596,57.82557241562779,239.84073271918618,118.33896546024376,0,0
2026-02-20 16:02:42.632303,45.660387686244235,62.22855047361393,214.98565113758903,94.02521141975596,0,0
2026-02-20 16:02:52.632303,42.522292317508985,59.95080620276777,196.54308650371777,95.64235503029381,0,0
2026-02-20 16:03:02.632303,52.21158434082243,56.9970815719776,176.96004904841715,101.09082970349831,0,0
2026-02-20 16:03:12.632303,51.92985046284438,55.29342022439979,218.56181221982163,82.29518862223922,0,0
2026-02-20 16:03:22.632303,47.109432706421785,58.96796585520956,187.2755257469614,94.34939526448808,0,0
2026-02-20 16:03:32.632303,59.35537241154057,56.5964636438444,248.8244344494383,104.37126779731052,0,0
2026-02-20 16:03:42.632303,50.46027568655996,61.904961413550666,250.59855498503904,90.06406996068552,0,0
2026-02-20 16:03:52.632303,44.39791040531806,56.980535213712315,200.6428629392912,82.74228875187427,0,0
2026-02-20 16:04:02.632303,50.11169619659304,66.7741885336547,203.02814781249555,97.07314541024724,0,0
2026-02-20 16:04:12.632303,46.90919775658186,63.59404681820626,183.48334453523904,118.46395920599248,0,0
2026-02-20 16:04:22.632303,59.666798738571785,61.02700319464715,199.7696982384671,110.30659808241559,0,0
2026-02-20 16:04:32.632303,55.47399251113663,56.776033075762335,189.46889733726596,86.77652565316704,0,0
2026-02-20 16:04:42.632303,52.04532469167029,62.66651153382756,173.00148724277454,95.44801095183841,0,0
2026-02-20 16:04:52.632303,43.26373041209325,56.40480075902465,211.02034120452598,92.66517933321721,0,0
2026-02-20 16:05:02.632303,48.49587021983851,53.49075308821074,203.73980419449327,99.55726680155351,0,0
2026-02-20 16:05:12.632303,46.35520374983419,59.2439428092701,203.6058976100689,91.85131851090657,0,0
2026-02-20 16:05:22.632303,42.61868727999111,67.22229773074726,187.33454590579456,99.0323989681311,0,0
2026-02-20 16:05:32.632303,55.05419867510157,74.11622075028194,175.11027100222267,104.4982721372651,0,0
2026-02-20 16:05:42.632303,46.46223857352947,57.844838781693156,185.5957595798642,88.74345032199415,0,0
2026-02-20 16:05:52.632303,49.793543191076694,54.101989251807055,218.9361513302374,100.55002936033375,0,0
2026-02-20 16:06:02.632303,52.112174864507196,58.13524555221511,192.65592131576503,102.87563905167328,0,0
2026-02-20 16:06:12.632303,44.179746837970875,58.568038262346654,182.8077297224309,91.09431189408986,0,0
2026-02-20 16:06:22.632303,39.45080879687179,65.35730635792,186.26922493692462,111.6337605516355,0,0
2026-02-20 16:06:32.632303,55.34396160697146,54.856001173934025,178.2317752865431,125.60502959355684,0,0
2026-02-20 16:06:42.632303,58.754629709635715,59.873925946687585,205.147462128347,93.69153597052811,0,0
2026-02-20 16:06:52.632303,52.1617635710017,57.131272397110116,159.3529247140323,86.78444213488949,0,0
2026-02-20 16:07:02.632303,50.10546373925293,55.47573105798965,198.6544507017293,89.25338960567137,0,0
2026-02-20 16:07:12.632303,46.08823038749003,63.41266122565277,204.9496109528021,99.90335578686653,0,0
2026-02-20 16:07:22.632303,54.394819865353256,61.922434373389386,228.93126582502734,95.4014073768486,0,0
2026-02-20 16:07:32.632303,47.85182510736246,54.79556293443462,191.4203856525516,109.64769894302445,0,0
2026-02-20 16:07:42.632303,56.49993686131067,63.84122067234667,164.11616266901126,110.83145212660735,0,0
2026-02-20 16:07:52.632303,40.80740688363964,63.59246929648939,192.6443094685789,107.02533313933856,0,0
2026-02-20 16:08:02.632303,43.33775826052717,64.68467053082459,170.70050507790222,93.31545089146823,0,0
2026-02-20 16:08:12.632303,45.009526861154825,52.982860588710004,201.89055135176937,118.06089117836962,0,0
2026-02-20 16:08:22.632303,63.33452611160004,60.38862314834499,222.33362550135044,102.32094637928537,0,0
2026-02-20 16:08:32.632303,52.494415973841065,58.63140539549104,203.90153850845203,105.37478704606428,0,0
2026-02-20 16:08:42.632303,47.107701355618346,59.690022800428046,198.83139762005024,108.26403317330525,0,0
2026-02-20 16:08:52.632303,44.669839141861594,59.793831165569394,238.24010938105394,111.64060152585938,0,0
2026-02-20 16:09:02.632303,56.745895244443524,60.097727360712135,206.41995127372047,110.02236166702926,0,0
2026-02-20 16:09:12.632303,57.80127764765466,52.19358834846845,173.69117385900307,113.09444101402647,0,0
2026-02-20 16:09:22.632303,48.615553221155984,57.31311684296769,174.91678026008793,94.44983298455891,0,0
2026-02-20 16:09:32.632303,42.98815358288088,68.3643770909299,199.55127896038854,99.42049458237283,0,0
2026-02-20 16:09:42.632303,52.94038337583916,63.84938067706628,218.91776313109278,110.73621943907571,0,0
2026-02-20 16:09:52.632303,46.84577224604572,58.808532780172555,215.3806331088455,94.7261093836038,0,0
2026-02-20 16:10:02.632303,49.97446683986387,61.595055057699255,215.70370164620752,82.22319037629799,0,0
2026-02-20 16:10:12.632303,53.57372824944473,59.0651037685931,214.14915421728762,107.76931692354829,0,0
2026-02-20 16:10:22.632303,58.03957530559579,65.41381459048482,226.93143325220592,114.43670319166239,0,0
2026-02-20 16:10:32.632303,51.45689492407973,60.12874034814736,217.4563416635667,107.32080951433022,0,0
2026-02-20 16:10:42.632303,48.4546688163087,61.61929363523307,199.2980706643081,91.46067091539945,0,0
2026-02-20 16:10:52.632303,56.45230370688175,60.220796970120354,240.97416515397703,83.74507729800168,0,0
2026-02-20 16:11:02.632303,47.21610613578317,60.13055534676349,222.74762195257827,103.99469372602185,0,0
2026-02-20 16:11:12.632303,51.55236377090376,55.49094482978341,176.86117205541058,103.22504660289904,0,0
2026-02-20 16:11:22.632303,43.179470030908206,57.872488998842684,210.01834658171714,90.17675727723224,0,0
2026-02-20 16:11:32.632303,58.026779811809035,64.89574537695157,168.571600033234,90.67628756818013,0,0
2026-02-20 16:11:42.632303,38.57111377752525,56.869634549807465,215.32776953144798,95.86105057725143,0,0
2026-02-20 16:11:52.632303,52.303986218079835,53.91066272687302,215.9595050916381,94.4489077207165,0,0
2026-02-20 16:12:02.632303,50.060848411414526,59.628501994427786,174.56902958215431,88.46915668260218,0,0
2026-02-20 16:12:12.632303,54.83897234501713,61.59596863000678,221.00098083106855,103.24658235502518,0,0
2026-02-20 16:12:22.632303,50.71495317404608,53.095957525332935,194.5926660647766,99.72615679596257,0,0
2026-02-20 16:12:32.632303,59.76553599136287,62.74782652839471,230.72122363419058,105.97537705894729,0,0
2026-02-20 16:12:42.632303,46.4434838652526,60.4684968645994,204.72447292528466,90.60844430229318,0,0
2026-02-20 16:12:52.632303,48.07806311703539,59.176932025291315,232.11239665130236,79.19259474609021,0,0
2026-02-20 16:13:02.632303,56.02909210358022,56.252819060162466,172.55841625460772,111.79942130038464,0,0
2026-02-20 16:13:12.632303,53.65949034617191,65.01807480952476,216.01403895091153,120.59845001737402,0,0
2026-02-20 16:13:22.632303,52.793619184722424,59.37409049550737,206.85852754642684,112.43469128345964,0,0
2026-02-20 16:13:32.632303,46.10312337369942,57.392445669874476,193.82079970804185,78.95417201234667,0,0
2026-02-20 16:13:42.632303,50.69039204208774,52.455485184195894,201.06118625865238,108.6528975613525,0,0
2026-02-20 16:13:52.632303,47.615617696780824,66.70846348074748,170.78998201163023,111.91260681631833,0,0
2026-02-20 16:14:02.632303,53.3756852820346,53.135867006757245,254.21588598081064,99.36254714496035,0,0
2026-02-20 16:14:12.632303,45.61257988922184,54.37165122086393,195.59963944680652,98.7259312761004,0,0
2026-02-20 16:14:22.632303,50.513227642698325,58.80881537510416,212.66450620230188,96.12370167336753,0,0
2026-02-20 16:14:32.632303,40.32517941379764,59.402554017401435,152.65044693253444,103.5377063089139,0,0
2026-02-20 16:14:42.632303,45.103498848586824,60.6534414196632,226.28149963049208,90.51251304732,0,0
2026-02-20 16:14:52.632303,55.30628129256059,58.266441733255384,235.0638960413117,96.34847386801786,0,0
2026-02-20 16:15:02.632303,45.797535072466545,62.74895380158115,191.28420540752728,91.58550485870991,0,0
2026-02-20 16:15:12.632303,47.61080074648105,59.821573871267994,226.84360262489707,80.65912254540423,0,0
2026-02-20 16:15:22.632303,50.115403294752106,62.49961437861617,203.86897149983594,113.09865169433535,0,0
2026-02-20 16:15:32.632303,49.628273351207376,59.26179423125622,211.84659094026688,100.9931381495135,0,0
2026-02-20 16:15:42.632303,48.04795630859765,62.06457615834552,186.9494341356671,93.88822847980673,0,0
2026-02-20 16:15:52.632303,47.36002989117193,65.41227664066562,135.57967288028573,103.95598834762943,0,0
2026-02-20 16:16:02.632303,50.17135907100111,53.27651816304752,206.19453558272005,104.75751991831532,0,0
2026-02-20 16:16:12.632303,52.948196156787,49.392687747820204,227.32778823708878,92.6226329531516,0,0
2026-02-20 16:16:22.632303,53.43283873376588,62.96429512272914,182.46605828761415,106.6045995235155,0,0
2026-02-20 16:16:32.632303,48.07253379543821,51.71449128264737,223.35483851055557,92.2495503698376,0,0
2026-02-20 16:16:42.632303,45.72753268630973,58.387736527853114,205.44473450654777,99.42729589177898,0,0
2026-02-20 16:16:52.632303,52.74033462353585,54.642042533885366,185.1522725913853,98.84002927678466,0,0
2026-02-20 16:17:02.632303,59.48943646329353,59.54474984634497,221.70444527323264,100.38555168784318,0,0
2026-02-20 16:17:12.632303,47.58170681281216,59.01310230354224,196.63160575942237,106.03645738960739,0,0
2026-02-20 16:17:22.632303,56.87305633788277,61.43872339074528,223.7415535748351,90.35210262370315,0,0
2026-02-20 16:17:32.632303,47.926847455929845,57.102789863169335,206.28889181749705,96.41041614820587,0,0
2026-02-20 16:17:42.632303,53.64886468517098,56.27599315347023,200.86061946642562,106.86857911012257,0,0
2026-02-20 16:17:52.632303,39.67348612479695,68.48652522932082,194.3369623024025,79.74960086323827,0,0
2026-02-20 16:18:02.632303,50.79046949288393,60.1337738718926,198.36211240855013,109.91191112926666,0,0
2026-02-20 16:18:12.632303,53.73722485713528,61.19150476409538,209.00311267893295,98.95641550561913,0,0
2026-02-20 16:18:22.632303,58.877454246200244,54.08321592656893,202.79303348431793,100.6502463118878,0,0
2026-02-20 16:18:32.632303,54.06640203032296,56.6245844903004,165.12654795206927,101.56823016098193,0,0
2026-02-20 16:18:42.632303,51.40615246109302,65.9583976377906,174.59275907349829,111.5469376671672,0,0
2026-02-20 16:18:52.632303,61.837071820135606,58.48894044991009,174.18115561013553,95.93025633626628,0,0
2026-02-20 16:19:02.632303,50.0700248368569,62.25515150002766,188.17210540323904,115.55198534147343,0,0
2026-02-20 16:19:12.632303,44.42733842495969,53.0431793913088,222.13420848574634,77.253789687938,0,0
2026-02-20 16:19:22.632303,48.97935115563642,72.47072451683219,199.75912894080136,88.7923234930375,0,0
2026-02-20 16:19:32.632303,49.71301268106603,59.79679684552187,203.21299880706232,106.62262982159619,0,0
2026-02-20 16:19:42.632303,44.8044441581613,66.75019222094717,204.90228568745235,107.26794046401804,0,0
2026-02-20 16:19:52.632303,46.85925300122179,65.14552854798214,194.85895182373872,102.77552513493532,0,0
2026-02-20 16:20:02.632303,45.33446961406445,56.01227349439149,213.76410612905767,95.56393169792614,0,0
2026-02-20 16:20:12.632303,45.73088456247812,57.427266631891875,213.9790614343484,93.70962138796389,0,0
2026-02-20 16:20:22.632303,49.41172534198918,60.060111001148385,161.65302227979402,85.28873594626482,0,0
2026-02-20 16:20:32.632303,51.681389446237816,57.05188255538921,221.13449822560835,109.66807104250545,0,0
2026-02-20 16:20:42.632303,53.59584333177719,67.27908714925039,198.33821344513635,106.4888192590384,0,0
2026-02-20 16:20:52.632303,47.077995117019846,69.8094796514749,239.67267304872038,100.11880434517792,0,0
2026-02-20 16:21:02.632303,51.93293114952596,65.43719039745922,197.05720990371785,93.43375929200295,0,0
2026-02-20 16:21:12.632303,54.369948755034414,60.31375698433468,203.6598889929052,91.65728656932035,0,0
2026-02-20 16:21:22.632303,41.411639258183015,60.9445696395164,218.099240829884,97.74193250923958,0,0
2026-02-20 16:21:32.632303,57.182147597794334,57.18433469833782,178.9059109006816,99.32769692803869,0,0
2026-02-20 16:21:42.632303,49.58703712324355,63.07987492534089,184.5007435187203,113.68094236814898,0,0
2026-02-20 16:21:52.632303,59.834584812541266,59.84342389212663,224.99420840368637,89.43502929374739,0,0
2026-02-20 16:22:02.632303,55.37610770590958,64.18910563423785,217.26874560379758,99.84436911129706,0,0
2026-02-20 16:22:12.632303,35.228755293789845,57.43309142539148,187.48167964630795,90.21745061939522,0,0
2026-02-20 16:22:22.632303,50.61121502273533,58.324146217915064,183.50775980469956,89.4119985175218,0,0
2026-02-20 16:22:32.632303,46.422435072573855,64.48599684739972,186.77949890745012,94.85061293566727,0,0
2026-02-20 16:22:42.632303,47.71651192488377,61.35597405523768,209.12498977057066,69.55343460756838,0,0
2026-02-20 16:22:52.632303,55.10817606913804,65.74547213697501,178.9962692527666,90.27701755265166,0,0
2026-02-20 16:23:02.632303,47.748733061108645,56.97598392217358,204.47853747893214,80.53474713641135,0,0
2026-02-20 16:23:12.632303,44.4103619598163,66.15678880069963,181.43560065303964,112.43428278102925,0,0
2026-02-20 16:23:22.632303,51.776690977950686,52.762929141646964,212.70658390432413,98.82332697807146,0,0
2026-02-20 16:23:32.632303,47.7226647187513,60.97982837268802,209.49266971133585,107.0759182197462,0,0
2026-02-20 16:23:42.632303,55.89126423774001,61.63254365111342,172.48731822427277,95.2635454234881,0,0
2026-02-20 16:23:52.632303,64.71524167634311,62.89796424152691,247.38574601622994,113.95434082199185,0,0
2026-02-20 16:24:02.632303,51.209010357778745,61.20562827912447,199.2683992024631,82.621953841535,0,0
2026-02-20 16:24:12.632303,50.09023626234112,64.84269821016879,188.00720010357594,104.11952999061809,0,0
2026-02-20 16:24:22.632303,54.257955229465985,56.361278242750096,190.97394271312672,89.8208850952284,0,0
2026-02-20 16:24:32.632303,45.889171966552965,54.849578865387755,181.99103077243947,114.19455680797839,0,0
2026-02-20 16:24:42.632303,45.42261485454854,60.50583687624276,189.9426249265809,111.78865937036939,0,0
2026-02-20 16:24:52.632303,56.55581148301808,63.45627992855579,206.1226910620551,97.68940463159102,0,0
2026-02-20 16:25:02.632303,44.04062647904375,67.77411552448879,184.80653964494894,106.63646347032841,0,0
2026-02-20 16:25:12.632303,55.297827863116986,57.778878012378684,220.76025054631924,107.64213203338855,0,0
2026-02-20 16:25:22.632303,58.63981917690883,58.12261413429316,174.2827196544057,94.9451024455549,0,0
2026-02-20 16:25:32.632303,51.04426771267166,60.232850908340225,192.131242074509,80.90802541022757,0,0
2026-02-20 16:25:42.632303,52.352414980645534,67.8893779163288,209.28502476246007,106.09135519053514,0,0
2026-02-20 16:25:52.632303,52.86222653077551,61.5881866795296,218.6333193373619,103.95373681185666,0,0
2026-02-20 16:26:02.632303,48.43661415173362,56.816044359964984,195.0205268943865,103.14129496450666,0,0
2026-02-20 16:26:12.632303,48.419585194385135,61.25735473252572,208.78300267400834,108.33179431270182,0,0
2026-02-20 16:26:22.632303,56.413974844194904,60.31202967391543,173.84446869704678,96.5489590318081,0,0
2026-02-20 16:26:32.632303,50.220312837033,52.65692497529164,227.77329040204964,101.42377912510466,0,0
2026-02-20 16:26:42.632303,51.906764172901426,65.46210585010506,187.39714339715306,105.7404193088403,0,0
2026-02-20 16:26:52.632303,49.45067938449032,59.26365253193632,184.5561522439124,116.65603213686528,0,0
2026-02-20 16:27:02.632303,48.12249979962215,62.79785698758281,162.49985225056128,111.79988529689787,0,0
2026-02-20 16:27:12.632303,55.261055779785295,60.389736441189214,195.4611506772415,104.00000005613566,0,0
2026-02-20 16:27:22.632303,61.44395330440145,52.94705320438606,215.64054775148256,90.88382697846097,0,0
2026-02-20 16:27:32.632303,49.900408018501345,59.008479523685345,191.4336348440449,99.8953487094727,0,0
2026-02-20 16:27:42.632303,44.32914427361105,64.11672174451186,164.11712977602798,105.39764512828341,0,0
2026-02-20 16:27:52.632303,48.36732073732714,55.31630042477018,204.04766741197392,84.43048913293522,0,0
2026-02-20 16:28:02.632303,50.19856910859817,54.30849236875378,209.22544168635662,90.75642666369625,0,0
2026-02-20 16:28:12.632303,47.745029914853454,61.175797551772646,184.54915776315528,99.42036000331697,0,0
2026-02-20 16:28:22.632303,42.43084749377573,62.52350241438462,235.2982761110154,127.92208867909962,0,0
2026-02-20 16:28:32.632303,50.455840733332195,63.15281656318875,164.38748654185022,115.02734326305588,0,0
2026-02-20 16:28:42.632303,53.88114252362053,58.064266220195066,224.74361600578018,97.45523923354658,0,0
2026-02-20 16:28:52.632303,47.709874084927215,61.901339701709965,178.7329100033936,110.21624764399948,0,0
2026-02-20 16:29:02.632303,44.72005094036578,55.79978084070726,181.8062042318333,107.59500037516122,0,0
2026-02-20 16:29:12.632303,46.916123192401464,54.60801686253132,187.88640000128404,99.67957629319513,0,0
2026-02-20 16:29:22.632303,44.095137581678074,55.39327556386262,242.2259266819917,91.39434596186113,0,0
2026-02-20 16:29:32.632303,48.38478815613497,58.53105199680286,191.57286384459115,106.21346739969103,0,0
2026-02-20 16:29:42.632303,54.74071475236025,58.77618227387363,175.27043426815302,112.74440227848903,0,0
2026-02-20 16:29:52.632303,49.523294544016586,66.92128725942868,155.08828204869673,101.9540322128332,0,0
2026-02-20 16:30:02.632303,59.59303166938104,58.58694345824737,195.49013153330728,102.95511691590339,0,0
2026-02-20 16:30:12.632303,47.206020905575215,58.75171227178907,193.24369811617194,93.72579265573627,0,0
2026-02-20 16:30:22.632303,56.1442827510028,61.84431212918574,205.01256464206605,108.08571006890116,0,0
2026-02-20 16:30:32.632303,48.678220833982664,56.9031847265884,187.94751390770887,100.01783041104609,0,0
2026-02-20 16:30:42.632303,44.70394145813549,57.9989559336533,189.6776671625713,121.24556229829014,0,0
2026-02-20 16:30:52.632303,36.13092530033042,59.28152111437747,234.5138758562954,101.21844464132454,0,0
2026-02-20 16:31:02.632303,53.76708736710546,60.399305260399075,186.6533323756704,77.58084065491087,0,0
2026-02-20 16:31:12.632303,51.027278435181515,56.897573581590436,183.99329187669392,95.01012744020888,0,0
2026-02-20 16:31:22.632303,58.72430703311747,69.61935016901589,204.34415875056803,95.35232776088273,0,0
2026-02-20 16:31:32.632303,44.11386791274395,61.87416064618428,235.65811200130287,97.52659612974843,0,0
2026-02-20 16:31:42.632303,38.105019796233876,62.68019868726209,219.70799422900097,84.14154359614153,0,0
2026-02-20 16:31:52.632303,50.882420918314764,61.804904064544395,198.53785395982123,92.09229080914646,0,0
2026-02-20 16:32:02.632303,55.07968611781778,58.386481016125266,170.29627674600135,79.50525514330319,0,0
2026-02-20 16:32:12.632303,56.30424759999655,62.46665590588447,201.7594709425834,95.59725363149197,0,0
2026-02-20 16:32:22.632303,47.355007928984364,55.69705340623356,191.3708871088023,78.79912784879826,0,0
2026-02-20 16:32:32.632303,46.31968173265743,58.75624993459562,212.19760094380837,99.60073536626636,0,0
2026-02-20 16:32:42.632303,53.9746155693778,65.39654042045372,221.16340187648203,104.70509847378557,0,0
2026-02-20 16:32:52.632303,50.05931339590392,56.07684796634577,214.79888102758633,116.7974738222153,0,0
2026-02-20 16:33:02.632303,51.710530198252094,67.66903659370449,169.48856583877833,88.45836615220459,0,0
2026-02-20 16:33:12.632303,54.27600753874131,61.057160840613,226.27564353143615,99.8452835927326,0,0
2026-02-20 16:33:22.632303,45.66012288735834,59.14562703117983,169.34632058152533,88.71409326902966,0,0
2026-02-20 16:33:32.632303,54.86221998959005,63.49114965787844,207.26008569612154,82.78922479039531,0,0
2026-02-20 16:33:42.632303,48.20798212243556,55.1000004453598,223.5306650757553,94.16277866437399,0,0
2026-02-20 16:33:52.632303,44.57126144609225,60.1191846604857,187.19691086330778,114.83743910203707,0,0
2026-02-20 16:34:02.632303,46.32594551232904,54.40308696310147,156.9417296848497,99.69213497586586,0,0
2026-02-20 16:34:12.632303,47.19034943071037,54.28438157395309,223.7845292251157,106.67245147429242,0,0
2026-02-20 16:34:22.632303,49.85891060531385,65.45730497668346,213.25072066797225,91.77144098481568,0,0
2026-02-20 16:34:32.632303,44.80389918004617,63.271926177815445,207.92733912934702,101.69747767970662,0,0
2026-02-20 16:34:42.632303,45.76751098565546,62.431790268023015,184.89002233732103,98.98013345406322,0,0
2026-02-20 16:34:52.632303,57.2347207319349,57.356663056759416,168.54021485854278,89.4745280812989,0,0
2026-02-20 16:35:02.632303,54.971494133438114,61.01892454952084,197.42245242622494,94.90906194688431,0,0
2026-02-20 16:35:12.632303,52.42679953776595,56.60358059603911,206.1133113728519,92.68745431187043,0,0
2026-02-20 16:35:22.632303,45.51170307362473,57.45005026069995,192.49185107032076,99.51170164066296,0,0
2026-02-20 16:35:32.632303,51.17727897555557,45.24653883428623,183.84698884506471,96.08430022643961,0,0
2026-02-20 16:35:42.632303,57.52531019304165,55.67998956647147,203.25593236199825,114.95030309735837,0,0
2026-02-20 16:35:52.632303,43.43515735026364,61.57590090345761,183.9545633213096,94.95366257710765,0,0
2026-02-20 16:36:02.632303,45.984445830233426,57.072570766336455,254.43824295812988,108.44455872071666,0,0
2026-02-20 16:36:12.632303,55.50868930893105,61.96797394734598,167.87486423196083,103.94957970323307,0,0
2026-02-20 16:36:22.632303,55.36464807253673,56.586402103843554,219.30653334322253,107.04336209854078,0,0
2026-02-20 16:36:32.632303,59.26020022406835,58.328867949945526,178.04778035448547,96.38371890627454,0,0
2026-02-20 16:36:42.632303,57.17785496581811,52.68637647663215,158.63248569137937,100.89395278931613,0,0
2026-02-20 16:36:52.632303,47.78705353612922,60.03091157270274,218.9062354247173,94.47430653881148,0,0
2026-02-20 16:37:02.632303,40.6349708453469,68.17792622879978,180.05543425122448,89.40962877987903,0,0
2026-02-20 16:37:12.632303,55.51860006861298,58.462043515833926,198.73220295930378,104.82790124060318,0,0
2026-02-20 16:37:22.632303,55.41791551554998,58.66615722727291,230.399040118286,78.64200151265194,0,0
2026-02-20 16:37:32.632303,53.79893618476539,56.64188976792937,227.44542633215983,101.42044478830545,0,0
2026-02-20 16:37:42.632303,46.635473339952995,62.65136437208653,217.86376694414503,106.41894122858638,0,0
2026-02-20 16:37:52.632303,44.8515188018347,58.06393150551166,199.9185432575713,99.58740347349939,0,0
2026-02-20 16:38:02.632303,53.74872737719174,51.94039506997357,206.68654109107007,97.1001864556336,0,0
2026-02-20 16:38:12.632303,45.80749691808024,57.0300528889216,195.70924670964072,63.98914895540482,0,0
2026-02-20 16:38:22.632303,46.49355214604225,56.49674070141483,210.6556641864525,91.9447331748948,0,0
2026-02-20 16:38:32.632303,48.92443099914755,66.16910651064521,219.88703039630846,109.02271399943453,0,0
2026-02-20 16:38:42.632303,47.50063784794574,62.17212911715861,195.3220439909281,98.03906789323062,0,0
2026-02-20 16:38:52.632303,52.04842671873275,57.61202564631627,229.86006208886408,98.39869860402062,0,0
2026-02-20 16:39:02.632303,53.091802831298324,65.8224019170292,220.6330754915035,85.91080897309476,0,0
2026-02-20 16:39:12.632303,52.22447947504942,63.40287757784259,217.83726044321497,88.86705165885368,0,0
2026-02-20 16:39:22.632303,46.71482381491338,63.978232942966486,184.76479258634708,97.00303943335686,0,0
2026-02-20 16:39:32.632303,57.87937904750984,59.80880299846084,185.46451724332314,91.22382643137095,0,0
2026-02-20 16:39:42.632303,51.66359664792594,54.66740796609116,195.05328072207163,103.33230534990022,0,0
2026-02-20 16:39:52.632303,56.49574910273834,62.67019232147998,185.71869764035642,111.7841931756372,0,0
2026-02-20 16:40:02.632303,48.50242481226261,55.057187911802366,196.55917281469056,114.38169201145702,0,0
2026-02-20 16:40:12.632303,50.826200250324625,60.050087457319144,232.74423289405706,85.68645152945572,0,0
2026-02-20 16:40:22.632303,43.57200442973614,53.53661411613267,207.4529637296011,101.66493127115125,0,0
2026-02-20 16:40:32.632303,57.71368183639888,60.97390030854708,191.91685681041395,100.01794872878106,0,0
2026-02-20 16:40:42.632303,50.58853709230479,53.31295490668733,254.20663288669786,105.19871018101911,0,0
2026-02-20 16:40:52.632303,51.05004154011294,62.460655937114325,214.1882196117321,98.59446514497569,0,0
2026-02-20 16:41:02.632303,46.8437943187965,62.39780274528682,207.71421681062904,91.90109900910592,0,0
2026-02-20 16:41:12.632303,57.09517805683632,61.17340814529193,214.59638724535262,113.91920887679919,0,0
2026-02-20 16:41:22.632303,50.109444105824174,61.26780802793646,216.20054477012232,92.75138916199948,0,0
2026-02-20 16:41:32.632303,50.270258314230006,60.50219434660459,180.87882896633212,123.17636788673879,0,0
2026-02-20 16:41:42.632303,42.96353278253799,54.80758438525137,226.28453151407157,107.13266250796542,0,0
2026-02-20 16:41:52.632303,44.87017591259611,62.42915606040677,229.3570088999462,99.69736942403014,0,0
2026-02-20 16:42:02.632303,62.99411450037291,53.10375275652786,213.87646907718204,111.66528336221003,0,0
2026-02-20 16:42:12.632303,54.45671950802623,59.18257709341741,194.191170359777,104.44145171087257,0,0
2026-02-20 16:42:22.632303,54.07877243326035,62.40989374512945,220.80115781586778,89.81130042933265,0,0
2026-02-20 16:42:32.632303,48.861145104381826,56.23993627150498,192.27774447827716,110.15220891814306,0,0
2026-02-20 16:42:42.632303,50.539919603626146,70.42743665259908,203.86812734379433,100.59691880579736,0,0
2026-02-20 16:42:52.632303,50.53091459720108,57.448765228560255,198.84326775244813,111.27788027111646,0,0
2026-02-20 16:43:02.632303,50.569853340638865,56.826161080466115,181.4983075904273,95.49798108334157,0,0
2026-02-20 16:43:12.632303,50.3693171720544,64.77434614190504,173.19022717267126,96.80173722111243,0,0
2026-02-20 16:43:22.632303,50.721550097175395,52.665176929482264,183.32803434067188,93.20111460263814,0,0
2026-02-20 16:43:32.632303,46.02014813074751,60.76755818008659,196.78880780996406,94.44713897398964,0,0
2026-02-20 16:43:42.632303,52.13981313276317,66.892298870585,232.78513033483506,80.77228227937664,0,0
2026-02-20 16:43:52.632303,52.885360919175696,59.28790683974464,203.10310685730713,96.01716966457451,0,0
2026-02-20 16:44:02.632303,50.587943149436015,60.605629584288074,188.42096485302153,91.03632452174818,0,0
2026-02-20 16:44:12.632303,47.75652158690258,60.93703705782706,211.97992683368528,108.53348977340147,0,0
2026-02-20 16:44:22.632303,47.52904988466544,61.135378269210946,219.25005183906597,111.65594895144127,0,0
2026-02-20 16:44:32.632303,49.70583572934239,59.11627310024155,203.82248467672784,88.50292527102594,0,0
2026-02-20 16:44:42.632303,49.03195244482246,62.97834559389252,212.83894258887403,97.29732395636111,0,0
2026-02-20 16:44:52.632303,51.08859100543583,56.70139863883725,214.0698429645005,99.22178563863527,0,0
2026-02-20 16:45:02.632303,48.620242741519306,58.553104655626456,198.74212266200283,95.52122355068042,0,0
2026-02-20 16:45:12.632303,53.29071518001282,58.418865807935276,231.85928192054763,114.65210503481381,0,0
2026-02-20 16:45:22.632303,45.54228255072748,60.27881707771712,186.9868675732761,96.73352436811389,0,0
2026-02-20 16:45:32.632303,60.01213733822399,58.769714331536804,207.20452074154858,105.41321294008279,0,0
2026-02-20 16:45:42.632303,44.9968531375838,56.57961810236318,175.87955257183762,91.14029266102223,0,0
2026-02-20 16:45:52.632303,35.749849453414086,62.17832960317451,241.0838768251214,101.47820739036527,0,0
2026-02-20 16:46:02.632303,42.91865570329696,57.42889446840021,190.82246309950006,89.82415222786625,0,0
2026-02-20 16:46:12.632303,54.30091319197578,63.24104017750133,176.8909641236468,107.25081044447508,0,0
2026-02-20 16:46:22.632303,57.63406331788633,67.61023282091824,257.30424046171925,90.98007350556803,0,0
2026-02-20 16:46:32.632303,64.12110213197602,58.58317444596484,188.15069089238972,103.27072374877845,0,0
2026-02-20 16:46:42.632303,47.08969332953494,61.5961765625861,173.59845624525397,97.61247397936566,0,0
2026-02-20 16:46:52.632303,56.4279111718084,59.77175483427538,202.83191573479766,104.75258604717311,0,0
2026-02-20 16:47:02.632303,55.853308146588304,53.37910115124227,211.6904810367487,97.31860860758236,0,0
2026-02-20 16:47:12.632303,50.83318947655919,64.23980067904951,176.1162669717631,89.87355558556911,0,0
2026-02-20 16:47:22.632303,40.32285020143097,57.803364232944894,226.60864688757633,98.79412811526531,0,0
2026-02-20 16:47:32.632303,43.29937552172607,58.05728502169981,170.24276593018755,88.74813898268839,0,0
2026-02-20 16:47:42.632303,51.944094551318564,55.30450669477588,222.25268610406604,99.28879709169664,0,0
2026-02-20 16:47:52.632303,50.42797351972263,58.886508129568426,215.45695677087446,107.8315988777701,0,0
2026-02-20 16:48:02.632303,51.67527175956086,62.25915642363059,195.7582066015915,105.42203006909048,0,0
2026-02-20 16:48:12.632303,48.31061112263097,60.00892648864961,194.50712501267404,95.42781460680804,0,0
2026-02-20 16:48:22.632303,46.55444101139105,61.87076041543554,226.21211825626926,111.71101971669559,0,0
2026-02-20 16:48:32.632303,43.71717332027282,65.15681220562749,193.63682996764143,106.00733015145592,0,0
2026-02-20 16:48:42.632303,45.46892333976395,60.56791965549602,206.27446365793816,85.15395208080348,0,0
2026-02-20 16:48:52.632303,53.04133583172094,65.38374003135326,196.50704108636745,113.60168130828013,0,0
2026-02-20 16:49:02.632303,49.051532532737966,63.398338124186466,155.62860068097802,124.18777779313464,0,0
2026-02-20 16:49:12.632303,57.47729122621479,58.861497982985284,160.55821946712365,102.8802836830549,0,0
2026-02-20 16:49:22.632303,42.78037226463122,61.779414150229954,208.23131438328565,90.58596830997975,0,0
2026-02-20 16:49:32.632303,55.60483511807189,63.2222988112247,219.51646674577125,100.08857703668896,0,0
2026-02-20 16:49:42.632303,42.922379665431464,63.91148908884455,194.59257201728417,86.1021985680733,0,0
2026-02-20 16:49:52.632303,56.76019682987163,68.39763008201004,199.17503742041595,121.59121154603292,0,0
2026-02-20 16:50:02.632303,50.45657364305675,58.47817638333459,187.39083091629044,116.37082407992742,0,0
2026-02-20 16:50:12.632303,46.09928059306114,62.94107723989995,188.81672329881584,95.39693237425637,0,0
2026-02-20 16:50:22.632303,55.151248469847836,58.479852614842585,191.90409241159415,111.32804697174807,0,0
2026-02-20 16:50:32.632303,57.986986466108114,62.578759213136934,186.90460448752103,94.8939150070242,0,0
2026-02-20 16:50:42.632303,50.399576318700184,61.28372024770263,180.24268179720457,107.23037939579864,0,0
2026-02-20 16:50:52.632303,50.427566648197995,53.137166725447486,181.4214703507854,94.95871326348336,0,0
2026-02-20 16:51:02.632303,49.63571155579473,67.55711518201599,204.76342612279257,91.59228110101375,0,0
2026-02-20 16:51:12.632303,51.103154021535815,58.591649010184476,206.49516479067083,105.80567687035615,0,0
2026-02-20 16:51:22.632303,56.04615323611969,59.902854017319896,232.77921055199667,109.08022662536192,0,0
2026-02-20 16:51:32.632303,46.46280227593906,68.83942266299385,206.53989026540197,91.64875496027764,0,0
2026-02-20 16:51:42.632303,58.26456525615211,68.31111034079377,199.3394947256088,94.96349739624404,0,0
2026-02-20 16:51:52.632303,49.13812521273169,62.8589269100708,225.5571331006103,105.70487330863574,0,0
2026-02-20 16:52:02.632303,50.50861604235885,65.9920470812177,193.74327053896957,110.30919338366907,0,0
2026-02-20 16:52:12.632303,48.55968600824361,61.72409183204357,197.72874870419096,99.44147817347189,0,0
2026-02-20 16:52:22.632303,48.11306741268895,65.37941612472278,185.3414792378293,92.59767747451292,0,0
2026-02-20 16:52:32.632303,60.604967829225544,63.911390258617324,152.2977260261393,94.34741260789596,0,0
2026-02-20 16:52:42.632303,40.94005331218973,56.19723722633898,137.22970667531922,98.63010422306057,0,0
2026-02-20 16:52:52.632303,44.29029090419344,60.239621027185756,167.49757482234952,100.8291185317204,0,0
2026-02-20 16:53:02.632303,47.92541860939836,66.00781186075439,228.2271372349125,107.85345603010283,0,0
2026-02-20 16:53:12.632303,48.36693109669394,67.94152158104117,168.93929444320358,85.96441370436338,0,0
2026-02-20 16:53:22.632303,49.581084500554674,69.01615243568448,195.95322186259824,98.16754756790718,0,0
2026-02-20 16:53:32.632303,42.790448219440954,63.78371834108151,219.06352508658708,107.8907520139991,0,0
2026-02-20 16:53:42.632303,46.853896635763185,57.173172926507974,174.1375549919006,100.83872501760933,0,0
2026-02-20 16:53:52.632303,44.59796335360749,55.290333979002845,191.52618566178649,95.10843824815784,0,0
2026-02-20 16:54:02.632303,47.310107355890224,61.86577838736105,201.58095604300559,97.11843969488882,0,0
2026-02-20 16:54:12.632303,50.91506464155741,56.03389183558147,202.10557247819355,101.50602492844634,0,0
2026-02-20 16:54:22.632303,42.484765703212595,63.98277501748145,182.37132589546007,100.90309799206435,0,0
2026-02-20 16:54:32.632303,55.82205870267635,63.70270703085548,200.6866677713767,96.37500997117931,0,0
2026-02-20 16:54:42.632303,54.73755954287783,62.69877991123448,187.63269959911742,92.0510635299831,0,0
2026-02-20 16:54:52.632303,39.63822409152001,60.61612736673435,198.34604509963202,111.36191374642542,0,0
2026-02-20 16:55:02.632303,51.79527546740184,65.33691677669076,186.05271544167658,111.38150330967619,0,0
2026-02-20 16:55:12.632303,47.355418104476726,63.11038424716909,170.82483214938614,102.35135299366189,0,0
2026-02-20 16:55:22.632303,40.07656029277045,58.93145005623298,208.80707987755827,94.79031448768905,0,0
2026-02-20 16:55:32.632303,44.74781185622017,63.38447387718374,197.93074420306152,95.10429352969328,0,0
2026-02-20 16:55:42.632303,50.209479605771385,70.54667656778236,223.07005699563086,111.62573668187841,0,0
2026-02-20 16:55:52.632303,52.17773159496182,60.665941090308586,152.07835423339168,93.21019653536868,0,0
2026-02-20 16:56:02.632303,47.59712793398763,52.50043174380987,176.85168419569132,80.19163529077366,0,0
2026-02-20 16:56:12.632303,49.80838082151314,63.27506388339526,222.13549037248657,104.14784462079241,0,0
2026-02-20 16:56:22.632303,45.183018294007155,52.27173936592016,164.86262601196995,87.31017422745501,0,0
2026-02-20 16:56:32.632303,45.555701509821624,59.361006008033655,179.71671563746062,103.38975893668261,0,0
2026-02-20 16:56:42.632303,48.83863248600264,60.0421828469641,222.8050110534241,88.1976826579963,0,0
2026-02-20 16:56:52.632303,52.093522891461845,59.944107086095705,193.33027438060608,108.8525632086596,0,0
2026-02-20 16:57:02.632303,54.39507077278503,56.21403681604629,196.3567883228415,102.81211682584065,0,0
2026-02-20 16:57:12.632303,48.63496625988708,62.340085329151194,205.6238403582055,118.32561240356013,0,0
2026-02-20 16:57:22.632303,42.348604320351065,59.51025604101041,181.82994976975618,106.04107455439043,0,0
2026-02-20 16:57:32.632303,41.91414054977228,61.385250840899545,187.39903137303318,92.65838133878987,0,0
2026-02-20 16:57:42.632303,42.76750898229656,58.139696215195976,221.69001060581851,99.7481131647052,0,0
2026-02-20 16:57:52.632303,53.13840208937237,66.6585672878651,205.27511169645152,94.41200427937659,0,0
2026-02-20 16:58:02.632303,52.33626107591395,57.822815414742834,189.91154633405662,84.80107200381015,0,0
2026-02-20 16:58:12.632303,54.63128745542196,58.455989697402245,203.64196491631725,89.64038071393361,0,0
2026-02-20 16:58:22.632303,52.179738148577364,56.952235047459666,197.1658255659635,108.77826031239125,0,0
2026-02-20 16:58:32.632303,53.95379656116265,59.911879709932236,164.63737934586564,129.9281057006064,0,0
2026-02-20 16:58:42.632303,58.72929485136568,62.89069929955319,184.9359243681806,98.86407838298035,0,0
2026-02-20 16:58:52.632303,47.28289785111742,65.05542375638555,205.2500578170367,92.15836141640168,0,0
2026-02-20 16:59:02.632303,47.64622450437609,64.48475257027962,232.00195693640956,115.28331563486246,0,0
2026-02-20 16:59:12.632303,53.785160325269885,58.989500524789456,135.1697234934176,102.97160023808222,0,0
2026-02-20 16:59:22.632303,49.9908562057795,60.55992838528542,201.07794694066413,86.73737838050843,0,0
2026-02-20 16:59:32.632303,52.78704278425593,62.5288652561274,213.6467756411932,109.46577003573387,0,0
2026-02-20 16:59:42.632303,53.02025822460811,58.359882353844355,198.5832630416782,100.91124867253377,0,0
2026-02-20 16:59:52.632303,50.538497245533094,63.992870623886915,212.8733750604498,120.77343439569952,0,0
2026-02-20 17:00:02.632303,61.032344899423364,60.3185983304557,123.2668890308126,112.36832466127267,0,0
2026-02-20 17:00:12.632303,47.298118305064726,57.09406431267597,192.03109450021267,95.53356953185394,0,1
2026-02-20 17:00:22.632303,53.061349050526964,54.3622568834951,178.44558508416796,103.43158554197417,0,1
2026-02-20 17:00:32.632303,53.11472015206654,63.46616657974405,184.25927442133403,90.2173435073376,0,1
2026-02-20 17:00:42.632303,47.466825831060405,62.159491009138904,229.709547385451,79.5256281422925,0,1
2026-02-20 17:00:52.632303,48.896356215208165,56.169286235899186,166.9551464529302,109.66956645344817,0,1
2026-02-20 17:01:02.632303,52.723122872496695,63.59773406378905,218.42051679461986,95.20281103233864,0,1
2026-02-20 17:01:12.632303,47.83681241833236,70.84292246689029,195.0685789148085,107.35132113054091,0,1
2026-02-20 17:01:22.632303,50.031907704816575,55.00696587968634,159.10741992397465,94.21015780060095,0,1
2026-02-20 17:01:32.632303,55.280506258349945,65.85316662654401,218.28154328448068,90.12953821063685,0,1
2026-02-20 17:01:42.632303,58.07936245061157,59.14042679925446,204.25648797339937,99.89647710092264,0,1
2026-02-20 17:01:52.632303,49.13063089842707,68.65436855318242,185.89778959668078,86.50394744288072,0,1
2026-02-20 17:02:02.632303,50.099977431032094,62.0006930628539,267.5476583816529,106.76507476439976,0,1
2026-02-20 17:02:12.632303,47.95329712390688,59.67555372325165,162.3942317886243,89.74780914262567,0,1
2026-02-20 17:02:22.632303,50.57470885879566,69.90931460637908,222.43378284775838,102.2909483164638,0,1
2026-02-20 17:02:32.632303,48.384161671487576,65.57524942564862,189.62724005030847,117.18363995763876,0,1
2026-02-20 17:02:42.632303,49.0540490936246,64.4546485670131,155.68355149958663,98.04565153477236,0,1
2026-02-20 17:02:52.632303,54.1824206898247,60.82910969184582,184.98559331014374,107.92711017733664,0,1
2026-02-20 17:03:02.632303,42.616713882409734,69.63120403016768,189.35712219653797,96.11431779508797,0,1
2026-02-20 17:03:12.632303,44.380607974372026,67.21218504171154,249.1974397005876,107.81497239460631,0,1
2026-02-20 17:03:22.632303,45.67857369029732,70.54248234196591,193.666409081315,113.7448498142756,0,1
2026-02-20 17:03:32.632303,54.03338201082181,54.52743373811306,179.91840734089945,109.4438522283539,0,1
2026-02-20 17:03:42.632303,50.75828636072509,62.504976209168596,187.32820969012374,80.9376337991062,0,1
2026-02-20 17:03:52.632303,49.55813356236802,75.74275890406307,216.09866781464652,121.90417001188423,0,1
2026-02-20 17:04:02.632303,54.4119854489499,71.30991737341077,239.48157375490047,103.77263259342226,0,1
2026-02-20 17:04:12.632303,49.0638633924656,71.63063006648805,229.0768047424377,95.20035357287792,0,1
2026-02-20 17:04:22.632303,46.39215458829985,68.35542412972352,216.62997733863324,107.98091048661561,0,1
2026-02-20 17:04:32.632303,42.879161999062006,75.74642426825328,187.17670141206298,97.34935003111421,0,1
2026-02-20 17:04:42.632303,45.4867282000609,79.19331534374835,204.84141340575934,91.49024919318435,0,1
2026-02-20 17:04:52.632303,54.31961774981223,71.77654311724014,196.24545952840234,108.40606712783384,0,1
2026-02-20 17:05:02.632303,45.87354019584568,67.02832690020298,159.79566690867875,86.76048915780437,0,1
2026-02-20 17:05:12.632303,59.03815402835343,75.86571451088925,201.31577297297926,116.62931447189837,0,1
2026-02-20 17:05:22.632303,49.199627566958476,68.62635878972837,201.13021296931112,98.75078404676435,0,1
2026-02-20 17:05:32.632303,48.9240183821991,74.47359242859821,203.00271307912405,107.12481764433805,0,1
2026-02-20 17:05:42.632303,55.15690262638665,71.75274318261893,180.59457348183523,86.47134111035962,0,1
2026-02-20 17:05:52.632303,50.743903174036525,69.81497478070025,201.74782857840245,99.83945960751414,0,1
2026-02-20 17:06:02.632303,62.917868300832836,65.47909497743464,160.2010746035775,103.32376833519609,0,1
2026-02-20 17:06:12.632303,48.11788722705902,72.3642714789198,211.67766044568003,112.84104695178897,0,1
2026-02-20 17:06:22.632303,42.46387089808031,69.17312840857134,208.57522517761527,107.70463595687227,0,1
2026-02-20 17:06:32.632303,60.96724775144193,75.52281588445547,198.86422808227445,91.09564247057338,0,1
2026-02-20 17:06:42.632303,47.1785507364049,69.62918870817157,213.10467257027523,102.5699744558583,0,1
2026-02-20 17:06:52.632303,43.38175214578911,70.55639412363827,217.55095106902843,103.51662354974059,0,1
2026-02-20 17:07:02.632303,52.84322308006385,74.13168684022905,232.5286146921772,102.3604306382437,0,1
2026-02-20 17:07:12.632303,48.06988601064651,69.23697983546576,204.99218916419423,75.59295985224915,0,1
2026-02-20 17:07:22.632303,49.07855499083644,72.37664056031463,172.71058292765437,90.71734161344004,0,1
2026-02-20 17:07:32.632303,54.04828765074121,74.42284699629985,202.03576667414654,103.06347533932022,0,1
2026-02-20 17:07:42.632303,50.46313793974462,78.77145025143325,202.46858363407298,85.4178688618125,0,1
2026-02-20 17:07:52.632303,58.15064982437205,75.58136106931538,188.21492538409865,87.46598281704982,0,1
2026-02-20 17:08:02.632303,51.979571104790224,73.93131198010249,231.4829357206482,96.54092719333173,0,1
2026-02-20 17:08:12.632303,45.813096051587664,78.2831848729437,218.5056378543366,101.68651367610195,0,1
2026-02-20 17:08:22.632303,53.38178523837454,74.84925151703105,204.67730202018495,111.64990882563923,0,1
2026-02-20 17:08:32.632303,53.126591670107516,74.6229022466695,227.04725091852302,76.35144627208487,0,1
2026-02-20 17:08:42.632303,60.26036655710968,68.77616362043706,187.45814350455407,99.5908246480493,0,1
2026-02-20 17:08:52.632303,49.267596646359195,79.92564416010623,178.8432676277953,102.60766817483064,0,1
2026-02-20 17:09:02.632303,47.10893950890123,77.38056391734966,198.70455480404246,100.92935652682978,0,1
2026-02-20 17:09:12.632303,47.25037583767827,74.45974419961567,205.74545028054854,109.43715505756045,0,1
2026-02-20 17:09:22.632303,47.00860332901076,73.32492982170837,212.26920331343675,99.6749610694231,0,1
2026-02-20 17:09:32.632303,54.15249066992976,73.4768111465154,164.4112214915314,94.66995918173666,0,1
2026-02-20 17:09:42.632303,46.16823695367492,77.0848463996788,187.2630957145922,107.4101695133645,0,1
2026-02-20 17:09:52.632303,48.55924868788742,78.3018979950956,203.15269116881888,101.94955092412188,0,1
2026-02-20 17:10:02.632303,49.879354447725134,80.04240276164126,184.08689732348384,113.99417926653884,0,1
2026-02-20 17:10:12.632303,48.81731308315732,73.05380344840528,203.76146713983547,91.48819517552515,0,1
2026-02-20 17:10:22.632303,53.326672672544376,87.4384223041695,184.268558168843,103.32372333223985,0,1
2026-02-20 17:10:32.632303,41.22247205647686,80.71562091776539,182.2857240040062,93.75165381565517,0,1
2026-02-20 17:10:42.632303,44.49356755080086,82.12860490421895,220.14608714946525,100.23385214658508,0,1
2026-02-20 17:10:52.632303,45.6778664733214,85.85809214441545,184.99179744490687,78.37967700072561,0,1
2026-02-20 17:11:02.632303,52.29194504978534,75.38090130543394,219.7721758699835,96.18862303326581,0,1
2026-02-20 17:11:12.632303,53.01856620272098,85.70600138620863,175.82282270758557,94.34062869107595,0,1
2026-02-20 17:11:22.632303,49.621644636714684,86.55020527613738,186.8323456411911,94.05496304050993,0,1
2026-02-20 17:11:32.632303,52.39070287777904,78.39108509715771,203.05051765795233,84.48462579031873,0,1
2026-02-20 17:11:42.632303,61.071649712782985,75.60916307876238,193.56494592019584,99.67518964157905,0,1
2026-02-20 17:11:52.632303,59.56344067178398,76.00061687626904,239.67408270957503,107.57176821102023,0,1
2026-02-20 17:12:02.632303,52.08547662211623,77.66146525192818,211.42282484076148,92.765133775802,0,1
2026-02-20 17:12:12.632303,56.333306265992064,78.01575188356907,197.73683011087832,94.44726911986828,0,1
2026-02-20 17:12:22.632303,45.062385187865026,85.16527926763166,210.70917494819267,112.09010198900997,0,1
2026-02-20 17:12:32.632303,41.10062445895916,86.75668280936418,250.1089781071379,95.48358910823053,0,1
2026-02-20 17:12:42.632303,59.47574306054485,81.7473549117607,172.55180524877386,96.94367557593205,0,1
2026-02-20 17:12:52.632303,55.24101983837638,79.74729407067387,187.99322681987024,105.93539432293191,0,1
2026-02-20 17:13:02.632303,50.01530058369286,85.73849180994696,204.7565908151667,104.79625319551573,0,1
2026-02-20 17:13:12.632303,47.838494070952294,84.62692376812157,181.45253988608133,112.88433622503389,0,1
2026-02-20 17:13:22.632303,46.82862641591343,88.51538995019756,195.3278607803427,102.01999010757321,0,1
2026-02-20 17:13:32.632303,47.525177245546494,80.23601827532788,165.10479224789395,89.4467584140754,0,1
2026-02-20 17:13:42.632303,48.38045573392039,85.44751671531553,220.20758626566527,95.54242540203151,0,1
2026-02-20 17:13:52.632303,45.59019617866413,79.12914085598915,209.60127235808207,113.83194515329343,0,1
2026-02-20 17:14:02.632303,56.331651339781445,88.03973099258894,212.77086634535198,116.9762377970934,0,1
2026-02-20 17:14:12.632303,51.66040730708405,88.0845187040967,193.58432276296003,86.37956629145242,0,1
2026-02-20 17:14:22.632303,46.58075549750212,85.76336384586138,201.21570745002606,119.26285854855394,0,1
2026-02-20 17:14:32.632303,50.40638583795534,90.81537377610258,191.29845516847368,96.88324114234766,0,1
2026-02-20 17:14:42.632303,43.35496181388276,83.43068794849371,210.53962782727507,100.07560180394134,0,1
2026-02-20 17:14:52.632303,54.71469309948617,87.4250157933802,192.95092536724516,121.48296863786959,0,1
2026-02-20 17:15:02.632303,49.530482156434765,91.65200387882122,191.97581586910644,107.09599479383567,0,1
2026-02-20 17:15:12.632303,54.640078295758435,88.13396788230233,152.91034154606797,100.18252460856112,0,1
2026-02-20 17:15:22.632303,56.152300238799874,89.70992333211092,208.91677750458493,82.77743066042481,0,1
2026-02-20 17:15:32.632303,46.3977246466247,89.54543052460576,208.20766553573785,112.14666780132903,0,1
2026-02-20 17:15:42.632303,49.27566622426953,89.82329634669526,200.32748483862588,90.13057263498443,0,1
2026-02-20 17:15:52.632303,38.721043344526265,90.2240387685203,203.47894416825622,93.8182495789983,0,1
2026-02-20 17:16:02.632303,41.904134717420675,91.31895805763494,194.68159851608897,105.56874722368146,0,1
2026-02-20 17:16:12.632303,59.320242652058795,80.53427647872118,186.00798382595272,97.90624386688087,0,1
2026-02-20 17:16:22.632303,57.27413087073325,82.85438792317406,238.7172205136121,101.3585590156629,0,1
2026-02-20 17:16:32.632303,49.51999669133071,88.90776094712437,191.27473935639944,110.48116759269155,0,1
2026-02-20 17:16:42.632303,44.6573962295878,61.381656726575414,192.3163666858605,92.37866551485902,0,0
2026-02-20 17:16:52.632303,62.92987587841948,61.67620293901384,212.26531089322287,111.37776780668662,0,0
2026-02-20 17:17:02.632303,42.89325027340726,67.00916763648813,149.8208564300985,92.3123358996148,0,0
2026-02-20 17:17:12.632303,47.7048416341055,62.32689345988202,204.37436532282976,98.33185259301607,0,0
2026-02-20 17:17:22.632303,49.94001327686138,56.08790790590973,170.05535211031653,107.26511622336061,0,0
2026-02-20 17:17:32.632303,53.468530562680925,66.33797750062823,184.19965806369584,106.92815210300923,0,0
2026-02-20 17:17:42.632303,48.58146635817634,64.76189994077393,220.43925553356283,102.11209399224457,0,0
2026-02-20 17:17:52.632303,48.302349216670066,63.84372871443305,212.93809046513132,93.15559597913817,0,0
2026-02-20 17:18:02.632303,43.361006632602844,58.84586839727282,230.3082763069642,111.46487158733038,0,0
2026-02-20 17:18:12.632303,44.4383626516471,55.32897033640032,225.49367699358973,88.6436409524217,0,0
2026-02-20 17:18:22.632303,52.546476618210036,57.53571513865471,232.34089849043366,92.2957520086212,0,0
2026-02-20 17:18:32.632303,55.71680765102914,60.73943461624146,205.04389708468574,80.29691418648599,0,0
2026-02-20 17:18:42.632303,38.985433233971406,59.117736238930746,204.93812126833222,88.74802172262277,0,0
2026-02-20 17:18:52.632303,44.55653294761829,62.24589051930453,211.2570896091426,98.62258939612073,0,0
2026-02-20 17:19:02.632303,53.90100860593037,55.303190817119415,192.88130165826058,116.47877605783674,0,0
2026-02-20 17:19:12.632303,50.341610649699085,60.505250058348,246.1189317193548,86.0065783415123,0,0
2026-02-20 17:19:22.632303,53.98215183321055,66.6559451192324,193.50284147002907,108.59630786854846,0,0
2026-02-20 17:19:32.632303,45.089902513945475,57.25307041773059,207.69932832095267,107.98566673110591,0,0
2026-02-20 17:19:42.632303,55.60468256203123,66.27851434775798,198.65106882889637,111.93611755172589,0,0
2026-02-20 17:19:52.632303,48.288475782754254,63.608365246353074,204.14977595704363,104.45677907081924,0,0
2026-02-20 17:20:02.632303,52.11753937011019,53.581179960808754,177.51756282278453,101.02541439817523,0,0
2026-02-20 17:20:12.632303,41.563604601794154,63.324844412799024,217.43111932576284,103.2717055287779,0,0
2026-02-20 17:20:22.632303,44.39432993621039,65.52055575547406,240.74421279436717,101.47076827445974,0,0
2026-02-20 17:20:32.632303,52.55267689225618,60.806954619184175,210.60738377997598,98.80441243373603,0,0
2026-02-20 17:20:42.632303,49.827178800780985,63.62287040198946,246.91248323792883,85.99928765598261,0,0
2026-02-20 17:20:52.632303,49.480937577985166,55.27815805907167,231.84049797152167,94.12262030680101,0,0
2026-02-20 17:21:02.632303,42.78399603107103,62.55274799539429,234.88622229486222,106.63597868560763,0,0
2026-02-20 17:21:12.632303,51.02398938640959,61.63656369110397,228.2968132565111,91.2580072998585,0,0
2026-02-20 17:21:22.632303,49.440764479568436,58.189239405961864,176.6426938541658,96.71624740583198,0,0
2026-02-20 17:21:32.632303,55.53860547991224,62.2664085935709,212.886210002164,101.46475611653318,0,0
2026-02-20 17:21:42.632303,52.616618913642945,56.79763863060758,193.8098022814554,101.92004236968677,0,0
2026-02-20 17:21:52.632303,51.38757929440945,61.28075141968749,197.23329435967244,96.22576598869671,0,0
2026-02-20 17:22:02.632303,65.78885641522149,63.62714909172959,208.26294951905246,97.66791501793605,0,0
2026-02-20 17:22:12.632303,47.74390586528062,59.476797625092175,205.85657687173367,81.19564455936919,0,0
2026-02-20 17:22:22.632303,42.153052023126584,57.45247044424417,204.14278873557137,97.60726852848148,0,0
2026-02-20 17:22:32.632303,57.39060613049742,54.07041285201692,184.9730906079326,115.20091740991101,0,0
2026-02-20 17:22:42.632303,50.655596623375736,63.53937033120464,241.02493886538926,93.06195582098178,0,0
2026-02-20 17:22:52.632303,49.50342831103984,58.91029239627651,160.90813991033448,96.8960319624403,0,0
2026-02-20 17:23:02.632303,54.40531093690333,62.16235816724896,212.3816633877602,96.24491019360501,0,0
2026-02-20 17:23:12.632303,46.719513819971795,65.07702268759448,190.05365707284662,102.94082038793213,0,0
2026-02-20 17:23:22.632303,50.81667340338769,65.84686806502847,219.4282471534472,87.04741379332879,0,0
2026-02-20 17:23:32.632303,44.062234166124796,62.315639272276535,198.71324705241668,95.44828216046236,0,0
2026-02-20 17:23:42.632303,55.07813941997235,60.74983752835564,201.04914773778887,107.79828640755049,0,0
2026-02-20 17:23:52.632303,48.12445502528218,66.27407594189022,184.23904753533984,106.56929066342089,0,0
2026-02-20 17:24:02.632303,57.169164193299224,54.4908180429116,193.133296482951,111.42207392885558,0,0
2026-02-20 17:24:12.632303,55.78622273865513,59.314017598447045,185.3065781264628,109.55935822330763,0,0
2026-02-20 17:24:22.632303,55.91774551290803,55.34134660595042,175.9217270206724,102.25256681983599,0,0
2026-02-20 17:24:32.632303,53.14680316714446,58.80372365907978,213.585876399647,92.89863393162618,0,0
2026-02-20 17:24:42.632303,39.426532004631326,58.30439571066962,201.26464293026203,97.24160040103544,0,0
2026-02-20 17:24:52.632303,44.206983681702575,52.73740409648473,189.71822391264203,108.97655771649744,0,0
2026-02-20 17:25:02.632303,56.28098719706841,64.75085353655382,183.68180929702893,88.46293676369636,0,0
2026-02-20 17:25:12.632303,52.483173074899476,62.5404000463917,208.00339210400995,79.85936725762237,0,0
2026-02-20 17:25:22.632303,45.66557707558267,59.881244838856084,209.74436389260853,107.67307362602487,0,0
2026-02-20 17:25:32.632303,50.7212676114102,61.32313522615294,201.69730916722207,106.85619374218483,0,0
2026-02-20 17:25:42.632303,51.564328257454555,60.262950640189146,194.6326240172524,100.81291425042481,0,0
2026-02-20 17:25:52.632303,52.422956894196375,61.069901555592246,207.61652836690507,113.42721861351185,0,0
2026-02-20 17:26:02.632303,51.32581961373294,57.40400591810737,217.67213571988339,86.33801662331082,0,0
2026-02-20 17:26:12.632303,44.59293309630357,61.34338905888028,210.32793335573157,87.54948776496005,0,0
2026-02-20 17:26:22.632303,48.08591259506625,57.575664671121366,190.26647354236806,109.43597776272946,0,0
2026-02-20 17:26:32.632303,53.53252731773627,59.92351128058517,189.08076145770144,86.5035032977986,0,0
2026-02-20 17:26:42.632303,57.10092469390975,62.36845560113967,185.8666179185372,107.19599497624891,0,0
2026-02-20 17:26:52.632303,49.64888189712687,58.85156198055063,208.70423056579205,92.58501750087275,0,0
2026-02-20 17:27:02.632303,48.28121740244945,60.48584425679818,190.01097614229573,106.69085210267524,0,0
2026-02-20 17:27:12.632303,59.3453325183913,56.982807469571426,166.6974940739191,79.98259832523738,0,0
2026-02-20 17:27:22.632303,49.247659292525086,57.34734163949527,204.1572100213416,101.32597672026101,0,0
2026-02-20 17:27:32.632303,41.98391576692952,52.740464682074375,205.9186648069219,101.35428834719957,0,0
2026-02-20 17:27:42.632303,47.87091000816724,53.37142565947078,209.4278252552998,112.71899545423943,0,0
2026-02-20 17:27:52.632303,51.38991220109461,56.61010443773974,200.89104331142303,86.33885919066316,0,0
2026-02-20 17:28:02.632303,55.289803569193964,60.327377338118154,164.63686176493536,96.99325639556318,0,0
2026-02-20 17:28:12.632303,52.316507551171156,58.66780951609791,194.48208557119654,87.75597792952729,0,0
2026-02-20 17:28:22.632303,52.83270493540828,57.40612319992345,156.87109245989933,96.28742629329606,0,0
2026-02-20 17:28:32.632303,54.90574857785177,58.45228221360021,234.7596997024704,104.28967948548517,0,0
2026-02-20 17:28:42.632303,51.69379081140183,59.486406936329566,198.63427584471418,97.36576364880496,0,0
2026-02-20 17:28:52.632303,48.48865303958737,62.1234686482686,181.2833754041887,89.2410617127574,0,0
2026-02-20 17:29:02.632303,44.38402474562311,68.18261819070861,210.6068580334116,103.04492201680145,0,0
2026-02-20 17:29:12.632303,44.71242664853284,62.49336920269931,197.66857307093343,102.1416894113175,0,0
2026-02-20 17:29:22.632303,45.11689842068222,60.64107542967031,191.52332923587034,92.34388842969813,0,0
2026-02-20 17:29:32.632303,53.670531679036245,53.84916876587999,211.295525286283,106.84486133552996,0,0
2026-02-20 17:29:42.632303,45.6017816222438,56.71868615547013,195.53948637467195,102.8203621046222,0,0
2026-02-20 17:29:52.632303,49.23572504092887,61.73424984076752,235.25959305074798,94.92283230850286,0,0
2026-02-20 17:30:02.632303,41.4241001464829,63.30369433212261,233.6662915185506,103.92768363051124,0,0
2026-02-20 17:30:12.632303,44.56125662323166,59.504430547059194,177.62953031576734,106.42855493962948,0,0
2026-02-20 17:30:22.632303,43.24354798650783,58.7994848526872,179.91324347412188,101.26824685134962,0,0
2026-02-20 17:30:32.632303,48.168291614311215,60.707048413001054,200.4470110993273,90.1334097227589,0,0
2026-02-20 17:30:42.632303,53.13438531764511,59.80493739262754,180.22941984268198,122.40926556205793,0,0
2026-02-20 17:30:52.632303,52.38215083358563,59.386957786402775,228.30409053403648,118.41815609386607,0,0
2026-02-20 17:31:02.632303,49.27325288843058,61.38958994573905,180.23994363994117,98.52807249231988,0,0
2026-02-20 17:31:12.632303,49.00468723120065,60.73930813448661,206.6552095727402,105.5982844882806,0,0
2026-02-20 17:31:22.632303,51.1882132814998,55.15702949348334,181.2306578851783,94.53592380536327,0,0
2026-02-20 17:31:32.632303,48.58879704038385,64.20309716188845,176.74122026294174,96.425849518293,0,0
2026-02-20 17:31:42.632303,54.76504749107025,58.80049010201355,209.20831299685648,98.60457957072096,0,0
2026-02-20 17:31:52.632303,51.283916286623615,59.086109824761834,213.34130945456707,84.54943592593565,0,0
2026-02-20 17:32:02.632303,48.18343995805728,61.186290706777235,210.67390496012385,114.92952622753828,0,0
2026-02-20 17:32:12.632303,48.04487666567212,65.9179270474435,186.8195234668066,113.28646411544644,0,0
2026-02-20 17:32:22.632303,54.08733563349186,56.346165681471106,206.14078474503643,99.48764164467808,0,0
2026-02-20 17:32:32.632303,53.127922968375,59.10691364626676,193.85507548676537,113.69094582762851,0,0
2026-02-20 17:32:42.632303,49.50639552772164,63.30568929676706,195.492970299116,116.66663259227523,0,0
2026-02-20 17:32:52.632303,46.60832685332253,57.54342587501126,230.49034362231805,95.55053609104748,0,0
2026-02-20 17:33:02.632303,58.00537153082196,63.56736231837925,196.90700586878333,81.86706527982841,0,0
2026-02-20 17:33:12.632303,49.90340847864082,60.4065202141337,223.34435466608747,115.88447176240112,0,0
2026-02-20 17:33:22.632303,46.57506410428126,63.20472705595273,215.308043120267,110.73412702410445,0,0
2026-02-20 17:33:32.632303,52.493449560677725,52.230009236152924,196.8915513494448,88.44292425083084,0,0
2026-02-20 17:33:42.632303,48.98697113540963,63.920016944535575,206.10301671749946,111.48090866397433,0,0
2026-02-20 17:33:52.632303,51.708769603567696,54.80669624132439,149.58305986854532,101.48808761679591,0,0
2026-02-20 17:34:02.632303,48.93036766824417,56.09221704247247,165.98745500697243,92.65256786527291,0,0
2026-02-20 17:34:12.632303,49.02754257567612,62.66351129482556,203.7726216313596,116.0806724717273,0,0
2026-02-20 17:34:22.632303,44.821979719773026,63.524235568229734,200.94597486257456,106.94669124118585,0,0
2026-02-20 17:34:32.632303,47.81742568367228,64.28672149556236,205.90449516690487,93.2055501508225,0,0
2026-02-20 17:34:42.632303,49.93987985543406,59.0417765642516,209.78356701275587,88.20223250625492,0,0
2026-02-20 17:34:52.632303,49.85324148942153,61.581229010597326,200.66046614386067,113.46941244388995,0,0
2026-02-20 17:35:02.632303,53.87011387035526,59.97007681303701,204.33378194995348,102.95665551482,0,0
2026-02-20 17:35:12.632303,52.01649802083412,52.69736801734157,193.96947408461307,85.15560931806574,0,0
2026-02-20 17:35:22.632303,56.391404737297435,59.75660191998829,196.13318100640754,108.96797332033235,0,0
2026-02-20 17:35:32.632303,52.111623987249374,55.48546194248317,198.58189274945263,96.64833026773616,0,0
2026-02-20 17:35:42.632303,41.27733555696973,57.23889506705118,196.3291935596707,98.85049068508157,0,0
2026-02-20 17:35:52.632303,42.58884288161346,64.6066623321899,197.95793882217123,100.37553076660564,0,0
2026-02-20 17:36:02.632303,52.00320819169919,56.84769498438531,209.12711946265392,96.32925353981817,0,0
2026-02-20 17:36:12.632303,45.51707229676404,62.293789973421596,229.83347717603615,107.24829373485832,0,0
2026-02-20 17:36:22.632303,54.614887825702155,57.9174775737508,168.04760541663086,114.90137522099842,0,0
2026-02-20 17:36:32.632303,60.2725744470238,66.17122709507873,193.284281220405,88.45365661271155,0,0
2026-02-20 17:36:42.632303,44.671586510902166,53.265069729543804,197.8524276317991,116.05677958082455,0,0
2026-02-20 17:36:52.632303,49.29168684063878,61.2092916013931,227.51193928608416,95.959046881676,0,0
2026-02-20 17:37:02.632303,60.17765728359797,67.96837762998982,197.37777322639036,94.22465735980788,0,0
2026-02-20 17:37:12.632303,53.48619023195157,58.60990022992457,176.8688956586533,112.8123865352298,0,0
2026-02-20 17:37:22.632303,56.0822369363854,60.62204641505424,174.74270492543644,87.70473748782614,0,0
2026-02-20 17:37:32.632303,50.53614644209576,58.00051586197987,193.17814135716785,110.21963155060004,0,0
2026-02-20 17:37:42.632303,53.66589658711279,65.51257072199046,180.18753553245486,96.56808431313289,0,0
2026-02-20 17:37:52.632303,53.79490847730057,61.792313364051566,230.64760765175242,104.2053670590407,0,0
2026-02-20 17:38:02.632303,59.24054552052776,62.16007120689256,221.2433489517732,96.76485053215544,0,0
2026-02-20 17:38:12.632303,50.071436059419945,63.6437776153579,232.25956341186108,107.29236949310753,0,0
2026-02-20 17:38:22.632303,49.5841411403269,65.50934011811337,156.1604268744024,85.77765498493126,0,0
2026-02-20 17:38:32.632303,53.40817111834195,60.0564334250125,212.1102730224833,100.64407522431942,0,0
2026-02-20 17:38:42.632303,52.854728473019364,56.742388716027236,211.40972172159383,109.94414528207585,0,0
2026-02-20 17:38:52.632303,56.10275301965616,68.0542171785948,204.88196887004773,102.73911086847178,0,0
2026-02-20 17:39:02.632303,42.38413767913076,57.874354395446304,196.13835851986775,110.50319552276355,0,0
2026-02-20 17:39:12.632303,46.94499437955186,63.18536007899533,199.9675656607324,98.22831884885238,0,0
2026-02-20 17:39:22.632303,51.24446984566628,58.43537451098863,191.4192550381467,82.95214094209885,0,0
2026-02-20 17:39:32.632303,48.760228963360554,58.080127415405094,189.6803802130184,104.16873062590041,0,0
2026-02-20 17:39:42.632303,53.293159763952545,60.92877801856931,219.9083038089895,105.75561925830365,0,0
2026-02-20 17:39:52.632303,48.52471905097179,58.14857485714248,206.25644473533694,105.73767109901901,0,0
2026-02-20 17:40:02.632303,56.98922153515749,64.76469217976039,189.1705398698566,98.97993719872738,0,0
2026-02-20 17:40:12.632303,53.35508902458885,64.2719911122359,218.77938937409584,99.36122167168654,0,0
2026-02-20 17:40:22.632303,43.72988673785742,56.00425449501763,205.4526702863883,103.42225579424345,0,0
2026-02-20 17:40:32.632303,44.506603132828076,60.17827844355708,212.62448713943567,88.48773342492856,0,0
2026-02-20 17:40:42.632303,55.52498600902207,58.4898754057607,225.15226225153302,94.665475542241,0,0
2026-02-20 17:40:52.632303,44.8668725855791,58.16745204063312,198.0970375384536,96.11520093228519,0,0
2026-02-20 17:41:02.632303,48.91999289213443,61.33586059870476,196.576412604072,99.33887606047993,0,0
2026-02-20 17:41:12.632303,41.45386800398702,61.56679206404189,198.21593404616664,116.1029298048287,0,0
2026-02-20 17:41:22.632303,45.30217416373021,52.76681868600194,212.36136987860084,103.46527018313,0,0
2026-02-20 17:41:32.632303,44.95783489734427,53.881004179983634,230.7479346136858,114.14110390606781,0,0
2026-02-20 17:41:42.632303,37.562716206469354,58.167107882973994,233.28384109567799,95.23937442222133,0,0
2026-02-20 17:41:52.632303,47.54693882986674,58.86896268948253,177.5820605246368,82.95224255771956,0,0
2026-02-20 17:42:02.632303,55.26273655367375,52.628252375009296,204.9454290421751,108.8657949275765,0,0
2026-02-20 17:42:12.632303,42.743868505494206,56.302926389619714,224.2635837678318,105.3289172022704,0,0
2026-02-20 17:42:22.632303,46.913571465605564,64.80899601344468,224.13071446908606,102.69052693015708,0,0
2026-02-20 17:42:32.632303,45.49919886063169,58.34620518611282,205.7277348791078,98.11405170852512,0,0
2026-02-20 17:42:42.632303,54.694785891174256,53.88090367956266,170.1147294186752,101.80871111482432,0,0
2026-02-20 17:42:52.632303,47.542277930965476,57.49180554120904,164.63886561651205,100.19545844798182,0,0
2026-02-20 17:43:02.632303,49.73622445999617,62.613915927806964,201.37812266241943,98.67395921759503,0,0
2026-02-20 17:43:12.632303,55.88500318395169,54.7501307862058,210.72778437695152,83.28852835204651,0,0
2026-02-20 17:43:22.632303,45.80819059999596,55.14937146950675,215.63885070903837,99.34589766404606,0,0
2026-02-20 17:43:32.632303,49.93248377703512,55.573068049082195,194.0061300813422,92.36534696690889,0,0
2026-02-20 17:43:42.632303,51.91727507427108,56.035635458673546,226.59588730410152,83.24419550375906,0,0
2026-02-20 17:43:52.632303,45.96740083771719,66.70880203986438,191.29722504075932,86.85121335595588,0,0
2026-02-20 17:44:02.632303,51.09535781268834,58.09843103114183,183.28259488763388,89.04129189201282,0,0
2026-02-20 17:44:12.632303,63.84186802812972,58.993792399263455,161.48865279334245,114.93709759005534,0,0
2026-02-20 17:44:22.632303,53.05535452555285,56.93413427592085,181.33761822627716,106.73472796158231,0,0
2026-02-20 17:44:32.632303,48.765408362552726,52.296088726219594,235.74479929209338,95.66009537784043,0,0
2026-02-20 17:44:42.632303,57.47785868241213,65.11373983186286,179.97980911034372,110.33189864363148,0,0
2026-02-20 17:44:52.632303,46.742787250681594,52.53319765278423,191.50803667955716,103.97637501776279,0,0
2026-02-20 17:45:02.632303,47.68631676001831,58.771806636299594,222.87132089857226,101.06493980290092,0,0
2026-02-20 17:45:12.632303,45.783508443575236,62.808121294669306,203.9535113390849,74.78395198537957,0,0
2026-02-20 17:45:22.632303,52.14176456885724,61.567314830864404,200.4024225916172,108.91700581069576,0,0
2026-02-20 17:45:32.632303,46.63803207836749,61.3459991552836,168.66081257665294,104.07090383398833,0,0
2026-02-20 17:45:42.632303,59.76529847769948,56.02057459012983,184.8039573602445,92.89984557108448,0,0
2026-02-20 17:45:52.632303,50.64999112900798,55.747854908585126,208.4249475738196,108.46839945469165,0,0
2026-02-20 17:46:02.632303,52.671736067268924,52.926338297447714,219.9033533031721,109.3736741425368,0,0
2026-02-20 17:46:12.632303,54.150806861731525,61.4913689946233,204.40378628410267,110.32389398126396,0,0
2026-02-20 17:46:22.632303,59.617567438017275,56.1878381465406,221.56250791589542,99.13782901992548,0,0
2026-02-20 17:46:32.632303,49.351634739857,53.853877238471846,194.3042118096921,90.02735042031584,0,0
2026-02-20 17:46:42.632303,47.68072785247027,55.607254464887404,191.0218322537399,95.93889642976596,0,0
2026-02-20 17:46:52.632303,50.483774592194,53.541000550834674,171.08963704509353,103.61914270730527,0,0
2026-02-20 17:47:02.632303,46.0128094146495,64.29811916091973,204.50539444030093,106.06762150206407,0,0
2026-02-20 17:47:12.632303,57.05346160210448,58.76115675277371,188.5102658916745,108.71702585598814,0,0
2026-02-20 17:47:22.632303,52.54756781964843,59.2506787607148,227.82915933911883,97.8775569016007,0,0
2026-02-20 17:47:32.632303,50.16386818777891,60.08489060333704,181.30812210203058,100.77585389486391,0,0
2026-02-20 17:47:42.632303,56.983800886992455,61.779873261504704,200.62126852797863,98.38232718834331,0,0
2026-02-20 17:47:52.632303,51.654335142031755,62.99906651395674,212.18477661779505,96.6813513817802,0,0
2026-02-20 17:48:02.632303,51.623907970550576,61.919758964593115,179.85610024946044,101.68230541183695,0,0
2026-02-20 17:48:12.632303,39.19348056848819,61.93013483928474,213.20686109125364,107.4754612578646,0,0
2026-02-20 17:48:22.632303,48.024765739152166,61.23618734009614,228.47907691082332,114.13769648291259,0,0
2026-02-20 17:48:32.632303,49.854136503867196,60.55727852291824,222.21822289468867,84.99197984737825,0,0
2026-02-20 17:48:42.632303,48.38462128661488,65.34228182214703,219.50401083369533,103.69263777649904,0,0
2026-02-20 17:48:52.632303,42.470837973346896,59.80035906783535,188.20169207500135,103.31038902817214,0,0
2026-02-20 17:49:02.632303,45.9532665760256,55.89710642010157,158.70269444632717,112.21804684976702,0,0
2026-02-20 17:49:12.632303,48.00114744278471,60.628583134810135,199.95523767051637,89.32566067039501,0,0
2026-02-20 17:49:22.632303,43.70467544275903,55.97873949601106,185.53663122341214,103.66606247013804,0,0
2026-02-20 17:49:32.632303,46.021411682396945,66.98596252637849,220.54302071786302,108.08359549665708,0,0
2026-02-20 17:49:42.632303,49.40170548763425,66.05712294288193,195.6398873775775,99.68738585845755,0,0
2026-02-20 17:49:52.632303,50.849872698746346,62.807292162173376,212.7381615800597,95.24874721555396,0,0
2026-02-20 17:50:02.632303,47.33503140287023,62.55961182860834,214.30473167782466,96.06648875177127,0,0
2026-02-20 17:50:12.632303,42.06405965160773,59.17073561596702,212.47051597651716,118.0541684641978,0,0
2026-02-20 17:50:22.632303,44.01021018829669,58.293714988677706,192.21192876949246,113.55805339431501,0,0
2026-02-20 17:50:32.632303,49.82529249770683,56.37069376251094,211.17390565843638,95.95361479959054,0,0
2026-02-20 17:50:42.632303,43.87806363321023,56.428906770895395,234.6808390884524,103.84209221649462,0,0
2026-02-20 17:50:52.632303,50.538800277262716,59.000425056751816,205.84297684237598,102.80235946002495,0,0
2026-02-20 17:51:02.632303,51.46084414103663,60.45938036111101,217.375966766111,100.23104346000731,0,0
2026-02-20 17:51:12.632303,45.1103058222368,57.55030843639653,160.41962613020576,120.26817116042392,0,0
2026-02-20 17:51:22.632303,54.31377295976343,56.679718019483055,194.363103012058,93.63123525793567,0,0
2026-02-20 17:51:32.632303,57.71273605687058,54.320491342916284,202.2895211763756,98.91472157435152,0,0
2026-02-20 17:51:42.632303,54.134193153545574,59.58396308910122,164.8358224668913,97.4888216535756,0,0
2026-02-20 17:51:52.632303,45.13918891028337,60.31831818622624,228.68354073040652,82.60574755767722,0,0
2026-02-20 17:52:02.632303,45.998886323000484,57.78922818486601,192.36737809173576,107.40125664105244,0,0
2026-02-20 17:52:12.632303,49.13227791219306,61.66321090288178,187.48453912536448,102.29924345417938,0,0
2026-02-20 17:52:22.632303,53.88898815438858,57.070801801051644,215.6271623961303,100.52372768727568,0,0
2026-02-20 17:52:32.632303,55.22730120241126,59.1943203996921,207.624893103242,99.5939376832147,0,0
2026-02-20 17:52:42.632303,49.5189386897971,61.035721712902756,210.73614938449808,87.50435088075994,0,0
2026-02-20 17:52:52.632303,57.16816804408939,52.56134783780081,186.3037578052221,99.057309292351,0,0
2026-02-20 17:53:02.632303,52.06177984542974,66.30469011096551,162.83417023549785,94.9230587161029,0,0
2026-02-20 17:53:12.632303,39.36583256100367,60.12648789564099,205.4336716900006,115.90795742171252,0,0
2026-02-20 17:53:22.632303,50.60317380446727,64.17610051776951,211.67674163078118,95.64751802994832,0,0
2026-02-20 17:53:32.632303,42.955196266039806,61.100009193167246,170.15795965709273,112.95207072669643,0,0
2026-02-20 17:53:42.632303,49.18968948981588,64.78070964604566,190.395711317352,102.68850786400992,0,0
2026-02-20 17:53:52.632303,51.046744286673444,59.8198235279563,191.34680973206815,103.9245601847052,0,0
2026-02-20 17:54:02.632303,45.36918368258396,55.16225868416377,224.85653786653654,107.271679888921,0,0
2026-02-20 17:54:12.632303,50.3294580430112,66.66056953017512,194.6446896255031,113.22703219988979,0,0
2026-02-20 17:54:22.632303,50.87787042462911,55.90099699969444,236.96080383541698,109.90710846624086,0,0
2026-02-20 17:54:32.632303,49.39489484495218,62.90868503813579,191.92593132004185,108.29149035059542,0,0
2026-02-20 17:54:42.632303,38.044607173580204,55.92079466522163,219.58519488573927,97.5034446178108,0,0
2026-02-20 17:54:52.632303,51.03771147444371,54.61285735153826,236.95733991404205,111.90529643717676,0,0
2026-02-20 17:55:02.632303,48.99657390812335,58.38121657254669,220.59208722839386,119.82470450168927,0,0
2026-02-20 17:55:12.632303,54.76880127905677,68.6872106695864,181.55297341876164,91.8061316950121,0,0
2026-02-20 17:55:22.632303,44.05529440973326,61.76704259859792,203.5120709960874,98.48048876528014,0,0
2026-02-20 17:55:32.632303,54.04629314061649,64.92931442085866,169.48675181426316,94.03027972098884,0,0
2026-02-20 17:55:42.632303,54.1007179706153,58.12904526456567,184.0358784728369,110.18537427650395,0,0
2026-02-20 17:55:52.632303,43.5524996513801,58.79368076883558,206.57288051609618,94.26180086089882,0,0
2026-02-20 17:56:02.632303,53.91577828006587,57.72449209921052,228.1723898689184,98.74253702504227,0,0
2026-02-20 17:56:12.632303,53.35635068352677,62.98409581193127,187.44919994511855,79.46513451344111,0,0
2026-02-20 17:56:22.632303,51.80377877331917,60.28915338849948,211.11652055150256,97.73472527617162,0,0
2026-02-20 17:56:32.632303,47.84786150599642,68.0338920439268,170.55291876978444,107.33950478364238,0,0
2026-02-20 17:56:42.632303,47.126990709083046,58.65688552903831,193.6579433485207,91.96565725828742,0,0
2026-02-20 17:56:52.632303,52.8561210511812,65.56257438379983,209.40027322493324,101.03381996212096,0,0
2026-02-20 17:57:02.632303,45.067797504503766,62.067301063297805,243.12699263458597,96.19305376204908,0,0
2026-02-20 17:57:12.632303,48.12008210324067,57.75564347607601,190.2117153101116,72.54700446327615,0,0
2026-02-20 17:57:22.632303,52.025176929278565,56.617791294581544,167.794737624164,107.53189949732548,0,0
2026-02-20 17:57:32.632303,44.58991107479032,58.64532378446497,229.3288478237716,85.90784201975487,0,0
2026-02-20 17:57:42.632303,42.33700882701119,61.07722475824935,222.98974728020738,84.25658282268037,0,0
2026-02-20 17:57:52.632303,52.03844868418589,62.32399815984677,158.81679032615358,107.9850133790722,0,0
2026-02-20 17:58:02.632303,54.3830293992109,58.7528577069759,225.04692724596015,111.36455574324845,0,0
2026-02-20 17:58:12.632303,50.51558962858602,58.19421843870027,180.54344214834086,99.62436490633809,0,0
2026-02-20 17:58:22.632303,52.8487945985209,58.703292555837436,156.04997989475942,112.6871389457657,0,0
2026-02-20 17:58:32.632303,50.95111610922447,58.48150201329266,217.14316776846576,115.24638596482757,0,0
2026-02-20 17:58:42.632303,35.99044215256054,61.737054599688285,171.46701578379304,104.99110506798941,0,0
2026-02-20 17:58:52.632303,50.639636011872895,62.5429061057622,190.0150477101069,81.26759888180848,0,0
2026-02-20 17:59:02.632303,47.74815904371666,61.627390540559134,220.30784657350446,88.28168699527475,0,0
2026-02-20 17:59:12.632303,55.13530213436509,57.408510841413914,207.24899763189052,94.90106047134367,0,0
2026-02-20 17:59:22.632303,50.91085313856051,63.5675105382811,175.4597184542293,93.20094103253169,0,0
2026-02-20 17:59:32.632303,50.92481293671043,69.6063346441214,182.73620575666342,120.40133885996919,0,0
2026-02-20 17:59:42.632303,60.02211651837585,59.610755397193635,194.036949476002,93.07934801335308,0,0
2026-02-20 17:59:52.632303,49.65898734833665,54.373122269761765,198.47521965358806,114.96880273850856,0,0
2026-02-20 18:00:02.632303,46.94457468761641,59.037102784043796,165.97719051465515,103.74062088131043,0,0
2026-02-20 18:00:12.632303,51.32240842475687,60.25480943906308,195.66345899555714,97.07242081227545,0,0
2026-02-20 18:00:22.632303,52.50950116850336,59.88473359364551,206.29943743110664,102.14982817454548,0,0
2026-02-20 18:00:32.632303,55.61713643547881,62.70797638950022,203.8572368630038,115.1842203065218,0,0
2026-02-20 18:00:42.632303,52.101342645282806,65.21985075516167,212.13885216773275,81.58080921068458,0,0
2026-02-20 18:00:52.632303,56.524173816596644,60.54070496537068,198.96090458198444,102.81348347489578,0,0
2026-02-20 18:01:02.632303,48.27508419021466,60.90811544155578,188.16247867313814,112.7427225873437,0,0
2026-02-20 18:01:12.632303,49.43205943189475,58.46966462911027,181.50148368561452,102.68775789148641,0,0
2026-02-20 18:01:22.632303,50.93553550062546,61.55369845471002,179.45496224989742,83.98818801188426,0,0
2026-02-20 18:01:32.632303,53.1279565125328,65.93856744750603,179.47292755220207,115.89441283561699,0,0
2026-02-20 18:01:42.632303,51.4195552936819,59.97174838179668,192.04902606908445,86.15481980575004,0,0
2026-02-20 18:01:52.632303,54.938642579623,56.89757455424959,184.403866485248,109.91926309886955,0,0
2026-02-20 18:02:02.632303,40.585082766641364,53.905608757327336,199.63731512983836,102.93284429004852,0,0
2026-02-20 18:02:12.632303,52.42367323984462,58.792806026414986,250.6073933728338,97.72107441234166,0,0
2026-02-20 18:02:22.632303,48.84606923948639,56.81205332474449,202.47813633042142,106.14961232046775,0,0
2026-02-20 18:02:32.632303,56.0178902726673,54.042862942239125,195.080093232886,104.46703610809143,0,0
2026-02-20 18:02:42.632303,52.93528767297268,60.026194631218154,210.84847939064204,91.910361070742,0,0
2026-02-20 18:02:52.632303,57.789527161591785,63.97051241191772,173.10144425869655,89.24896951883244,0,0
2026-02-20 18:03:02.632303,44.765391249465466,62.711879883586114,174.30544467165066,96.68975665791919,0,0
2026-02-20 18:03:12.632303,52.27352198208387,59.73533626181426,205.17775031425413,89.34197288651242,0,0
2026-02-20 18:03:22.632303,52.97427186698622,57.54715243009601,193.50760651204118,102.37731727905987,0,0
2026-02-20 18:03:32.632303,50.51539110765424,60.09592007606237,184.98746356046487,97.00450588800808,0,0
2026-02-20 18:03:42.632303,50.01091795418518,54.49965906733166,190.74934067373243,103.87679879032846,0,0
2026-02-20 18:03:52.632303,43.61281698077329,64.62632660637696,225.39226525199686,87.54849424039915,0,0
2026-02-20 18:04:02.632303,56.788098165250695,59.42567364515146,208.3702911831411,95.03348947871753,0,0
2026-02-20 18:04:12.632303,54.61522413613381,61.62437607539467,183.71693486804793,88.34798000034712,0,0
2026-02-20 18:04:22.632303,42.69848782395388,60.75176710573103,211.44942823559472,106.50965678779441,0,0
2026-02-20 18:04:32.632303,49.410094526963114,55.37201417734254,186.35850403952435,111.52348638961925,0,0
2026-02-20 18:04:42.632303,47.576857176999596,60.573670522725905,178.48699032850226,103.36583045459035,0,0
2026-02-20 18:04:52.632303,47.71157719160461,64.18685085510306,215.47115412413626,95.042940534251,0,0
2026-02-20 18:05:02.632303,49.36667986326168,57.79553503983748,171.61133606909982,91.42557570452783,0,0
2026-02-20 18:05:12.632303,50.9910866386041,61.301037992918324,202.97095807185278,96.98266946041365,0,0
2026-02-20 18:05:22.632303,54.66533302860493,60.25416761824375,214.06507656191894,82.26224867797481,0,0
2026-02-20 18:05:32.632303,30.387998741908287,61.13515211135232,171.5046869255702,97.87548297286943,0,0
2026-02-20 18:05:42.632303,48.489514794876975,66.34960240966215,207.99993105887214,101.65859026798672,0,0
2026-02-20 18:05:52.632303,54.18495577316837,61.47399034735616,190.84646014023133,110.7147593025456,0,0
2026-02-20 18:06:02.632303,44.45124936055863,61.29298875013425,169.04860411727378,102.03943857515995,0,0
2026-02-20 18:06:12.632303,50.96494820886465,66.70581984765865,168.7005221311644,93.99112824146188,0,0
2026-02-20 18:06:22.632303,54.11341213287072,61.341269025589234,203.60610102675005,90.4386429704146,0,0
2026-02-20 18:06:32.632303,47.045908259542855,64.98016403289303,198.96981612492144,103.75359696144473,0,0
2026-02-20 18:06:42.632303,49.424058356117605,55.26765793900094,218.67620852149994,105.03232384532497,0,0
2026-02-20 18:06:52.632303,61.528184186835944,55.93767448139782,216.45145842400962,86.88456033962999,0,0
2026-02-20 18:07:02.632303,50.78673283836539,63.90602635625266,158.55729767807026,97.95067525758392,0,0
2026-02-20 18:07:12.632303,47.1839513297869,57.19217080681951,207.70425304518707,111.20685706422596,0,0
2026-02-20 18:07:22.632303,49.33360642385422,60.82194571024008,202.28617506118496,100.01803506356414,0,0
2026-02-20 18:07:32.632303,44.55328681143947,64.43377840689158,205.90390736317673,103.94881490002578,0,0
2026-02-20 18:07:42.632303,45.96745185487209,58.16311840804304,196.47731604578442,84.65875306551149,0,0
2026-02-20 18:07:52.632303,41.55982837401161,57.59700827744573,210.4504153288478,93.46862610070059,0,0
2026-02-20 18:08:02.632303,44.90597401204643,56.741257387049316,190.89315153709376,96.46141037179896,0,0
2026-02-20 18:08:12.632303,60.82760726103278,64.21848251394927,220.49548224563455,111.68580364273382,0,0
2026-02-20 18:08:22.632303,45.00589565332975,55.110541540051045,177.86259416931887,113.34506133337838,0,0
2026-02-20 18:08:32.632303,47.26404105558755,54.994575271042855,191.38007599560373,97.61394468285373,0,0
2026-02-20 18:08:42.632303,51.342066368472814,61.00380408284817,183.43638872252984,106.85656392513711,0,0
2026-02-20 18:08:52.632303,46.80403233124921,59.37489465317983,213.7354814100671,93.58178596055659,0,0
2026-02-20 18:09:02.632303,47.15324288209431,62.36667219877253,182.8453364678996,96.15207976395929,0,0
2026-02-20 18:09:12.632303,52.77871089021446,68.2163697657439,212.10809009525494,104.72639762990012,0,0
2026-02-20 18:09:22.632303,52.65400791836365,55.707238903731806,202.31193477359815,99.70233511663598,0,0
2026-02-20 18:09:32.632303,51.60792270186378,60.46603220990348,207.59399354834224,96.88532805100799,0,0
2026-02-20 18:09:42.632303,50.29304458685896,55.08868573577203,193.60185443994172,113.90833548176643,0,0
2026-02-20 18:09:52.632303,51.59404169814128,59.91631585046769,237.92246552508692,86.3916502169892,0,0
2026-02-20 18:10:02.632303,44.4527222227689,66.8508456451051,200.91921872097868,97.57416963710206,0,0
2026-02-20 18:10:12.632303,44.003978374521786,61.790785065580046,210.88919739054924,89.05505639165104,0,0
2026-02-20 18:10:22.632303,49.29862207224786,58.65793667186774,205.1195429283754,88.80749757779355,0,0
2026-02-20 18:10:32.632303,56.259737272565786,63.663295126390416,192.73648882534368,97.83581288361628,0,0
2026-02-20 18:10:42.632303,49.31788924861192,56.886765787973985,191.1314116352993,97.2972963232539,0,0
2026-02-20 18:10:52.632303,58.06434185353564,63.78647323332174,218.69309414673248,103.6992561300439,0,0
2026-02-20 18:11:02.632303,44.41336495534382,59.834035581690486,219.4097691922676,87.41735370632712,0,0
2026-02-20 18:11:12.632303,53.182766034366324,69.29043690105107,221.23633291979462,114.14029135561988,0,0
2026-02-20 18:11:22.632303,51.0916937522108,63.87172779505996,185.6429357129193,107.95863812341227,0,0
2026-02-20 18:11:32.632303,53.27194067030381,61.15964469615065,226.32014839436997,94.61215162152611,0,0
2026-02-20 18:11:42.632303,49.06471241763169,60.38184816543318,179.407780578212,102.26931943800248,0,0
2026-02-20 18:11:52.632303,41.405347935230765,64.18781813771284,200.93274733131932,94.79107096096237,0,0
2026-02-20 18:12:02.632303,45.82813193852439,59.06168388152325,213.76519421544828,105.4773897873756,0,0
2026-02-20 18:12:12.632303,46.472310263607696,56.61584130948946,213.13797412639295,92.7765259538497,0,0
2026-02-20 18:12:22.632303,50.299548870397516,60.49501857009711,206.24124263453476,108.58270430181872,0,0
2026-02-20 18:12:32.632303,43.68518531566339,52.35536269895805,188.65105437543298,118.01528407832186,0,0
2026-02-20 18:12:42.632303,60.11087050043689,67.32470854226355,196.1403726447862,82.17884918015172,0,0
2026-02-20 18:12:52.632303,38.2848044917408,57.543847353802356,196.03852739701279,113.00625401055959,0,0
2026-02-20 18:13:02.632303,54.33902729771223,60.909620315966485,182.20310458117717,90.3922044175511,0,0
2026-02-20 18:13:12.632303,51.27063843535718,62.788203915358906,207.8376252449117,89.65402040393346,0,0
2026-02-20 18:13:22.632303,53.253338143960434,61.70364386840565,178.58667187619642,92.15679029699744,0,0
2026-02-20 18:13:32.632303,53.44247987280783,59.061969859416436,231.78294603272914,105.01129276064576,0,0
2026-02-20 18:13:42.632303,47.56684405905365,59.95917759843627,201.26766785275436,92.7160968675829,0,0
2026-02-20 18:13:52.632303,45.43705900911187,62.805559575238,216.9054659408419,106.03781469552959,0,0
2026-02-20 18:14:02.632303,57.57659047161901,57.83290705595359,233.4854153214226,90.99078881445847,0,0
2026-02-20 18:14:12.632303,44.93657218315754,52.960164471403,191.08409372346367,94.96277663170547,0,0
2026-02-20 18:14:22.632303,52.629686401273254,60.975563766481805,176.14053257961726,96.07273761574183,0,0
2026-02-20 18:14:32.632303,48.14268989456157,52.89607101215243,180.3810654597326,92.29186369385911,0,0
2026-02-20 18:14:42.632303,57.16812509910473,60.76580286382941,213.24337507894998,85.01364502850788,0,0
2026-02-20 18:14:52.632303,55.97107241506996,65.20440825209637,160.03310065710747,92.94683276084152,0,0
2026-02-20 18:15:02.632303,52.47882786507755,62.57755381415273,186.43010539025556,96.94500536946347,0,0
2026-02-20 18:15:12.632303,47.01309469477429,60.44167218778448,223.94357062923825,92.28957842858796,0,0
2026-02-20 18:15:22.632303,55.00410248884207,56.87331171061245,183.0474557500623,108.18594618343214,0,0
2026-02-20 18:15:32.632303,54.60968189003808,63.405639747050614,173.68405183563718,95.34049021927949,0,0
2026-02-20 18:15:42.632303,54.114942960016606,60.16616736225558,178.52614307605072,104.58317939125442,0,0
2026-02-20 18:15:52.632303,46.42596370504265,67.17809939356884,230.89682924836518,106.04097426355567,0,0
2026-02-20 18:16:02.632303,56.80503352384887,60.25916540049352,215.3087498875003,114.77720295302075,0,0
2026-02-20 18:16:12.632303,51.22749340897156,58.97925131394287,165.9075608364577,99.16866474278505,0,0
2026-02-20 18:16:22.632303,54.11711592281156,63.78253371027052,210.0873013143682,94.5870090503776,0,0
2026-02-20 18:16:32.632303,40.115892155262046,58.01913960798106,193.91310257892098,96.87071032809986,0,0
2026-02-20 18:16:42.632303,53.092781784889624,67.94270564405936,202.47058403682186,97.83268210843538,0,0
2026-02-20 18:16:52.632303,48.70389093497954,60.49753906763085,183.43412479303203,101.20198558746056,0,0
2026-02-20 18:17:02.632303,52.254061681658996,60.83874425429795,209.15083868009563,104.33747609348535,0,0
2026-02-20 18:17:12.632303,41.14051658876778,62.547480633581614,186.57970308675092,89.04160836996041,0,0
2026-02-20 18:17:22.632303,44.47774086072502,61.73416644189012,195.54850145550293,83.18031216014589,0,0
2026-02-20 18:17:32.632303,52.390189075961416,54.24156747680469,202.7964271703642,102.38498925673053,0,0
2026-02-20 18:17:42.632303,54.42788540847523,67.1267391458674,172.70647348198918,99.4752614393695,0,0
2026-02-20 18:17:52.632303,48.618323524778916,61.734998743843846,204.31337541867236,96.4745375726338,0,0
2026-02-20 18:18:02.632303,47.795489056945726,55.534196579263806,219.7572316481302,104.59204181599529,0,0
2026-02-20 18:18:12.632303,54.58884098897569,58.75841545409794,186.8632906261114,89.21684933370773,0,0
2026-02-20 18:18:22.632303,51.7945879187033,55.84082710188706,236.973261379331,86.92357418906559,0,0
2026-02-20 18:18:32.632303,51.36830059606251,66.26741882885514,211.98179518527618,101.75673712491779,0,0
2026-02-20 18:18:42.632303,45.15758176519052,54.472923245729184,215.40100217835172,115.06147240774946,0,0
2026-02-20 18:18:52.632303,47.805750047609145,55.4437539695346,150.83661138901962,90.19235156337463,0,0
2026-02-20 18:19:02.632303,49.4317157875048,66.39649296334693,213.46267384465938,103.05085404706753,0,0
2026-02-20 18:19:12.632303,47.99940169349435,57.66733713097617,228.11295195015927,102.0073854075839,0,0
2026-02-20 18:19:22.632303,39.48699654039489,57.30584140841103,182.83567936456745,94.53735990822535,0,0
2026-02-20 18:19:32.632303,52.81455330142543,59.570220472823,198.46269185992676,113.13473161325237,0,0
2026-02-20 18:19:42.632303,46.517694551066555,67.4567981035494,186.57384817257827,100.89198196612571,0,0
2026-02-20 18:19:52.632303,48.59398202298617,60.493676534003846,208.8918399014626,104.33835240088877,0,0
2026-02-20 18:20:02.632303,46.2344133468971,55.508341290209714,250.06343581811421,95.16015660399447,0,0
2026-02-20 18:20:12.632303,53.49606219335993,53.56943475790721,194.40774560190647,98.72800616017557,0,0
2026-02-20 18:20:22.632303,52.364075349639165,49.110183436032244,203.3228122615666,88.50258544632106,0,0
2026-02-20 18:20:32.632303,51.62172855597462,55.854683212647345,182.89034608148836,97.26372389606732,0,0
2026-02-20 18:20:42.632303,44.73835265198402,58.09786221305858,176.1324846291337,81.66829548301273,0,0
2026-02-20 18:20:52.632303,55.0897852621468,54.815805228704285,196.42638224784034,107.52891081493784,0,0
2026-02-20 18:21:02.632303,46.925279487419786,56.699336401017845,204.52476177334842,111.17933822727151,0,0
2026-02-20 18:21:12.632303,44.153423674567655,59.399408671930246,165.35010810065344,96.06798996317809,0,0
2026-02-20 18:21:22.632303,50.171023422690375,56.581501432979735,190.86016332349539,85.9177323169255,0,0
2026-02-20 18:21:32.632303,50.38539305690747,64.2227769955326,178.05712260459072,93.77328233447616,0,0
2026-02-20 18:21:42.632303,52.51273123227091,64.84836287729094,170.13620375582138,98.31215262584051,0,0
2026-02-20 18:21:52.632303,51.415654111597625,59.59177443748461,150.46415866245826,105.01090009308771,0,0
2026-02-20 18:22:02.632303,57.59668175545322,60.466647004678016,179.37787893411473,94.86872753635717,0,0
2026-02-20 18:22:12.632303,58.84956533827797,63.63985016344223,212.80053236768657,103.56412583534376,0,0
2026-02-20 18:22:22.632303,46.69431443904514,59.19771527737693,198.4415452864297,105.49574316064444,0,0
2026-02-20 18:22:32.632303,57.54459447133452,64.47335254717251,171.6123128840792,102.23994968901049,0,0
2026-02-20 18:22:42.632303,53.683816725839485,62.47544132057854,187.4153247322516,129.1410921576836,0,0
2026-02-20 18:22:52.632303,43.614577188344406,55.6672462133358,204.67190162523153,121.16803054963853,0,0
2026-02-20 18:23:02.632303,45.81902574647915,58.93668653741203,221.54587346031386,99.82137845112267,0,0
2026-02-20 18:23:12.632303,48.32698072734852,62.26253160754688,205.45035980459187,110.30438785636791,0,0
2026-02-20 18:23:22.632303,56.45734444532682,61.22801224002145,205.83465450756617,102.14110982286134,0,0
2026-02-20 18:23:32.632303,52.44565278324644,60.22068255148586,199.98783035355422,111.96627120827242,0,0
2026-02-20 18:23:42.632303,57.580580901775214,53.96978822146632,200.2004230348114,93.11305566554765,0,0
2026-02-20 18:23:52.632303,48.44514266756964,61.610064838941284,213.38876743084936,98.87873556388655,0,0
2026-02-20 18:24:02.632303,40.43329832638599,56.139817677695284,217.9299934040033,72.59573577965068,0,0
2026-02-20 18:24:12.632303,55.93713575841,62.08491996257816,226.32352163060045,98.01430813119039,0,0
2026-02-20 18:24:22.632303,39.692972879885474,61.72145056602599,225.4930624807668,109.24721805513421,0,0
2026-02-20 18:24:32.632303,46.686542582559824,60.34704430185059,189.34327462440152,91.80733535810629,0,0
2026-02-20 18:24:42.632303,54.77694285589926,55.20987075493935,182.12367138836774,88.95974366527615,0,0
2026-02-20 18:24:52.632303,42.548762383504766,60.585657167370414,223.2300609696395,98.15123243754735,0,0
2026-02-20 18:25:02.632303,42.471260997179165,63.35977815896811,233.71403508069943,93.53757675853406,0,0
2026-02-20 18:25:12.632303,47.60722866641141,62.062642520333576,232.43747495570102,94.80165854274775,0,0
2026-02-20 18:25:22.632303,43.337751095008976,62.525674425089626,215.981361462846,100.06131450435227,0,0
2026-02-20 18:25:32.632303,47.209333701712744,63.97751492396819,210.56072009095928,92.31564483096507,0,0
2026-02-20 18:25:42.632303,50.245473656528354,54.59316987190142,213.7178091287584,97.37766430617144,0,0
2026-02-20 18:25:52.632303,47.821445838076315,59.868502059390266,200.80615398660495,108.9493006156556,0,0
2026-02-20 18:26:02.632303,52.95545265662611,59.37436288482879,215.2733629943799,104.00737253691614,0,0
2026-02-20 18:26:12.632303,47.86700181856982,59.50112736705405,197.03554222313758,105.05261343174202,0,0
2026-02-20 18:26:22.632303,48.164886926391794,58.438363254313465,239.37514618867917,109.39735481747104,0,0
2026-02-20 18:26:32.632303,46.1969966778743,62.28376397576879,202.36700131310354,103.91551175260093,0,0
2026-02-20 18:26:42.632303,50.686706622825525,64.75857058194094,206.91240689302893,99.37911301785712,0,0
2026-02-20 18:26:52.632303,55.21095288491509,60.933140164351485,202.42957158658115,103.14022602486115,0,0
2026-02-20 18:27:02.632303,49.53195488316817,60.036907971981876,188.26610822476255,92.48832780376121,0,0
2026-02-20 18:27:12.632303,45.0071480675878,54.432066852811694,182.40565277230888,98.25732965533075,0,0
2026-02-20 18:27:22.632303,50.515587912228185,58.91481374740944,152.88593019745284,115.74586357762342,0,0
2026-02-20 18:27:32.632303,55.43240061445191,61.78303940486852,238.14981345106537,90.22635882516289,0,0
2026-02-20 18:27:42.632303,59.438125603130025,56.139143692997806,204.77475850582712,87.26162674865796,0,0
2026-02-20 18:27:52.632303,50.073470477721834,61.544665991993554,196.9061933773089,107.13877444090137,0,0
2026-02-20 18:28:02.632303,50.49507224743628,57.910341086489964,188.6637336439532,108.10913772615696,0,0
2026-02-20 18:28:12.632303,46.73128985096516,63.66161188193975,224.4542358566386,83.3128613765387,0,0
2026-02-20 18:28:22.632303,55.664631936505174,68.2416907937788,205.04007522403856,105.99084185294822,0,0
2026-02-20 18:28:32.632303,55.18502662184579,58.89807073928391,203.6456044707574,86.85800470376891,0,0
2026-02-20 18:28:42.632303,50.69317514265226,61.99244798257816,210.32326045852938,110.6542472359758,0,0
2026-02-20 18:28:52.632303,46.125989109322354,57.86957297330601,237.9101469198271,98.4967162623629,0,0
2026-02-20 18:29:02.632303,51.00016893656164,59.73195983309912,183.56638347389955,116.23529210891806,0,0
2026-02-20 18:29:12.632303,47.36149294039697,55.49085790517228,190.98519445394496,79.98293998274467,0,0
2026-02-20 18:29:22.632303,46.74356267508409,56.127485608590696,212.34857261854648,93.26585760440128,0,0
2026-02-20 18:29:32.632303,54.439019677894244,65.59393597227728,215.62350672575198,97.84611711139924,0,0
2026-02-20 18:29:42.632303,50.705572483527966,53.90006023942376,197.32441254957521,91.39561531933167,0,0
2026-02-20 18:29:52.632303,53.47163190574649,70.2910095569779,209.9964327194762,80.08859851045334,0,0
2026-02-20 18:30:02.632303,48.19384903542814,60.48996370149782,201.74714850520527,92.69186874391247,0,0
2026-02-20 18:30:12.632303,51.22645871318468,55.02999665232245,181.10182554629867,106.45797641603711,0,0
2026-02-20 18:30:22.632303,44.92168384560087,62.15284642196903,172.61072450687885,117.64825883791735,0,0
2026-02-20 18:30:32.632303,46.128650387979725,59.105333712786226,206.61226522180812,94.34650047498906,0,0
2026-02-20 18:30:42.632303,50.717029805356525,62.3014268980805,219.2122646500697,107.91497435972957,0,0
2026-02-20 18:30:52.632303,49.14094768098663,59.41347290382559,246.98217116050066,109.49889068249291,0,0
2026-02-20 18:31:02.632303,45.39088171839893,60.39995265506221,193.29713722443614,98.64665766076891,0,0
2026-02-20 18:31:12.632303,43.85252421145956,58.35230706245619,236.23111546387827,105.79076300875504,0,0
2026-02-20 18:31:22.632303,37.5441929592427,64.86689396999179,221.7925904581832,96.40714695693583,0,0
2026-02-20 18:31:32.632303,53.58631771891608,56.5624031567312,190.59488567467287,114.98546360669854,0,0
2026-02-20 18:31:42.632303,48.641349800651454,52.52107335218004,198.73393554437325,99.21411607085643,0,0
2026-02-20 18:31:52.632303,55.9918428468673,60.05734568870304,191.56835377119415,110.45056145231206,0,0
2026-02-20 18:32:02.632303,50.60395116250555,56.99990927373713,223.09995121083236,101.936617645168,0,0
2026-02-20 18:32:12.632303,50.01462983339719,60.711633565646615,178.58663257166808,94.72346223821663,0,0
2026-02-20 18:32:22.632303,50.01791300916392,59.22134521990128,225.4485676563319,102.17405852727003,0,0
2026-02-20 18:32:32.632303,54.274519613182015,60.0375814183034,221.12576967492245,103.97527756573155,0,0
2026-02-20 18:32:42.632303,50.0671024269423,59.94686764416392,180.91122747418075,105.06915720136311,0,0
2026-02-20 18:32:52.632303,49.79897632731811,57.99203215927518,222.12923541624144,87.49783974105199,0,0
2026-02-20 18:33:02.632303,47.88752052283783,64.11087499511814,206.31045881840507,99.52141072347243,0,0
2026-02-20 18:33:12.632303,51.25501771575073,60.71765668419537,169.66674907428157,96.50738114652039,0,0
2026-02-20 18:33:22.632303,58.08260827256875,57.36270346089133,193.63397971791332,94.58379236690813,0,0
2026-02-20 18:33:32.632303,49.564923883409314,57.66750867470281,209.7348300431612,101.97313412290266,0,0
2026-02-20 18:33:42.632303,53.86773807553509,55.796235335244155,193.19319034234192,97.74277368387865,0,0
2026-02-20 18:33:52.632303,52.278234550442974,56.827115211171865,218.31307608516687,111.86415590517609,0,0
2026-02-20 18:34:02.632303,45.05563826182208,58.03650842042574,189.36136983415815,126.32386204677499,0,0
2026-02-20 18:34:12.632303,47.85049947396057,66.71050176862454,174.6673600978678,90.10349033835637,0,0
2026-02-20 18:34:22.632303,46.566977340758996,56.61724275421391,194.64202531683003,92.91221797278502,0,0
2026-02-20 18:34:32.632303,45.90329203632713,64.63388798589331,224.4758724502633,109.49296498375315,0,0
2026-02-20 18:34:42.632303,52.61999477792164,60.37097226311821,190.05938618668182,90.46842495244908,0,0
2026-02-20 18:34:52.632303,51.81497851716344,55.30547842981281,180.12158141649212,111.52913256204809,0,0
2026-02-20 18:35:02.632303,59.50324520861044,61.573180552665924,222.12914304589287,97.54151682556017,0,0
2026-02-20 18:35:12.632303,43.311629069561576,62.448686474474336,211.38578646540128,100.71668553880244,0,0
2026-02-20 18:35:22.632303,48.78812270947444,63.84884231432439,180.2853393314505,92.26219421109343,0,0
2026-02-20 18:35:32.632303,44.95946746619786,60.33989185054331,178.24213975781484,93.15757819484756,0,0
2026-02-20 18:35:42.632303,46.47122218886401,58.957566670664164,170.25251107192045,100.87204992037267,0,0
2026-02-20 18:35:52.632303,56.23651825332339,60.54196548926705,230.82642289602643,113.33998185876925,0,0
2026-02-20 18:36:02.632303,53.88867523623927,60.29874337054754,200.4500077649088,107.6379977236326,0,0
2026-02-20 18:36:12.632303,48.04164695247984,52.469916994130145,209.84008108205919,88.68931370065029,0,0
2026-02-20 18:36:22.632303,45.18929385904808,60.000895791983154,198.0975024489306,85.8792439368437,0,0
2026-02-20 18:36:32.632303,50.8274578206657,63.86455864344419,177.43316859468433,112.72483330848759,0,0
2026-02-20 18:36:42.632303,42.19914587435028,68.46929657748382,191.77479139033034,101.45616996826891,0,0
2026-02-20 18:36:52.632303,40.53983213757165,59.751455734122764,204.56964355436384,99.13837895900505,0,0
2026-02-20 18:37:02.632303,47.18459461473813,56.21374192588874,222.61053239074622,100.3080713499795,0,0
2026-02-20 18:37:12.632303,57.70376188258386,57.894070580820305,191.30410613255566,108.15594244596163,0,0
2026-02-20 18:37:22.632303,41.885125189982176,55.146146559388306,221.94969942706328,88.28066070776805,0,0
2026-02-20 18:37:32.632303,40.90474492348726,67.47410875229237,172.1236470425159,101.8411939832817,0,0
2026-02-20 18:37:42.632303,50.34542596362136,48.757486733527664,194.65365953664383,104.4841324947911,0,0
2026-02-20 18:37:52.632303,51.771546907594306,63.614082735214005,192.25017370189133,107.12504442092161,0,0
2026-02-20 18:38:02.632303,46.55335465959964,54.3581303343489,174.04543248637535,85.37889544804585,0,0
2026-02-20 18:38:12.632303,55.04792983945597,53.94170596376577,205.48077681298605,97.34075805927567,0,0
2026-02-20 18:38:22.632303,49.486757132746845,65.4544291807988,191.23145265569454,106.11601561549683,0,0
2026-02-20 18:38:32.632303,50.18781675690556,59.39192437746921,245.99938248772946,85.5865825428463,0,0
2026-02-20 18:38:42.632303,56.445659177187224,62.62562626195989,190.40950010736432,116.29318517441612,0,0
2026-02-20 18:38:52.632303,40.75944943805732,57.912933370803714,175.83035591461848,104.1208346487146,0,0
2026-02-20 18:39:02.632303,44.43467949406411,61.732255786965275,196.27127168356893,95.20646057343916,0,0
2026-02-20 18:39:12.632303,51.943236230166555,58.925513504247746,178.22730313881922,128.0137298963498,0,0
2026-02-20 18:39:22.632303,47.564164084854276,51.12956367939194,183.15802620557224,87.3272331162727,0,0
2026-02-20 18:39:32.632303,54.13072808020258,61.28661063836634,207.9742560358069,96.29977534162755,0,0
2026-02-20 18:39:42.632303,48.603248764715396,58.516275585569325,198.37613631729062,108.35333435364835,0,0
2026-02-20 18:39:52.632303,51.68037706252673,62.000451318483464,209.99117816498406,108.84442437381738,0,0
2026-02-20 18:40:02.632303,51.44075020770127,61.435392290715676,223.77612482386314,93.34954081996888,0,0
2026-02-20 18:40:12.632303,45.72128710024246,55.25631360325258,203.6582912724051,81.46267758780877,0,0
2026-02-20 18:40:22.632303,52.31077048029839,59.56322762199779,222.69279399642113,93.28082689535009,0,0
2026-02-20 18:40:32.632303,48.98340857291247,64.48881333317348,227.66271293556304,93.1984763424818,0,0
2026-02-20 18:40:42.632303,50.9089061629358,61.17767591073619,207.47306811242296,97.37424340684377,0,0
2026-02-20 18:40:52.632303,56.40691699061817,52.44118606551382,191.5773953039783,104.47930732772947,0,0
2026-02-20 18:41:02.632303,52.28612405974672,65.41103612245905,223.96450786402573,97.14458374692776,0,0
2026-02-20 18:41:12.632303,56.49935621765302,57.14383302489018,218.61774765583675,118.10522478420992,0,0
2026-02-20 18:41:22.632303,56.074720534274846,60.42308153409649,193.36442456455757,84.71408703740714,0,0
2026-02-20 18:41:32.632303,51.55269818957102,55.53913108811632,184.13730672772127,88.09254199263329,0,0
2026-02-20 18:41:42.632303,47.69803833671672,59.88812234205207,205.4722916233141,93.99493364586037,0,0
2026-02-20 18:41:52.632303,55.346418531975914,59.16717896804013,184.24555133468962,102.26292267243437,0,0
2026-02-20 18:42:02.632303,59.817764167719076,61.34064226614047,192.74288745252787,84.72538643881296,0,0
2026-02-20 18:42:12.632303,48.90293839513965,60.939712500352464,192.2483821748886,83.34615361759,0,0
2026-02-20 18:42:22.632303,45.74717305248283,65.81815384355103,228.68002007460922,91.13360830795402,0,0
2026-02-20 18:42:32.632303,53.36378393599711,55.28570886091931,228.08632563989906,102.45235847894236,0,0
2026-02-20 18:42:42.632303,54.74820749308267,53.13962661126985,213.55274203849777,99.92325936315497,0,0
2026-02-20 18:42:52.632303,54.25964535395421,63.6594711923914,201.315693789495,93.99170360904085,0,0
2026-02-20 18:43:02.632303,53.89848091089747,59.75938200237949,182.54430092944716,90.79847768542314,0,0
2026-02-20 18:43:12.632303,42.61417791843809,57.958835361747745,222.05384092148756,101.77829799705434,0,0
2026-02-20 18:43:22.632303,47.351161470384795,63.21942375272032,183.35046756553223,100.95350274332779,0,0
2026-02-20 18:43:32.632303,49.101848136372425,63.11652250235341,168.45543258160998,91.49802254185344,0,0
2026-02-20 18:43:42.632303,41.80877170452733,58.96161311276292,224.2285500726486,94.94552790346472,0,0
2026-02-20 18:43:52.632303,47.44658030902175,63.48689769673655,221.370991169106,99.11428932731211,0,0
2026-02-20 18:44:02.632303,53.42357427024946,55.69218183648822,227.55948667850828,121.48706293937052,0,0
2026-02-20 18:44:12.632303,52.60607895594362,51.6626735146288,188.83539475204432,106.12825321669321,0,0
2026-02-20 18:44:22.632303,47.89258501416818,65.08879421700038,211.7631452887173,92.93524499234204,0,0
2026-02-20 18:44:32.632303,50.16132405385626,56.42466711744364,196.34830243175116,94.45406759567449,0,0
2026-02-20 18:44:42.632303,55.87380900116519,68.46404822732399,171.37623333528495,80.76783713790248,0,0
2026-02-20 18:44:52.632303,48.77413789074307,53.92633720468527,200.92423207341835,107.48936113805927,0,0
2026-02-20 18:45:02.632303,57.47070948633412,60.80557823486112,196.13689550300842,80.21615083426916,0,0
2026-02-20 18:45:12.632303,50.13092574592899,60.285149042197844,212.77913628425492,92.9151189847091,0,0
2026-02-20 18:45:22.632303,47.824736998820704,54.08799097878326,154.1741438623187,88.91502909203217,0,0
2026-02-20 18:45:32.632303,42.14837092873492,61.346849181682444,189.63731886666287,94.61762869925211,0,0
2026-02-20 18:45:42.632303,45.07793476912394,47.069738269950264,230.166214974951,89.99729477223212,0,0
2026-02-20 18:45:52.632303,47.93789965075047,54.18043133884276,219.43860686881268,101.43428937037325,0,0
2026-02-20 18:46:02.632303,45.86817357367066,58.4310815546239,233.5635984424974,99.27030568118721,0,0
2026-02-20 18:46:12.632303,49.09133231192047,56.23447405544294,162.10837699055395,98.39961326420655,0,0
2026-02-20 18:46:22.632303,51.627425561623085,64.39833785731068,155.0300693100069,88.74903672976971,0,0
2026-02-20 18:46:32.632303,47.09629454721775,59.98607660570719,197.09932616943155,98.78311314312731,0,0
2026-02-20 18:46:42.632303,52.04048029284972,56.38682755688356,218.6828288446739,104.33452441699481,0,0
2026-02-20 18:46:52.632303,48.4008386793596,66.40363196755567,231.12832071143532,109.32895355193808,0,0
2026-02-20 18:47:02.632303,34.90721614716104,66.3157803708719,215.8951704494387,120.06408637712937,0,0
2026-02-20 18:47:12.632303,56.18732295866769,66.31337070998914,217.5730970036076,113.48693198645512,0,0
2026-02-20 18:47:22.632303,59.9706187036722,60.86621895351282,168.5553891184374,96.92539099984857,0,0
2026-02-20 18:47:32.632303,51.94972799691718,60.29955033748623,175.06876067681148,83.68932374805021,0,0
2026-02-20 18:47:42.632303,46.29418665682585,63.230958223936604,231.6067954164594,109.16567613777701,0,0
2026-02-20 18:47:52.632303,55.28713643557068,59.67673770734577,165.1583508458807,95.44779419117295,0,0
2026-02-20 18:48:02.632303,48.706177940638106,58.01179005265727,201.0938973074925,104.4141975989295,0,0
2026-02-20 18:48:12.632303,54.26507594121749,58.887520542534666,161.92481188710815,95.17122280708865,0,0
2026-02-20 18:48:22.632303,50.218551984959916,64.89123168853364,188.6438431563179,105.12543628399402,0,0
2026-02-20 18:48:32.632303,51.45043949817716,60.17560213249355,218.61066638649183,93.39158803247419,0,0
2026-02-20 18:48:42.632303,47.12406775178242,59.95239670762309,187.19706989812602,105.080122910546,0,0
2026-02-20 18:48:52.632303,46.434038478169334,60.905216830980535,197.99654462426486,102.14925964776705,0,0
2026-02-20 18:49:02.632303,47.7012930246848,58.643646821892695,201.920185359941,102.02074506161313,0,0
2026-02-20 18:49:12.632303,49.978990423044216,66.82144942605234,180.18526162517432,99.35796205047286,0,0
2026-02-20 18:49:22.632303,42.13185488941508,61.488325914669545,177.6950692724637,97.21689744123424,0,0
2026-02-20 18:49:32.632303,48.13967837334337,61.12356450640468,188.9441816490964,94.04694302306018,0,0
2026-02-20 18:49:42.632303,57.17928232042949,61.138267161898106,188.77898295955464,97.4916632818877,0,0
2026-02-20 18:49:52.632303,58.226774761353724,59.05934048699561,186.21446753695224,93.15003849873608,0,0
2026-02-20 18:50:02.632303,47.254367595052116,57.622009110293114,174.40704303301513,88.75799903053021,0,0
2026-02-20 18:50:12.632303,45.85339812819315,62.36628407381239,192.37525425454254,97.9283831090596,0,0
2026-02-20 18:50:22.632303,56.350440126274485,65.18002859975367,194.3575011372453,93.69136489316591,0,0
2026-02-20 18:50:32.632303,45.67784843163231,62.77110307883295,195.90585532955424,96.1350510967721,0,0
2026-02-20 18:50:42.632303,45.93167712431224,56.92133436395444,206.40116382986488,86.84561734112738,0,0
2026-02-20 18:50:52.632303,54.97434346893969,57.86462142474033,197.00728111496414,86.63022041859446,0,0
2026-02-20 18:51:02.632303,49.93817030878818,58.68671622923776,198.99838802287067,114.71708898361891,0,0
2026-02-20 18:51:12.632303,50.8884902289512,56.821363263416785,185.77360178906864,105.95131185913769,0,0
2026-02-20 18:51:22.632303,56.49346645496712,61.1276720830042,213.77425489109538,106.09737723336706,0,0
2026-02-20 18:51:32.632303,57.0953220667876,52.20163930909587,213.34437878609057,109.83736043903563,0,0
2026-02-20 18:51:42.632303,43.30638146932213,56.457327263974335,182.98434502743692,92.71209803622617,0,0
2026-02-20 18:51:52.632303,47.59141474532237,60.97041125221977,217.3134930233474,110.81316957768536,0,0
2026-02-20 18:52:02.632303,45.81088469416109,56.62118800518807,226.31643680032445,106.46743935418644,0,0
2026-02-20 18:52:12.632303,50.41432420934498,61.893346702219866,199.4039243629712,105.24584683047615,0,0
2026-02-20 18:52:22.632303,48.3196665174713,61.075219737756925,169.7890789926101,93.12215705174569,0,0
2026-02-20 18:52:32.632303,46.614944116048285,58.50243986717234,181.46973490440504,94.66456374176919,0,0
2026-02-20 18:52:42.632303,42.4279296880094,62.1948019055796,198.3497296217721,82.94792392223982,0,0
2026-02-20 18:52:52.632303,45.82585044726663,61.34640571024867,189.1395610722842,93.03058539861904,0,0
2026-02-20 18:53:02.632303,49.62703661495962,61.37439014071286,171.2729508592168,105.5012848121788,0,0
2026-02-20 18:53:12.632303,45.99853359196312,59.928288127000805,199.2915971861698,94.72933881760225,0,0
2026-02-20 18:53:22.632303,44.88170126934643,58.85725380763095,232.5066061815039,86.38324969536369,0,0
2026-02-20 18:53:32.632303,58.46156509552438,58.96111531569387,200.70742834177278,89.13289188615272,0,0
2026-02-20 18:53:42.632303,46.143652916612595,57.988361399847925,179.08610058244176,97.91082042629128,0,0
2026-02-20 18:53:52.632303,47.96492054096615,67.40312456974293,176.68051628639077,101.02690516748588,0,0
2026-02-20 18:54:02.632303,51.239231409509124,55.71871780539265,213.73654990905678,96.01672987118371,0,0
2026-02-20 18:54:12.632303,37.53805174208466,62.63939844841826,177.66118231795272,89.52225053860901,0,0
2026-02-20 18:54:22.632303,53.43951041446199,58.6113540703262,218.35544301103,112.10166095365318,0,0
2026-02-20 18:54:32.632303,46.77535769838851,63.17304998382012,184.89078397214237,122.33115917132176,0,0
2026-02-20 18:54:42.632303,46.53521497734393,64.10434976384002,216.87580051763152,103.16087822108933,0,0
2026-02-20 18:54:52.632303,46.64728419291659,59.39441003223436,156.92823774110894,102.2442003838225,0,0
2026-02-20 18:55:02.632303,51.74807665514193,60.533997676245484,140.53387657414885,87.34363554910189,0,0
2026-02-20 18:55:12.632303,46.259545085756685,61.166635732756184,205.78677811285968,98.29776208028821,0,0
2026-02-20 18:55:22.632303,53.17622768301978,55.8950304987884,212.20470011387994,104.7474210483989,0,0
2026-02-20 18:55:32.632303,51.88777366418955,59.27183827565737,236.61487649662524,104.93195688489878,0,0
2026-02-20 18:55:42.632303,45.15832068373221,60.99322190294394,215.04966754148438,94.11891401075691,0,0
2026-02-20 18:55:52.632303,55.4463612346555,61.52813482286404,153.15043324669307,102.99671977337927,0,0
2026-02-20 18:56:02.632303,47.96985422793642,62.14871925816694,218.88429680503629,101.95162047141818,0,0
2026-02-20 18:56:12.632303,58.32626116972348,59.285172461746015,212.4963564610775,108.04942573637348,0,0
2026-02-20 18:56:22.632303,49.51327015553634,63.11509723191113,188.10654025675663,95.77431580978782,0,0
2026-02-20 18:56:32.632303,43.43755654831844,60.96563646548019,206.50503351708687,111.7926315857923,0,0
2026-02-20 18:56:42.632303,53.95570002177942,58.86081777341027,176.43640625331446,104.32850402519973,0,0
2026-02-20 18:56:52.632303,55.553765862073206,63.020739895215776,221.68955049714575,97.88110468801757,0,0
2026-02-20 18:57:02.632303,47.666905159121775,57.052394591072805,198.8820706677281,99.21409204031181,0,0
2026-02-20 18:57:12.632303,51.03338814269558,59.48281017185797,197.32744540546457,92.23305947027856,0,0
2026-02-20 18:57:22.632303,54.708095067757455,60.30607224897484,196.51112131429437,92.52570746750796,0,0
2026-02-20 18:57:32.632303,43.34043444804457,65.23185677019737,211.09277416263615,83.76082157430034,0,0
2026-02-20 18:57:42.632303,53.815711503548286,63.689924680932435,202.4875224460186,115.98110895751759,0,0
2026-02-20 18:57:52.632303,51.08359821061441,54.33270588820324,207.30338002096642,102.44897301712729,0,0
2026-02-20 18:58:02.632303,46.98351575610923,62.2942353475097,166.64669467618276,109.9056682744279,0,0
2026-02-20 18:58:12.632303,45.609391481972736,56.06021549953187,197.72350455385046,104.32972928043635,0,0
2026-02-20 18:58:22.632303,50.81962031796715,57.029363336910485,189.87821417616223,88.66957652622538,0,0
2026-02-20 18:58:32.632303,48.87660049185065,64.30008485804363,199.91474124712246,108.59414254759453,0,0
2026-02-20 18:58:42.632303,57.27700668863096,57.647925923852135,196.2685349388927,121.71192861062495,0,0
2026-02-20 18:58:52.632303,57.221717059899724,53.31038189675059,207.74296632121812,100.00559992339696,0,0
2026-02-20 18:59:02.632303,54.13226555429381,57.02008493005978,183.20783255918656,93.23929284706391,0,0
2026-02-20 18:59:12.632303,47.140357269007836,63.26129666723606,176.3759765370224,93.77386100040681,0,0
2026-02-20 18:59:22.632303,41.0549380474928,64.02847129364949,225.42060198862282,96.72926569136213,0,0
2026-02-20 18:59:32.632303,48.51025317593388,61.812887609131586,229.48964014756513,104.08610747563917,0,0
2026-02-20 18:59:42.632303,46.512290287624424,53.52470971205424,177.69747474673025,100.73219450312465,0,0
2026-02-20 18:59:52.632303,46.723362383996026,60.77987082396304,188.94151967527532,89.41853568705588,0,0
2026-02-20 19:00:02.632303,44.11484184273465,66.24941803749292,217.77975498367286,117.30517951827959,0,0
2026-02-20 19:00:12.632303,52.699754503775516,58.280034365540644,226.46681844979875,99.66931998638232,0,0
2026-02-20 19:00:22.632303,51.10420885145176,59.828702483697924,141.0619156143197,116.04735012294853,0,0
2026-02-20 19:00:32.632303,52.455019729788766,61.31929224347404,198.7644787545888,101.63427820386131,0,0
2026-02-20 19:00:42.632303,47.01360532076876,62.466317409229084,173.85803311201735,101.86068432470547,0,0
2026-02-20 19:00:52.632303,52.807867352855524,59.205323464708385,207.4173558494205,90.0866560776575,0,0
2026-02-20 19:01:02.632303,45.17086614552018,60.94686848410557,213.57099309242102,81.2513434449829,0,0
2026-02-20 19:01:12.632303,52.61010317555383,57.82719399849465,196.14387825385174,86.60482076434963,0,0
2026-02-20 19:01:22.632303,45.74191379906646,63.86450130212125,200.65726747960426,96.17221598290442,0,0
2026-02-20 19:01:32.632303,49.417558236844826,61.9568472986572,208.80988992326675,99.24972999603199,0,0
2026-02-20 19:01:42.632303,55.464795554483345,63.88185054762666,208.26744058260792,100.54611782910071,0,0
2026-02-20 19:01:52.632303,53.286605475597696,61.257069687204734,221.21600143611894,108.99561376738308,0,0
2026-02-20 19:02:02.632303,44.90873049291136,55.656147317033174,185.97500911191847,109.76138690066921,0,0
2026-02-20 19:02:12.632303,42.11845501614377,61.579029556431976,207.25086182185922,111.62648058686193,0,0
2026-02-20 19:02:22.632303,50.90169345331944,54.627162437664396,180.81290078703753,88.18004478102175,0,0
2026-02-20 19:02:32.632303,47.3102801683343,59.26839373030429,176.69116947557887,114.70661990652289,0,0
2026-02-20 19:02:42.632303,43.373593140237794,65.38441369544992,223.7032606287868,108.98302549689035,0,0
2026-02-20 19:02:52.632303,46.531166962516245,61.369803516707606,174.45257732898764,109.10907035033749,0,0
2026-02-20 19:03:02.632303,49.63007609231865,58.36271914165326,175.5251030668746,75.22493881370983,0,0
2026-02-20 19:03:12.632303,44.80729571482122,64.45119278245163,191.94333143050392,98.30671142884952,0,0
2026-02-20 19:03:22.632303,53.27777179144226,67.22267551246506,226.50009309891277,90.27664996183812,0,0
2026-02-20 19:03:32.632303,40.28714714281297,69.43845703640042,245.37983223318906,101.88453596429282,0,0
2026-02-20 19:03:42.632303,43.64755877209089,63.85290613557576,197.84032627974779,98.8701887689339,0,0
2026-02-20 19:03:52.632303,54.47229421552564,61.33749898749319,176.2837017797011,96.75258064918026,0,0
2026-02-20 19:04:02.632303,53.30576464330673,62.04100888962007,205.24033148716953,109.33422954475864,0,0
2026-02-20 19:04:12.632303,48.19141506091368,60.71467910087629,132.488417996448,95.50349806157186,0,0
2026-02-20 19:04:22.632303,53.819514542878224,58.43842213153143,190.67545216565776,89.58547048225182,0,0
2026-02-20 19:04:32.632303,55.01682946364573,62.193853094162286,216.5082919564617,82.7378603804211,0,0
2026-02-20 19:04:42.632303,49.19774978367183,58.87955596899997,194.38856586802896,93.83972456282044,0,0
2026-02-20 19:04:52.632303,48.26947864109992,63.398579130826604,161.7429729330434,117.77294768030454,0,0
2026-02-20 19:05:02.632303,52.41920562513231,59.830672417359146,218.13668292745854,85.48165254831565,0,0
2026-02-20 19:05:12.632303,46.67649547424493,59.51569827043778,227.31120740864355,99.53503418873441,0,0
2026-02-20 19:05:22.632303,52.25027335592573,57.64168401625549,209.7368413793498,116.77239592974456,0,0
2026-02-20 19:05:32.632303,54.97763345837057,59.674176048888484,213.50981694530938,105.77516954607212,0,0
2026-02-20 19:05:42.632303,52.532938358486376,64.44781344344163,222.08955407674932,98.72841403125116,0,0
2026-02-20 19:05:52.632303,53.209395307388846,58.467620315360826,181.53855207368844,97.30506244296014,0,0
2026-02-20 19:06:02.632303,49.61860924130209,53.35367604328803,217.2066511883344,72.32674577397603,0,0
2026-02-20 19:06:12.632303,63.57408469743161,66.00751653518527,194.77982551655373,100.09426360563774,0,0
2026-02-20 19:06:22.632303,51.51485936793642,57.64335844804423,203.85238295173872,98.56000022298339,0,0
2026-02-20 19:06:32.632303,49.52863641384517,60.72584425392255,173.72944403292013,100.39569724133648,0,0
2026-02-20 19:06:42.632303,50.817238733087386,60.51539848542366,195.68338489127692,111.37857775969371,0,0
2026-02-20 19:06:52.632303,48.23173722559224,60.90930362729276,225.9459506785109,99.20623859979688,0,0
2026-02-20 19:07:02.632303,51.07231633733775,59.614461454740415,224.74739587127198,97.42275438413705,0,0
2026-02-20 19:07:12.632303,56.41677288644103,59.58564842141174,182.81080553103965,106.79373170574121,0,0
2026-02-20 19:07:22.632303,48.47666083122172,62.48200359639665,145.41191230152532,100.05205261894946,0,0
2026-02-20 19:07:32.632303,47.701973506212596,55.74696525387489,188.935179963204,94.26296855707348,0,0
2026-02-20 19:07:42.632303,49.760071025747095,54.53069415486018,206.32547560519427,113.66214785205788,0,0
2026-02-20 19:07:52.632303,51.404642484739135,63.23595443691604,221.8912490922759,112.36489512184177,0,0
2026-02-20 19:08:02.632303,59.35069346410653,58.00319200689628,185.63032029677768,107.83465648324734,0,0
2026-02-20 19:08:12.632303,53.541331098286996,63.10270119846275,237.78564908500505,100.11369908798494,0,0
2026-02-20 19:08:22.632303,52.130782798230925,56.0784469940661,242.70642247951915,96.63455078790889,0,0
2026-02-20 19:08:32.632303,48.45892035919585,58.61300043596703,187.10208282711324,92.70562951152351,0,0
2026-02-20 19:08:42.632303,47.38147858555237,54.53681628779622,184.29364159473522,119.4896311144762,0,0
2026-02-20 19:08:52.632303,53.67827571820684,63.70361670691087,223.5441757483383,118.34134564362391,0,0
2026-02-20 19:09:02.632303,41.14288724278078,55.08046753885384,183.9255267821063,95.30270203510402,0,0
2026-02-20 19:09:12.632303,48.49715304707375,58.212089788775835,204.38617826264107,100.35295390745216,0,0
2026-02-20 19:09:22.632303,46.38582602410875,51.29780489204972,180.14262589242603,94.50761346687425,0,0
2026-02-20 19:09:32.632303,48.7646028159614,55.48133016275785,190.1838706700716,88.69012611514414,0,0
2026-02-20 19:09:42.632303,49.370903242258336,55.70763468654954,183.0219068725907,86.91315869010862,0,0
2026-02-20 19:09:52.632303,49.23249652215108,56.53420892019041,218.13568533350858,104.05850266692899,0,0
2026-02-20 19:10:02.632303,49.650740659081784,56.81005801062484,207.61040610632605,106.90700889348636,0,0
2026-02-20 19:10:12.632303,50.71344206100815,66.41480742186772,209.19274636149632,109.13607217568034,0,0
2026-02-20 19:10:22.632303,50.66782707767989,62.702657813027905,184.0643753466165,95.41601636787206,0,0
2026-02-20 19:10:32.632303,51.7468177674119,61.36839792622953,210.15223645886496,111.0039289227873,0,0
2026-02-20 19:10:42.632303,42.87514414092294,56.102189809558816,204.59145282148506,92.7563636819654,0,0
2026-02-20 19:10:52.632303,66.88884120644681,62.062878476680545,198.43338302139685,94.84530726916141,0,0
2026-02-20 19:11:02.632303,47.59918858403478,60.12056264526071,202.23963865242516,95.43300855306487,0,0
2026-02-20 19:11:12.632303,48.63423876740049,65.37713830093838,227.6900992530207,102.52033979934878,0,0
2026-02-20 19:11:22.632303,43.29370136381631,62.154012626556174,231.08564883222053,113.69781101962379,0,0
2026-02-20 19:11:32.632303,53.67212926404834,65.68969182114328,201.06768544958044,106.28102969833705,0,0
2026-02-20 19:11:42.632303,46.5961221683741,61.16906182462285,226.5906848794105,94.10576588513109,0,0
2026-02-20 19:11:52.632303,45.69278285267857,60.389955756094785,195.46675592552,106.4914772107042,0,0
2026-02-20 19:12:02.632303,47.73370237026479,66.87375846241086,174.20647804077888,112.53734786219735,0,0
2026-02-20 19:12:12.632303,46.17575385845949,52.81606906166391,204.75750312697735,97.45392013986117,0,0
2026-02-20 19:12:22.632303,44.45195316048485,53.274492433138946,199.83278425457087,109.75836891623818,0,0
2026-02-20 19:12:32.632303,52.92476746543222,60.22682659535706,209.5769514643547,99.72785867622143,0,0
2026-02-20 19:12:42.632303,42.851378784848144,54.316424059106225,195.93662942030642,98.39346713633925,0,0
2026-02-20 19:12:52.632303,54.25491339253382,63.02921689509899,212.10266031517898,97.1971728692282,0,0
2026-02-20 19:13:02.632303,43.096739149449306,61.648284548264094,210.50338626524336,76.11468537522313,0,0
2026-02-20 19:13:12.632303,45.828309067086686,57.23578249042441,202.36700402246873,91.96639567234305,0,0
2026-02-20 19:13:22.632303,49.8093271558768,59.15786023858803,196.81701056924544,92.83605706299254,0,0
2026-02-20 19:13:32.632303,46.805074729666615,55.67893176087723,207.60134881147664,105.71102628591368,0,0
2026-02-20 19:13:42.632303,46.146910249373306,66.08256038406817,193.70797105115903,115.30185623796561,0,0
2026-02-20 19:13:52.632303,46.78936413084198,51.89368889360226,208.043956498247,102.48545105118987,0,0
2026-02-20 19:14:02.632303,50.17196897653792,57.43107008622404,199.30855549028362,94.88740542130472,0,0
2026-02-20 19:14:12.632303,48.48825216834125,63.3665290230603,203.68434459060188,106.09951387331978,0,0
2026-02-20 19:14:22.632303,48.84065746687105,58.6319306167809,176.93034938222712,96.29963387431803,0,0
2026-02-20 19:14:32.632303,33.394427222054304,57.63911213477746,198.36251645618322,105.63673654270156,0,0
2026-02-20 19:14:42.632303,48.65661061237522,61.39069416898,156.4042267721951,99.43163147793051,0,0
2026-02-20 19:14:52.632303,41.60248603543298,55.16678593736267,196.25668904272277,112.76263987873554,0,0
2026-02-20 19:15:02.632303,51.856033817350294,60.07292398854847,199.60939221065794,92.86371106795532,0,0
2026-02-20 19:15:12.632303,47.28008293313658,61.70950418188319,172.2927896311101,105.93054050283021,0,0
2026-02-20 19:15:22.632303,48.057464664405735,63.30222829947826,219.22186914464166,83.2691598749426,0,0
2026-02-20 19:15:32.632303,47.09209618386391,56.577889248237504,163.74544069853715,89.6746672379059,0,0
2026-02-20 19:15:42.632303,62.2062792263267,62.43803958484976,238.34575937211508,108.29098440018336,0,0
2026-02-20 19:15:52.632303,46.290784194957624,58.47291521330383,211.76872360480615,104.37506203473036,0,0
2026-02-20 19:16:02.632303,47.11328992145833,53.96002731768317,265.7552237477748,98.58850327657194,0,0
2026-02-20 19:16:12.632303,48.3713055340869,60.45333785562121,195.14542821377944,101.22728907705483,0,0
2026-02-20 19:16:22.632303,56.4347364305821,59.50180608125431,176.74579121344476,98.38356205521389,0,0
2026-02-20 19:16:32.632303,47.67799109295045,65.6955957489874,223.4223812947514,101.07525000430799,0,0
2026-02-20 19:16:42.632303,43.606320725903714,55.09643094624022,200.30246523169106,103.3632296932128,0,0
2026-02-20 19:16:52.632303,48.126885903369725,58.079321663171065,188.14401533642706,99.76606039756054,0,0
2026-02-20 19:17:02.632303,38.08618823963467,55.59469348492116,187.458983091053,112.0750319495192,0,0
2026-02-20 19:17:12.632303,45.93093179035535,60.72187256732482,204.53085501861992,112.97916505660763,0,0
2026-02-20 19:17:22.632303,56.31288703482075,59.76998812482034,190.49030517621114,93.3616689717431,0,0
2026-02-20 19:17:32.632303,48.7946838876711,58.2638665827056,211.07254818716464,104.20309817485204,0,0
2026-02-20 19:17:42.632303,52.959005955725075,65.03713484574467,237.25738242800355,101.24663393407558,0,0
2026-02-20 19:17:52.632303,55.49731885697827,58.59335926466314,223.7001396716603,110.61509157175844,0,0
2026-02-20 19:18:02.632303,55.04207984971496,60.3762793647661,186.6328367201822,86.05471562134524,0,0
2026-02-20 19:18:12.632303,49.7998139623945,66.13205016899673,193.80310197271854,107.85126585460054,0,0
2026-02-20 19:18:22.632303,54.219757002594655,58.86525511629131,226.3268967503904,70.91339255519496,0,0
2026-02-20 19:18:32.632303,43.886248606309124,56.33747081456616,183.6056995426522,103.36262951185896,0,0
2026-02-20 19:18:42.632303,51.45018901526951,61.57596228870003,211.92162988264974,90.4989543085435,0,0
2026-02-20 19:18:52.632303,43.9091196659634,61.585278728031454,187.3953585270712,84.29524954632029,0,0
2026-02-20 19:19:02.632303,54.85672142270741,65.58040762600919,231.14321779397318,101.8700772147472,0,0
2026-02-20 19:19:12.632303,53.12966047986451,65.47947289344765,187.1716841995313,111.10677684054092,0,0
2026-02-20 19:19:22.632303,51.37698117071604,63.65484660937037,203.7218604175187,112.96256709748002,0,0
2026-02-20 19:19:32.632303,51.11761881270768,54.06408376213033,229.03853264629444,90.52469259027887,0,0
2026-02-20 19:19:42.632303,56.26529105121957,59.639028474238714,223.52021970395413,111.34768614866765,0,0
2026-02-20 19:19:52.632303,52.15071487157686,62.03414127050852,208.45257234385133,79.86175243718922,0,0
2026-02-20 19:20:02.632303,50.59165109449101,55.53574329571242,203.42374287491324,88.57057453616784,0,0
2026-02-20 19:20:12.632303,44.075240293869626,66.41973800701561,221.38894776248378,99.95857415055846,0,0
2026-02-20 19:20:22.632303,50.92384325124512,59.00833589702796,211.39752751959045,93.23945633451196,0,0
2026-02-20 19:20:32.632303,54.96870131433979,58.987652635943554,191.60306008337542,100.21713018484843,0,0
2026-02-20 19:20:42.632303,47.04426585037195,61.31472939798593,189.252748213732,104.68523602818836,0,0
2026-02-20 19:20:52.632303,56.08003269455738,57.122713252767305,197.38849085409657,104.61330713035422,0,0
2026-02-20 19:21:02.632303,47.820713225092966,61.85728224330666,211.1079772130348,110.83261776294304,0,0
2026-02-20 19:21:12.632303,46.97004976957544,56.2288990390781,193.84845220872512,90.322476604529,0,0
2026-02-20 19:21:22.632303,52.822491020237486,55.35299479929436,246.66032836505377,112.9592786157375,0,0
2026-02-20 19:21:32.632303,50.062878848001574,63.4695779719919,167.26396271378417,125.23373331399557,0,0
2026-02-20 19:21:42.632303,47.04892693899755,59.51801034440256,162.88133425623127,104.86287304740895,0,0
2026-02-20 19:21:52.632303,44.468279214614455,60.406623046264116,189.11451134150923,89.22256065069656,0,0
2026-02-20 19:22:02.632303,45.97819249118692,60.90315213634209,174.3701805426235,92.51188328976423,0,0
2026-02-20 19:22:12.632303,53.316366906322386,70.40991949949725,209.5517763910601,90.82738357822713,0,0
2026-02-20 19:22:22.632303,48.164429149638444,60.12635602461031,193.01150098728584,109.03058166736933,0,0
2026-02-20 19:22:32.632303,51.08736741507112,63.63140953963948,193.71112419404741,113.25500219721256,0,0
2026-02-20 19:22:42.632303,49.16757207859227,56.11524052344804,243.54640762084443,81.75022253038884,0,0
2026-02-20 19:22:52.632303,46.306306373475365,57.49188859267842,250.16612546113126,118.06858884146511,0,0
2026-02-20 19:23:02.632303,57.46964071821099,58.677365350494675,248.5235600768355,103.68352003840971,0,0
2026-02-20 19:23:12.632303,54.88631685151561,60.71878152442483,199.01066857353496,97.4822132607362,0,0
2026-02-20 19:23:22.632303,48.95180003290419,62.43396659471232,207.34399597550777,99.68528629796316,0,0
2026-02-20 19:23:32.632303,57.54761996349427,48.132987725037076,210.1977449584239,107.17738706658979,0,0
2026-02-20 19:23:42.632303,55.73481434127585,59.740514235786556,204.15840134767916,109.85948383314721,0,0
2026-02-20 19:23:52.632303,57.4558320214009,58.797856059284925,205.3395156625512,116.78573964348757,0,0
2026-02-20 19:24:02.632303,39.379864620605744,57.23994960074166,229.31671957205927,110.92537833608303,0,0
2026-02-20 19:24:12.632303,52.612226054633474,58.20561250756352,182.36363002029162,94.08784380757626,0,0
2026-02-20 19:24:22.632303,57.740041104093464,57.48622924337862,202.02845928479314,92.46292355138254,0,0
2026-02-20 19:24:32.632303,54.21387015049513,57.84509487861423,198.04812219691172,83.16617866957174,0,0
2026-02-20 19:24:42.632303,41.9331588189753,60.03069277328603,173.49685689604476,121.05086639334502,0,0
2026-02-20 19:24:52.632303,39.692384439438754,56.79929880534358,200.33401734535101,96.34867062204215,0,0
2026-02-20 19:25:02.632303,44.479272716680406,56.16828864201893,180.18691845001524,97.13278305179936,0,0
2026-02-20 19:25:12.632303,59.75964544758712,60.31174918623284,223.65800978775047,105.06976345828141,0,0
2026-02-20 19:25:22.632303,55.5693119899111,48.80014278962565,193.9108395770354,113.07135423150714,0,0
2026-02-20 19:25:32.632303,47.14132088625333,67.04989265947845,229.67780307535523,95.30869283872538,0,0
2026-02-20 19:25:42.632303,47.48418240476822,55.945576630582124,187.40811536272406,87.67410935831084,0,0
2026-02-20 19:25:52.632303,52.14405590216503,54.17581402661427,212.07466032380444,106.28078696900249,0,0
2026-02-20 19:26:02.632303,41.69397797408038,66.19927442531336,210.27218588830445,107.49698021444868,0,0
2026-02-20 19:26:12.632303,46.20667399228614,62.48951647389247,222.52786899444132,99.01391600995322,0,0
2026-02-20 19:26:22.632303,60.009612296241805,60.17625853965175,222.81571600904948,102.93008807258656,0,0
2026-02-20 19:26:32.632303,52.92760766428434,53.31467092946091,207.42107476430726,92.65024898742735,0,0
2026-02-20 19:26:42.632303,45.768008471111564,66.97641273786391,195.72459503875302,89.96698169024503,0,0
2026-02-20 19:26:52.632303,48.204341859455624,54.798199084312344,228.6776893639254,93.04319255833485,0,0
2026-02-20 19:27:02.632303,52.646499669718345,65.42442685684131,189.99694637570542,105.32022432272785,0,0
2026-02-20 19:27:12.632303,44.84956972547785,69.78307827645473,218.72760269233245,98.07393561239194,0,0
2026-02-20 19:27:22.632303,46.13583134555518,59.54401378864149,193.20032555296962,119.52944553999507,0,0
2026-02-20 19:27:32.632303,43.87232638892549,60.53920569316082,199.6332386673258,98.82589699655131,0,0
2026-02-20 19:27:42.632303,49.45691672530829,59.53571675951807,217.461321326642,106.08984446492435,0,0
2026-02-20 19:27:52.632303,52.09455805686393,47.864042551418926,205.99589748326326,83.44360639829918,0,0
2026-02-20 19:28:02.632303,53.23160081567913,65.89798947028206,181.47521774822897,97.38219277657294,0,0
2026-02-20 19:28:12.632303,47.003221474735014,64.9417271030272,201.90055770544146,117.28329380566333,0,0
2026-02-20 19:28:22.632303,52.06877101473694,60.969800722543276,201.36413565205672,108.17992099257337,0,0
2026-02-20 19:28:32.632303,41.31156900877328,60.34137582208204,198.5990711254407,107.25418827157766,0,0
2026-02-20 19:28:42.632303,49.06149197062982,55.84506226334932,200.147013498394,89.17159471131657,0,0
2026-02-20 19:28:52.632303,40.373688937062575,62.90848992594197,211.58123145389342,104.67090943993574,0,0
2026-02-20 19:29:02.632303,56.51464210972905,57.3398724387843,171.3777171445749,99.29970223191955,0,0
2026-02-20 19:29:12.632303,48.262498501470446,56.630817132919724,198.4030169302441,93.88394853795415,0,0
2026-02-20 19:29:22.632303,40.81997358321584,58.23529323682496,177.27249666592286,102.31648071610923,0,0
2026-02-20 19:29:32.632303,46.719826208796725,64.44652589656421,232.07732134535732,106.79381373011906,0,0
2026-02-20 19:29:42.632303,42.2448690900834,66.02078399551615,231.5144090074753,100.18790511307941,0,0
2026-02-20 19:29:52.632303,56.61463080167766,57.79329944781329,162.6750813030082,92.39715561378407,0,0
2026-02-20 19:30:02.632303,58.646504330223785,54.03568030555411,199.9904256386299,100.34143893340212,0,0
2026-02-20 19:30:12.632303,47.43512878016094,58.22591360065154,201.44498268472407,94.37837658065273,0,0
2026-02-20 19:30:22.632303,42.88970751416034,60.860127771773826,221.46733164889946,108.69572518653422,0,0
2026-02-20 19:30:32.632303,45.951322663050945,54.995088338489296,194.31624235690444,115.67791509795664,0,0
2026-02-20 19:30:42.632303,53.22799039479773,62.815858707176936,217.7971390357099,104.20766562518587,0,0
2026-02-20 19:30:52.632303,50.60304273806789,62.64922758659187,189.0766779156396,85.85536988633679,0,0
2026-02-20 19:31:02.632303,53.61498467312162,64.9509524229969,177.6353612128794,108.219214824159,0,0
2026-02-20 19:31:12.632303,58.40382856694095,59.99101519297152,183.63995630516507,101.23018673526755,0,0
2026-02-20 19:31:22.632303,47.24733015899649,57.53307956017439,208.66368134543086,83.96270524970105,0,0
2026-02-20 19:31:32.632303,42.78035538753886,60.07716352149577,199.55382922175139,103.43554577039936,0,0
2026-02-20 19:31:42.632303,59.376126942416946,60.418056144303286,211.96344300669588,90.24467064385368,0,0
2026-02-20 19:31:52.632303,53.839688317582684,57.89443653955729,201.42841665162186,98.91151374930838,0,0
2026-02-20 19:32:02.632303,55.16487117457015,54.7600937825,154.3352273076992,97.86567302912076,0,0
2026-02-20 19:32:12.632303,52.34265628452562,60.60907750323,224.64408474827823,104.37372674179669,0,0
2026-02-20 19:32:22.632303,47.1807583407007,50.69831938344128,195.25375531609563,110.27959002257798,0,0
2026-02-20 19:32:32.632303,48.03976108666443,60.11328105471106,208.42720508613417,89.84707625750184,0,0
2026-02-20 19:32:42.632303,53.11617948319409,66.54848716000683,196.54373296213188,88.70935578167698,0,0
2026-02-20 19:32:52.632303,49.66699486489013,51.10246356556453,206.73806527953232,104.52274377648578,0,0
2026-02-20 19:33:02.632303,58.37818146922781,59.2240208297335,208.1697067629294,91.38711897614098,0,0
2026-02-20 19:33:12.632303,48.217864397374605,53.899258253351206,196.10420757433528,96.94690846481436,0,0
2026-02-20 19:33:22.632303,51.49599883044448,57.50561247866944,201.66690701950185,96.66619944392335,0,0
2026-02-20 19:33:32.632303,48.34250305850243,60.32144930385212,200.8104588463402,107.61174039051639,0,0
2026-02-20 19:33:42.632303,49.39678482935083,58.60045860350799,196.3838510982555,92.85335883159007,0,0
2026-02-20 19:33:52.632303,48.20044453216664,68.12463485229293,181.74642478608266,97.21343666120691,0,0
2026-02-20 19:34:02.632303,48.06255668365155,59.011313551022404,193.3752138224321,102.79240101221,0,0
2026-02-20 19:34:12.632303,41.449124493041026,64.14868589012802,212.65165599284396,87.57128413936866,0,0
2026-02-20 19:34:22.632303,38.65461363523799,56.091711415434396,195.14667077145754,125.80291898690774,0,0
2026-02-20 19:34:32.632303,52.716284824871366,52.76964140327417,186.20688990198113,99.46787563727017,0,0
2026-02-20 19:34:42.632303,51.26841777149048,54.741004558758306,197.30019544045877,92.82360862389459,0,0
2026-02-20 19:34:52.632303,44.481207186988414,61.03838258679581,215.47754346885645,108.41041276961619,0,0
2026-02-20 19:35:02.632303,52.87193175566938,58.010521867438946,214.29099522927012,103.09054438104287,0,0
2026-02-20 19:35:12.632303,50.669709414760064,57.55322751319281,190.06247745316944,100.73886936124553,0,0
2026-02-20 19:35:22.632303,62.1993723349275,61.20496992036556,187.77622995499428,91.67610555030558,0,0
2026-02-20 19:35:32.632303,47.54116693671899,68.70917379019626,192.01486708108075,109.06870534610285,0,0
2026-02-20 19:35:42.632303,48.120358772643215,61.04473816511852,215.83490548017446,94.28097150190077,0,0
2026-02-20 19:35:52.632303,46.794441729236155,66.63547877782132,219.69185789791595,107.90672318690729,0,0
2026-02-20 19:36:02.632303,53.93638146561457,61.83830195324426,240.3555162635013,100.43908301877157,0,0
2026-02-20 19:36:12.632303,52.886311836004595,54.19634828562395,183.50078626817518,87.9918100016496,0,0
2026-02-20 19:36:22.632303,56.37031791758075,49.789839391917,191.95379954494555,70.06293397339377,0,0
2026-02-20 19:36:32.632303,45.84356052259055,58.036204201072536,227.69742187588088,103.96627939221457,0,0
2026-02-20 19:36:42.632303,45.83429238335517,64.2638548789273,200.35664509059515,100.37566858707252,0,0
2026-02-20 19:36:52.632303,43.986642461140036,56.039945144387445,183.4980540010895,100.46461273154189,0,0
2026-02-20 19:37:02.632303,50.389428634903375,66.17637065409617,207.70110335875668,72.92434306327891,0,0
2026-02-20 19:37:12.632303,51.31320993935845,54.19993457532987,180.68058150776926,91.8783052827367,0,0
2026-02-20 19:37:22.632303,46.68330838243849,54.49940243183879,204.06964006904576,85.89197714909041,0,0
2026-02-20 19:37:32.632303,51.78333803624923,68.94788430824651,173.41281882131872,97.15489695660779,0,0
2026-02-20 19:37:42.632303,37.38271318743765,58.79625882811947,212.85434305262967,107.20639231357266,0,0
2026-02-20 19:37:52.632303,50.386818651420484,63.557053699035905,250.92109071885585,117.123046874376,0,0
2026-02-20 19:38:02.632303,47.38739535295181,54.19558405413304,191.87697166852394,90.53017234382652,0,0
2026-02-20 19:38:12.632303,52.256737739323164,55.275225842282005,198.54355134819315,108.3801405453631,0,0
2026-02-20 19:38:22.632303,49.496520635914116,56.21474470900881,223.49628115171384,81.21019055246173,0,0
2026-02-20 19:38:32.632303,48.36102472061268,59.83335990647466,200.31817316799263,101.80496056078081,0,0
2026-02-20 19:38:42.632303,53.05219909904746,59.8583702438186,192.6388343571264,95.92410655340305,0,0
2026-02-20 19:38:52.632303,46.94242098980823,63.15017329730746,187.06943041046972,108.46771109008245,0,0
2026-02-20 19:39:02.632303,50.09499541129936,57.91498077257548,212.3681443148827,92.72546075276881,0,0
2026-02-20 19:39:12.632303,53.19092020364106,60.85090448476714,188.07350621816158,105.28634815334559,0,0
2026-02-20 19:39:22.632303,52.7329486284432,64.63007842323984,219.32294024818592,104.91274020726283,0,0
2026-02-20 19:39:32.632303,44.36204524395618,69.79434795269623,171.9276757785638,109.4926317428231,0,0
2026-02-20 19:39:42.632303,52.15641908443149,55.30343051007554,197.51398122243,99.21247113755359,0,0
2026-02-20 19:39:52.632303,56.527913579052615,57.146756398879155,194.76109987151293,76.63930394978738,0,0
2026-02-20 19:40:02.632303,58.67381396561788,55.718127027919714,206.53821728478349,98.98592170278135,0,0
2026-02-20 19:40:12.632303,49.5099951660833,63.2394479394835,233.4252492060727,102.51493669941992,0,0
2026-02-20 19:40:22.632303,53.275390088152626,61.31556614690816,220.35062847861252,95.37083620513673,0,0
2026-02-20 19:40:32.632303,55.37695277208207,64.44199946258954,221.6507401736582,93.39852132663523,0,0
2026-02-20 19:40:42.632303,49.15831182881404,60.95786795512174,172.5831591034199,115.94920208086015,0,0
2026-02-20 19:40:52.632303,49.93861733248912,61.13571155041889,188.45991120545594,86.73122440632977,0,0
2026-02-20 19:41:02.632303,46.97985057262615,60.87681675053435,213.46857625507386,101.61791540602721,0,0
2026-02-20 19:41:12.632303,51.73362008120975,58.65189450127449,209.92497132490857,114.82832866385907,0,0
2026-02-20 19:41:22.632303,53.52394721219493,63.23816755301176,205.8803279861326,84.96844930400398,0,0
2026-02-20 19:41:32.632303,44.77666734684378,61.819503202655376,199.78121896079827,104.39842886472827,0,0
2026-02-20 19:41:42.632303,58.382117089220365,62.904143996917334,225.17772411485643,100.9468138947073,0,0
2026-02-20 19:41:52.632303,45.9639216125778,59.76853536314263,183.90496372561725,115.58294956772448,0,0
2026-02-20 19:42:02.632303,53.95195538267735,62.08204998651312,224.71886404456205,79.79943585476775,0,0
2026-02-20 19:42:12.632303,52.9406897567133,54.757416862782506,199.85488603068677,96.88292407532785,0,0
2026-02-20 19:42:22.632303,53.30868306048474,60.91274915584382,226.90234347223577,93.98102839067387,0,0
2026-02-20 19:42:32.632303,53.54557194816642,60.64889286759533,167.29419459856894,90.81383541476967,0,0
2026-02-20 19:42:42.632303,49.25060983238916,64.44916979956692,209.2744611511423,88.32499176119286,0,0
2026-02-20 19:42:52.632303,49.298418859764205,68.07122579517213,202.22446669681716,96.72674424927604,0,0
2026-02-20 19:43:02.632303,52.458698203781104,63.05357231832788,190.87663305039882,105.02574774371438,0,0
2026-02-20 19:43:12.632303,48.35555251664596,62.87731040731775,203.39386315942568,104.81967827052893,0,0
2026-02-20 19:43:22.632303,46.20408226916248,56.71485446370856,218.9099460931879,99.20603618614506,0,0
2026-02-20 19:43:32.632303,51.42517371049681,58.77441829165392,217.9745354802729,93.92190019970343,0,0
2026-02-20 19:43:42.632303,49.321993800495584,63.14397125081253,223.45935398328533,94.76240708973316,0,0
2026-02-20 19:43:52.632303,59.79841990977941,61.252966774774464,179.14143476382526,103.69052048589968,0,0
2026-02-20 19:44:02.632303,48.08500392758271,61.73627394873271,199.14287504679325,100.74273690190145,0,0
2026-02-20 19:44:12.632303,45.44203311706927,63.96024492286544,176.87745265697936,88.91235104595005,0,0
2026-02-20 19:44:22.632303,51.83680174573743,66.41137698871188,192.94813805871186,107.00972322703966,0,0
2026-02-20 19:44:32.632303,55.36670088431772,63.25873774917628,193.77583421652636,89.08953282805925,0,0
2026-02-20 19:44:42.632303,38.962262171643225,58.948638002150425,223.56174737124348,88.75834015238065,0,0
2026-02-20 19:44:52.632303,53.501049237593826,56.19938987979251,202.12145152773675,107.07791614155018,0,0
2026-02-20 19:45:02.632303,46.70252281580786,60.681938722787656,191.69817326549344,107.05148658938177,0,0
2026-02-20 19:45:12.632303,51.17658584242319,60.22603069771707,231.16699920283955,106.62306142368303,0,0
2026-02-20 19:45:22.632303,46.54824066936855,59.656544396808954,198.4820242984068,100.80319572625211,0,0
2026-02-20 19:45:32.632303,62.622546383037474,61.48340757084399,159.2819485979045,94.57201028283035,0,0
2026-02-20 19:45:42.632303,40.33813956252096,58.680806971816644,160.25379540547144,91.28409528931572,0,0
2026-02-20 19:45:52.632303,42.3963923518294,61.53664071186991,200.0107872525776,103.02962307498731,0,0
2026-02-20 19:46:02.632303,49.47724305715737,54.42280899918233,210.2704273850947,119.22224560269453,0,0
2026-02-20 19:46:12.632303,52.04606289303273,58.296301602729734,171.4386564778911,90.91933029240035,0,0
2026-02-20 19:46:22.632303,52.2651982828603,64.2924721071975,205.2173234944395,107.99887289705984,0,0
2026-02-20 19:46:32.632303,53.53839122013621,62.02613756554367,186.83052809477488,101.73923511975153,0,0
2026-02-20 19:46:42.632303,45.75811098058931,60.06971581183241,206.61727062133824,116.78783807386856,0,0
2026-02-20 19:46:52.632303,93.45134012816183,91.92603052396522,229.6247318324719,257.58847765838794,1,1
2026-02-20 19:47:02.632303,100.0,92.35077960747125,225.96668979550833,239.1252183188763,1,1
2026-02-20 19:47:12.632303,93.07036667014876,89.97466343813898,156.77675792856581,262.3064580417801,1,1
2026-02-20 19:47:22.632303,100.0,88.2665977796619,192.58458806678982,249.27652524849327,1,1
2026-02-20 19:47:32.632303,100.0,90.50869567677714,211.16464213756606,248.2737364699152,1,1
2026-02-20 19:47:42.632303,100.0,91.78379110850122,187.8607310825473,263.35112667804094,1,1
2026-02-20 19:47:52.632303,93.20871506938757,89.63133675671409,219.33834802150935,242.76926895087854,1,1
2026-02-20 19:48:02.632303,100.0,92.17335838799619,182.78952264037522,249.27522280405964,1,1
2026-02-20 19:48:12.632303,99.21748084895395,87.79304859267083,246.0334970410155,242.36893646554523,1,1
2026-02-20 19:48:22.632303,100.0,88.42879593247542,178.26727622229436,251.0281424315507,1,1
2026-02-20 19:48:32.632303,100.0,93.68203830026272,231.24530221310138,279.45246289935096,1,1
2026-02-20 19:48:42.632303,100.0,87.34763130469844,209.05748653589782,247.33787049593508,1,1
2026-02-20 19:48:52.632303,100.0,84.81134281453711,247.36669084800874,258.56048094775514,1,1
2026-02-20 19:49:02.632303,91.57997991101918,87.16388439074011,216.32162088227878,261.76344056171456,1,1
2026-02-20 19:49:12.632303,93.63881186384017,92.8521034017318,161.05320254676153,249.10664134528955,1,1
2026-02-20 19:49:22.632303,100.0,87.79393707958808,169.86155401723974,251.46214796377558,1,1
2026-02-20 19:49:32.632303,96.97640566682261,92.51823346426335,182.2934713556388,242.273631103469,1,1
2026-02-20 19:49:42.632303,89.89498839561878,90.67977884420594,196.78190123446802,238.11615329259928,1,1
2026-02-20 19:49:52.632303,100.0,94.10828120257656,195.688641131621,252.68166949821972,1,1
2026-02-20 19:50:02.632303,100.0,85.18268069128416,241.13171641415192,245.29150169877715,1,1
2026-02-20 19:50:12.632303,100.0,93.0768611089162,197.20809745768497,256.06795025059637,1,1
2026-02-20 19:50:22.632303,100.0,84.32944097109038,193.35454597499825,243.87449097645938,1,1
2026-02-20 19:50:32.632303,97.69127479326937,84.78398728865345,222.5286743349206,266.0199265461341,1,1
2026-02-20 19:50:42.632303,100.0,95.08211689658857,193.10730325983687,243.63743165013963,1,1
2026-02-20 19:50:52.632303,96.10706476594144,92.57625969182888,204.541261062883,249.22778288401574,1,1
2026-02-20 19:51:02.632303,100.0,91.61976541526137,183.2268472495883,243.19091170864306,1,1
2026-02-20 19:51:12.632303,100.0,94.16693141061839,211.0336046451194,268.96888747872083,1,1
2026-02-20 19:51:22.632303,100.0,91.76414333940305,183.22838681036995,236.90012488268232,1,1
2026-02-20 19:51:32.632303,98.06309127492642,93.01285378566462,236.53294158623876,254.174470344108,1,1
2026-02-20 19:51:42.632303,100.0,89.0187700552488,212.455382504551,258.2335682947717,1,1
2026-02-20 19:51:52.632303,90.10202862073736,88.34624479049396,218.9940076855574,252.74468335636567,1,1
2026-02-20 19:52:02.632303,94.01742475924533,80.27951049709057,192.68438509395986,249.2841430710612,1,1
2026-02-20 19:52:12.632303,95.58038525085827,90.57233974811197,210.1277349446579,256.70687170726234,1,1
2026-02-20 19:52:22.632303,88.22040537533839,84.74285960876752,193.90754703290528,255.72173131037465,1,1
2026-02-20 19:52:32.632303,100.0,91.8874797915067,192.33164116062136,246.7236656269004,1,1
2026-02-20 19:52:42.632303,96.3583536578913,93.07277651242339,181.59022424520845,258.5003639518957,1,1
2026-02-20 19:52:52.632303,100.0,89.81982208617939,186.86579200447068,236.44458138835876,1,1
2026-02-20 19:53:02.632303,96.76173621810977,88.67997252550046,152.619513768375,248.02644844665338,1,1
2026-02-20 19:53:12.632303,100.0,92.26887162173549,190.07588248516984,250.46936298415227,1,1
2026-02-20 19:53:22.632303,97.21917715289001,90.59504293334278,230.80215647488063,259.6849880262488,1,1
2026-02-20 19:53:32.632303,100.0,88.02846035046512,214.99876785889677,233.1312304862695,1,1
2026-02-20 19:53:42.632303,98.73823259004556,92.3348456792958,214.80842428095502,256.6988449021574,1,1
2026-02-20 19:53:52.632303,100.0,89.21710008366446,210.75951939652978,240.471389594137,1,1
2026-02-20 19:54:02.632303,95.77661368353375,90.24693870584119,203.46395285417495,231.74384821435353,1,1
2026-02-20 19:54:12.632303,100.0,93.09091351167757,198.4542952506741,273.74466283283994,1,1
2026-02-20 19:54:22.632303,96.58532446842406,88.55565134645252,192.0986618774558,249.23812388708984,1,1
2026-02-20 19:54:32.632303,98.35637593516854,84.3727578215805,189.06903407527048,249.02379304225923,1,1
2026-02-20 19:54:42.632303,100.0,98.80897309349166,226.7094779570131,242.24620970327393,1,1
2026-02-20 19:54:52.632303,96.52095194686918,89.3626856899626,235.69117777707172,248.34575947818107,1,1
2026-02-20 19:55:02.632303,43.362462547312845,57.99529145218786,215.14112003638834,106.89940276896087,0,0
2026-02-20 19:55:12.632303,48.99891666754172,62.73365869424012,154.53655594906337,101.03829235032698,0,0
2026-02-20 19:55:22.632303,54.30342710684315,56.66854689938186,183.27322927007424,81.33551847236525,0,0
2026-02-20 19:55:32.632303,57.94947797405347,57.11938409191373,204.82086555724223,106.03917041483375,0,0
2026-02-20 19:55:42.632303,57.56033974570727,59.38440890405746,189.21140412443162,101.73067648570553,0,0
2026-02-20 19:55:52.632303,56.42040138271143,59.319309874396865,180.90261836831849,84.59242191684638,0,0
2026-02-20 19:56:02.632303,43.893513076973875,63.45756598962666,193.58751047386377,93.9247909007929,0,0
2026-02-20 19:56:12.632303,46.42016388408029,60.34018344080073,195.21089812468833,97.26867856280748,0,0
2026-02-20 19:56:22.632303,56.7466196390537,66.15206512744653,167.79956654182007,103.27592731142957,0,0
2026-02-20 19:56:32.632303,46.11568950689304,59.00699554455563,206.1855677025339,97.8728008306908,0,0
2026-02-20 19:56:42.632303,51.152299403138166,62.69188082412767,205.8915360108064,93.53163695832376,0,0
2026-02-20 19:56:52.632303,46.854001965148385,54.24117881352786,182.92159404958562,119.62068361898528,0,0
2026-02-20 19:57:02.632303,46.03998212952378,55.22648475022472,206.39855723689547,98.8963524070814,0,0
2026-02-20 19:57:12.632303,49.02203381575387,65.63618386564836,210.9825335111673,94.70007068296525,0,0
2026-02-20 19:57:22.632303,47.8776204120411,57.98965394437726,217.49479243160513,96.91852370546863,0,0
2026-02-20 19:57:32.632303,41.03423248772925,59.80672128506262,169.25947997744143,121.84230601754902,0,0
2026-02-20 19:57:42.632303,45.17166043076384,59.35254093856908,205.16405469402275,97.1134183932077,0,0
2026-02-20 19:57:52.632303,48.54984799266904,61.68730914464351,230.52431917592557,107.67509081817298,0,0
2026-02-20 19:58:02.632303,57.39256939286771,55.81352356762599,206.34725266510722,101.5524605205828,0,0
2026-02-20 19:58:12.632303,51.75545645838368,65.50492788254229,195.58421700415892,95.94496633445912,0,0
2026-02-20 19:58:22.632303,52.66990398709332,52.88718908973661,195.26295901755643,98.65802310714547,0,0
2026-02-20 19:58:32.632303,45.39820691846538,64.22823604542631,178.7551936531343,98.64126951636204,0,0
2026-02-20 19:58:42.632303,51.465786126614844,65.41380624590447,199.78887130238294,109.3615359412821,0,0
2026-02-20 19:58:52.632303,53.50297698638564,60.49383022467657,178.20973183453088,85.65419139095651,0,0
2026-02-20 19:59:02.632303,50.53252700709593,57.829212504389545,218.38522183362585,107.45856518098577,0,0
2026-02-20 19:59:12.632303,49.07694502781475,55.369148304234926,210.21471099214546,89.82050553864849,0,0
2026-02-20 19:59:22.632303,46.207680385345675,56.08233704713938,197.22997956120093,111.70192334070562,0,0
2026-02-20 19:59:32.632303,49.974795648882356,58.22712523028922,169.4877013990951,105.52124584729843,0,0
2026-02-20 19:59:42.632303,46.09797697035686,60.47007047663239,192.9156276816672,108.38177219599437,0,0
2026-02-20 19:59:52.632303,49.21381803985724,59.76429458190779,209.7149429491092,121.06940182263186,0,0
2026-02-20 20:00:02.632303,54.44223465179277,59.645575574605566,200.06395981230577,94.75140539675566,0,0
2026-02-20 20:00:12.632303,45.25002148240152,57.78899685173471,184.55702072576116,106.53368383795885,0,0
2026-02-20 20:00:22.632303,44.64402571065507,65.33284224552018,215.0409276723766,100.20501729367669,0,0
2026-02-20 20:00:32.632303,50.001593057325344,57.77087476154178,205.4016882269553,110.8809246320859,0,0
2026-02-20 20:00:42.632303,46.48421768872093,53.866431644325075,214.06436509713487,103.243659742438,0,0
2026-02-20 20:00:52.632303,44.3990059927941,57.06643451634353,182.81791451899718,92.75467730965751,0,0
2026-02-20 20:01:02.632303,48.38158622979406,58.93381078287701,186.9841268986308,92.41836180500071,0,0
2026-02-20 20:01:12.632303,48.85607828040309,60.67076613943824,193.6740692727031,111.58667023341302,0,0
2026-02-20 20:01:22.632303,52.54043857210393,53.63661657256522,210.47455530827708,106.05543982585583,0,0
2026-02-20 20:01:32.632303,47.826325159379046,54.019209650787374,200.16133518822272,99.92291348517756,0,0
2026-02-20 20:01:42.632303,44.391768817334025,54.195123134960255,198.2489290709312,97.66922807949177,0,0
2026-02-20 20:01:52.632303,47.913673173388034,59.666357061013755,177.94447252359362,95.65179387133885,0,0
2026-02-20 20:02:02.632303,52.666625153071735,58.600119678594844,166.56055056414897,95.27307722276429,0,0
2026-02-20 20:02:12.632303,44.6492076824657,61.06854518584692,206.3767480676085,83.4122537491397,0,0
2026-02-20 20:02:22.632303,53.79506485291095,55.551254794885764,231.18364580964703,99.51223735499383,0,0
2026-02-20 20:02:32.632303,43.76803250730419,55.432055717229275,206.9619058357469,96.08700110101623,0,0
2026-02-20 20:02:42.632303,49.5167304519093,66.45112093078816,186.0151187154185,100.59962857695706,0,0
2026-02-20 20:02:52.632303,57.09922243686527,61.0820539018656,167.8679452928399,105.05389011732137,0,0
2026-02-20 20:03:02.632303,44.18498571108278,65.62723011493186,183.54264790004044,129.69509507745664,0,0
2026-02-20 20:03:12.632303,57.336879941638394,56.81354972148809,200.40027610003222,107.53644281633464,0,0
2026-02-20 20:03:22.632303,53.918302371133535,61.76934503990479,225.0431807393222,98.7703105336563,0,0
2026-02-20 20:03:32.632303,48.16641165711984,58.61254404830156,217.16746463944256,103.65181040302646,0,0
2026-02-20 20:03:42.632303,51.456418328451285,63.18093699702873,158.9789518429229,103.1006882387515,0,0
2026-02-20 20:03:52.632303,51.09284444436858,66.67523232520281,169.42824035472665,115.57186632376758,0,0
2026-02-20 20:04:02.632303,50.37704564462333,61.95595812264018,233.51837575218752,105.60761268005572,0,0
2026-02-20 20:04:12.632303,52.001841447312806,60.96916474320928,190.33043730011246,99.71510875489606,0,0
2026-02-20 20:04:22.632303,46.42243616938626,59.821732402298075,153.28138605889808,104.29039567567548,0,0
2026-02-20 20:04:32.632303,49.39131373108187,58.65518505333294,204.39516167880285,85.6643607703456,0,0
2026-02-20 20:04:42.632303,59.64634998310641,59.5889301540496,197.0831113405562,90.34603789867077,0,0
2026-02-20 20:04:52.632303,50.11973191224631,65.54783956109313,220.71832418864068,108.54437751140556,0,0
2026-02-20 20:05:02.632303,52.731994758336356,58.56582988974956,170.99673665926596,97.98961228133365,0,0
2026-02-20 20:05:12.632303,48.82064267733161,64.19517775868496,206.18780884919641,116.12311527903549,0,0
2026-02-20 20:05:22.632303,55.98744270019087,58.17401756198362,164.09741606760264,113.8557523394148,0,0
2026-02-20 20:05:32.632303,56.79692611615372,54.535153636391094,230.18480039655,103.82117170592518,0,0
2026-02-20 20:05:42.632303,50.803427490628266,66.45913301698931,226.8937034646123,106.51330951995203,0,0
2026-02-20 20:05:52.632303,52.36608532905991,62.465577162121434,191.99885132234948,99.44898550267679,0,0
2026-02-20 20:06:02.632303,45.488414227027285,58.66784089704432,192.66732242662135,93.64694630378335,0,0
2026-02-20 20:06:12.632303,50.68373251324232,58.70407659719769,210.0446944070395,83.77679386706234,0,0
2026-02-20 20:06:22.632303,49.433226029463505,60.52620656070998,193.78741520326238,98.27607300190769,0,0
2026-02-20 20:06:32.632303,42.073769946350716,61.42590841867797,212.9521196513414,104.93537294203767,0,0
2026-02-20 20:06:42.632303,55.19363529721092,60.80611842313001,209.57362361301875,101.56090738456852,0,0
2026-02-20 20:06:52.632303,53.43775359796247,53.69108145547151,182.1283806404398,115.8689965703309,0,0
2026-02-20 20:07:02.632303,37.69782088951897,59.43928828069863,223.44549919216138,99.06739334458236,0,0
2026-02-20 20:07:12.632303,47.974944642746514,60.5176867072612,192.93759639995108,100.3084949275694,0,0
2026-02-20 20:07:22.632303,46.58309481739935,64.4346976798229,228.4652984213132,98.66609677888377,0,0
2026-02-20 20:07:32.632303,43.06755289654379,57.90462731874642,196.3202267979407,105.05538876903208,0,0
2026-02-20 20:07:42.632303,44.95993388414661,56.9233507254314,210.21352275717615,109.38908832039557,0,0
2026-02-20 20:07:52.632303,46.89202977414658,54.667131784196016,265.6823640257577,107.83304237088714,0,0
2026-02-20 20:08:02.632303,48.66498119116484,63.47612510212336,197.51086740571156,108.67156889100187,0,0
2026-02-20 20:08:12.632303,50.79696598888111,60.36508759267029,197.72836263538423,85.5261866653691,0,0
2026-02-20 20:08:22.632303,59.6904744969657,56.23386431892903,172.79952847378811,97.87140117243632,0,0
2026-02-20 20:08:32.632303,45.19264093244747,59.79314883775891,213.75527697123536,109.95302900529222,0,0
2026-02-20 20:08:42.632303,54.07365360810841,58.777471780857276,200.9918365532317,104.0787905089749,0,0
2026-02-20 20:08:52.632303,41.21106288028964,62.28233880047944,170.85401424832338,120.4034659890649,0,0
2026-02-20 20:09:02.632303,47.97742457679152,59.260499291221635,184.6058580152429,93.7002996814431,0,0
2026-02-20 20:09:12.632303,61.3704678457162,63.76147875449319,169.01595109704323,115.04212900685229,0,0
2026-02-20 20:09:22.632303,55.96621137570716,58.87515015084685,206.13393884059676,99.85055920578925,0,0
2026-02-20 20:09:32.632303,59.86289952223466,56.81483924403164,202.92021219551455,95.71854669007195,0,0
2026-02-20 20:09:42.632303,42.83479797691073,68.76655302021994,176.36866841795177,102.20129187487775,0,0
2026-02-20 20:09:52.632303,41.296496968098324,58.40371784302763,208.43937642866916,91.75266020497637,0,0
2026-02-20 20:10:02.632303,52.934009253678276,58.92383563244767,223.20165024797225,113.61760913340223,0,0
2026-02-20 20:10:12.632303,47.06627619634994,60.306931437571826,203.66908452944466,106.19349295434698,0,0
2026-02-20 20:10:22.632303,50.07190998122133,60.76084383737137,195.1318705040976,101.15239866972018,0,0
2026-02-20 20:10:32.632303,56.48970096767566,62.58433296484742,214.02511278886738,107.23070324135578,0,0
2026-02-20 20:10:42.632303,49.230956110594825,61.27530817431812,178.29652643328512,112.68807656316957,0,0
2026-02-20 20:10:52.632303,36.0851978382839,59.6514064306583,222.81791954300547,86.36132066370658,0,0
2026-02-20 20:11:02.632303,51.99889958808426,57.276934213683894,192.62393469622262,109.45940960639437,0,0
2026-02-20 20:11:12.632303,50.99028462942575,51.86257652846255,180.47148920536802,109.75335734888759,0,0
2026-02-20 20:11:22.632303,52.24471359096499,66.99254229009713,233.65295188026596,96.57754869853208,0,0
2026-02-20 20:11:32.632303,62.516189025347444,60.09791867940764,180.7466293118195,93.66360134089423,0,0
2026-02-20 20:11:42.632303,38.716374473552904,66.42807603299713,231.89523978087726,89.84492561186678,0,0
2026-02-20 20:11:52.632303,48.860578558090474,60.38243017645031,180.79293895715773,82.44897968728839,0,0
2026-02-20 20:12:02.632303,48.94821198111544,58.715682282163016,192.2317751802245,102.22716062600965,0,0
2026-02-20 20:12:12.632303,57.14759829262996,58.787629121233095,203.40885997442726,107.26870523744935,0,0
2026-02-20 20:12:22.632303,52.770714632563745,57.54230590220863,201.9275424622807,105.47539820169054,0,0
2026-02-20 20:12:32.632303,44.35824331244611,65.05415604318603,228.63177810428223,92.77219744555507,0,0
2026-02-20 20:12:42.632303,50.968350091740845,62.56911302668413,189.08771687342494,104.81613845688095,0,0
2026-02-20 20:12:52.632303,50.81627813146083,54.1283272894448,209.18322631957116,88.99857583728965,0,0
2026-02-20 20:13:02.632303,54.696014258310235,57.31515569946445,196.7742913267771,113.72278913446576,0,0
2026-02-20 20:13:12.632303,52.48190823264422,55.68210432170182,179.70166858401834,94.00697211376274,0,0
2026-02-20 20:13:22.632303,51.97322041678333,61.433199259731076,183.1379539067426,88.32790514385641,0,0
2026-02-20 20:13:32.632303,51.40791702542917,59.272559736839355,243.14431774895473,100.3660365656308,0,0
2026-02-20 20:13:42.632303,59.07126413850138,55.31846560758264,168.53574120876584,88.79914867474466,0,0
2026-02-20 20:13:52.632303,55.94564890726733,67.02440635877413,184.35641092094733,95.39433970240442,0,0
2026-02-20 20:14:02.632303,44.1550954489375,52.75344061152645,214.3682339555326,102.23020302962163,0,0
2026-02-20 20:14:12.632303,50.052439913369376,54.39977385134648,232.7991336365732,94.96643261950527,0,0
2026-02-20 20:14:22.632303,52.668132124082376,54.1817543790211,196.18949620759926,102.91374456238584,0,0
2026-02-20 20:14:32.632303,51.63537609026654,60.6185941729465,209.89044984097546,88.69479543967039,0,0
2026-02-20 20:14:42.632303,50.986863027198304,60.455030733921106,204.63345368390122,100.72345217319182,0,0
2026-02-20 20:14:52.632303,43.633936130433014,54.72880099156411,155.71463628230896,108.17534509845298,0,0
2026-02-20 20:15:02.632303,54.13828754867599,63.37420116488848,206.13579924922902,78.66880782281889,0,0
2026-02-20 20:15:12.632303,44.86644754107367,60.68166167037245,202.7103600558359,97.77251786847978,0,0
2026-02-20 20:15:22.632303,51.844586014541235,60.046606830740984,202.41540931102725,93.60934667167984,0,0
2026-02-20 20:15:32.632303,54.91005493060795,58.27691356527846,173.38701833958748,92.29000987181271,0,0
2026-02-20 20:15:42.632303,48.2576690431901,63.97601115347538,199.15464003130413,98.13851781034352,0,0
2026-02-20 20:15:52.632303,43.756682876186865,63.14193035931831,186.9609569195323,98.99972141058664,0,0
2026-02-20 20:16:02.632303,57.40091538440932,62.03505332419722,167.43491904569652,82.30489763647527,0,0
2026-02-20 20:16:12.632303,49.67844774940377,55.14903754050078,212.97093495265995,100.42263064964979,0,0
2026-02-20 20:16:22.632303,50.82692384511932,57.17302727343059,234.8276731057341,128.4259372801046,0,0
2026-02-20 20:16:32.632303,48.60707638121642,61.412156993660005,201.94834686128624,97.40313136558932,0,0
2026-02-20 20:16:42.632303,45.839647661336016,55.66012805007809,177.2880546894895,104.05240025549145,0,0
2026-02-20 20:16:52.632303,47.401627608981826,49.68682859943788,208.89716441196646,99.61738717535845,0,0
2026-02-20 20:17:02.632303,56.73336500700573,61.49248958836404,170.42652807379406,77.70323359270019,0,0
2026-02-20 20:17:12.632303,46.40263807831031,57.49957031722539,218.86318402000333,99.91129067710426,0,0
2026-02-20 20:17:22.632303,55.668442490492545,54.70066777718946,219.30528768760897,107.2098915343092,0,0
2026-02-20 20:17:32.632303,39.90882944284402,65.29047136504309,201.86916983532706,103.92044503868506,0,0
2026-02-20 20:17:42.632303,45.675519437857886,65.10098805168789,176.2829534152226,108.32092018373946,0,0
2026-02-20 20:17:52.632303,54.10303737954336,56.10333028731111,239.6674719884515,102.3152848021752,0,0
2026-02-20 20:18:02.632303,53.26946305135512,53.891516818656974,242.3546000601713,87.7544305977491,0,0
2026-02-20 20:18:12.632303,55.12443216382965,56.02091312827322,187.62022394304634,107.88754043885447,0,0
2026-02-20 20:18:22.632303,55.13776356837579,54.914863003543594,221.80944338113989,110.44980495133194,0,0
2026-02-20 20:18:32.632303,45.31023295577554,66.39459037436444,170.86284743503924,93.75227417222385,0,0
2026-02-20 20:18:42.632303,52.39501312045994,56.58573486118957,205.27638171358683,102.41076078803295,0,0
2026-02-20 20:18:52.632303,49.064628650386396,63.32960215436224,195.4327841468472,102.31541068813806,0,0
2026-02-20 20:19:02.632303,55.732359387439516,63.162744840103365,215.72034581628418,88.5082039778322,0,0
2026-02-20 20:19:12.632303,52.62396287750661,56.48600483612198,174.37170040443948,99.28293653715032,0,0
2026-02-20 20:19:22.632303,45.478524066742054,63.16247087535991,216.29070919390648,80.97373763568558,0,0
2026-02-20 20:19:32.632303,45.85848730211555,54.160853312328,190.74741446814218,104.55175669868824,0,0
2026-02-20 20:19:42.632303,48.78855950910806,57.64096303733146,226.0035305362628,76.95142827403711,0,0
2026-02-20 20:19:52.632303,56.18435946759112,57.82284682737806,198.4378197977442,94.72636662279892,0,0
2026-02-20 20:20:02.632303,57.714440527695594,55.07608601277896,200.23472739443872,105.27438651859997,0,0
2026-02-20 20:20:12.632303,41.94498616057416,56.32040731821539,197.03642933003542,91.13334965315624,0,0
2026-02-20 20:20:22.632303,45.92204114390425,58.60054934769425,212.99162663292347,96.57282223121855,0,0
2026-02-20 20:20:32.632303,55.39213097236473,56.00896886936258,174.96155479053095,119.26345405721133,0,0
2026-02-20 20:20:42.632303,46.71020936167244,54.75635197171136,165.1589211645634,110.75103453808939,0,0
2026-02-20 20:20:52.632303,48.2934774266997,58.98516105973441,196.8159657682672,110.1294288466978,0,0
2026-02-20 20:21:02.632303,49.1023508301204,69.37621511533051,202.67521148108457,110.61784766958321,0,0
2026-02-20 20:21:12.632303,54.02619928952203,59.85421071896785,188.26058027959073,103.31963928566553,0,0
2026-02-20 20:21:22.632303,52.550493656036366,57.70965580749389,203.3267773190131,112.36204978259596,0,0
2026-02-20 20:21:32.632303,60.34973869534839,63.41747728139769,237.25519372760564,93.70625788793544,0,0
2026-02-20 20:21:42.632303,53.50941126029647,65.35407803432508,182.07333334056008,95.14409887954992,0,0
2026-02-20 20:21:52.632303,58.68952380917625,56.099604576852244,173.17739934688578,115.27981573639511,0,0
2026-02-20 20:22:02.632303,55.98381612490219,61.72848097593508,199.08578490708345,95.61475494395017,0,0
2026-02-20 20:22:12.632303,51.40974436904526,66.3192278296062,204.77132252284153,121.66959267246966,0,0
2026-02-20 20:22:22.632303,45.51029007179885,59.92127698268692,192.5388266467217,89.14858456837668,0,0
2026-02-20 20:22:32.632303,49.23458133495172,61.66931720664176,210.4846035990406,121.70452178944556,0,0
2026-02-20 20:22:42.632303,52.3223373486178,64.60054721471846,201.32188492597953,116.78055600452595,0,0
2026-02-20 20:22:52.632303,61.992246427940344,62.1243405239038,180.14681969096839,94.51194977222832,0,0
2026-02-20 20:23:02.632303,51.40967151602581,61.82599214100259,213.96850268768745,104.6019768123004,0,0
2026-02-20 20:23:12.632303,50.0349245812797,57.45520623519148,208.0227652252846,118.54987357480657,0,0
2026-02-20 20:23:22.632303,55.099643027138775,62.13881579854479,220.591338476455,96.28935971099148,0,0
2026-02-20 20:23:32.632303,47.4586742695834,57.008859582536076,197.49426754461123,95.77994103290919,0,0
2026-02-20 20:23:42.632303,56.041373703260696,58.098706329271245,183.94556567550168,119.42577178830632,0,0
2026-02-20 20:23:52.632303,47.743123844593285,60.614113829001404,209.02645649486823,88.63306881079185,0,0
2026-02-20 20:24:02.632303,56.17741884751535,62.54847616164491,231.16768023761563,93.20778062781899,0,0
2026-02-20 20:24:12.632303,50.4956289623808,60.15742301997678,205.27776988700043,85.45385251422839,0,0
2026-02-20 20:24:22.632303,50.55418189346111,54.29414435430502,207.16668142393843,78.7135087548148,0,0
2026-02-20 20:24:32.632303,40.74206582854707,63.274194865759995,189.06323089610436,90.1214192636776,0,0
2026-02-20 20:24:42.632303,56.35422810537774,61.31050486931366,217.44180391067567,98.3375792767917,0,0
2026-02-20 20:24:52.632303,63.39814346950001,57.58194455776082,234.88991098719777,99.38633959900088,0,0
2026-02-20 20:25:02.632303,41.727448025436274,61.93139498299244,206.2952512291033,89.4867818576077,0,0
2026-02-20 20:25:12.632303,45.38890361432642,59.90120942766003,206.99495630495963,75.293367171206,0,0
2026-02-20 20:25:22.632303,55.265607262619014,58.02200810474009,173.3650503120365,109.41066551451931,0,0
2026-02-20 20:25:32.632303,49.88191010290772,64.86466310712902,208.7590452595951,99.98485497051954,0,0
2026-02-20 20:25:42.632303,49.23635027509922,61.93085104222455,191.7293748238134,91.474274112535,0,0
2026-02-20 20:25:52.632303,53.04954561327322,59.422048634222286,200.6713529613801,110.89379836154608,0,0
2026-02-20 20:26:02.632303,49.4306169613213,60.06013570216716,188.00700977098137,104.3073993398185,0,0
2026-02-20 20:26:12.632303,51.74913956340044,63.60310052716223,188.4174232598625,95.42183030409814,0,0
2026-02-20 20:26:22.632303,53.96068699572734,61.00885201345145,181.8756374761461,113.06554067734501,0,0
2026-02-20 20:26:32.632303,41.50774715799874,63.137139013055005,174.69575928003607,118.85788516485528,0,0
2026-02-20 20:26:42.632303,42.27700136547188,64.60900260749099,198.3673127997751,96.33397430161256,0,0
2026-02-20 20:26:52.632303,50.92698328233881,62.52760135663125,181.9119899533826,91.84212274831428,0,0
2026-02-20 20:27:02.632303,53.24802432556443,53.1706281854016,188.31541813615829,130.4068695415944,0,0
2026-02-20 20:27:12.632303,45.1599351770536,64.591211167039,188.28098462572376,105.09045144797145,0,0
2026-02-20 20:27:22.632303,53.27177845298109,64.51582694073178,195.9949234637445,119.88884638754854,0,0
2026-02-20 20:27:32.632303,47.0533171770741,60.93688165439824,204.90553864435216,88.78031880050585,0,0
2026-02-20 20:27:42.632303,48.570638725104395,60.64605399695363,191.35757913741162,124.40923965456534,0,0
2026-02-20 20:27:52.632303,45.806881632002344,64.71769787256171,217.12919626297574,99.86137865495729,0,0
2026-02-20 20:28:02.632303,45.673954730738764,56.92697871843292,189.6406540156698,82.14258718053736,0,0
2026-02-20 20:28:12.632303,44.982672871003544,54.070093938545426,226.91750006355434,106.18462392388219,0,0
2026-02-20 20:28:22.632303,53.929870494327304,62.35532780616779,203.33935246668327,114.60680332129137,0,0
2026-02-20 20:28:32.632303,46.94618672134131,60.42667862146818,214.94117655648247,86.78790768143871,0,0
2026-02-20 20:28:42.632303,65.48294448071275,60.11426305111034,202.83978901151187,112.56878031674921,0,0
2026-02-20 20:28:52.632303,54.57477666505112,60.15231207758583,202.60258876196085,84.95851469052022,0,0
2026-02-20 20:29:02.632303,47.21767111075012,62.06884086463584,208.87785678085774,112.21165750004087,0,0
2026-02-20 20:29:12.632303,49.39749470888338,54.45085394627654,221.13460861551357,114.36089346182015,0,0
2026-02-20 20:29:22.632303,54.49122286428115,59.345465316570035,220.88772103753158,134.28910478008214,0,0
2026-02-20 20:29:32.632303,50.57576157220238,54.7530532310195,188.27429900895697,106.2547600030405,0,0
2026-02-20 20:29:42.632303,41.97597844550968,60.67761229964828,207.60673300631765,115.35121739812652,0,0
2026-02-20 20:29:52.632303,56.550974280271504,63.45833916700708,156.74641978970942,109.21053128047924,0,0
2026-02-20 20:30:02.632303,53.527566930301234,61.02377750831339,165.39555747709028,92.23226090812939,0,0
2026-02-20 20:30:12.632303,44.16588615232967,51.93996624197164,199.94169697170412,92.02177878557221,0,0
2026-02-20 20:30:22.632303,63.12652790134456,59.32491224224836,225.8750631173192,84.30900975306776,0,0
2026-02-20 20:30:32.632303,47.34955206997565,60.387591504137255,181.83692102784659,95.77799315195256,0,0
2026-02-20 20:30:42.632303,48.91024546878231,59.064368058220424,237.10237146070693,103.7822628543151,0,0
2026-02-20 20:30:52.632303,52.397552814706515,62.15861909738028,212.25252754674224,99.17113016125134,0,0
2026-02-20 20:31:02.632303,48.39626814260577,60.66726423807311,223.13607897826944,111.26238188436383,0,0
2026-02-20 20:31:12.632303,48.79800762155794,63.07137477867244,196.10830673920665,100.33870549435244,0,0
2026-02-20 20:31:22.632303,47.63238309222901,59.273419444375065,226.8266013909936,100.92421147339236,0,0
2026-02-20 20:31:32.632303,50.67641254276159,54.21112888296817,193.8151218473454,97.58685096255272,0,0
2026-02-20 20:31:42.632303,45.85428257278298,60.08666164681426,191.4163541954469,100.79995855243583,0,0
2026-02-20 20:31:52.632303,50.60751504909467,56.17698256870942,192.0259643503362,100.77374282760833,0,0
2026-02-20 20:32:02.632303,55.92149715578363,61.02687669118296,186.76129640165144,103.99004759243853,0,0
2026-02-20 20:32:12.632303,58.537744446608805,63.66682589035607,210.9505306087124,107.25590175482321,0,0
2026-02-20 20:32:22.632303,57.19977020714315,64.30250717607063,211.33520762235315,110.68642219590085,0,0
2026-02-20 20:32:32.632303,44.5917445186797,53.990938990638874,203.1419730128766,100.68680709650539,0,0
2026-02-20 20:32:42.632303,47.28044973243371,63.303410679310836,162.74272827097528,94.65227743942197,0,0
2026-02-20 20:32:52.632303,47.57522227561193,53.454792859602165,229.89462014538609,86.40798731336677,0,0
2026-02-20 20:33:02.632303,47.05829971346157,63.631919031220534,212.92090686857463,88.91825303515253,0,0
2026-02-20 20:33:12.632303,53.41244604630318,61.159137914632886,246.66071124222935,104.03940416068305,0,0
2026-02-20 20:33:22.632303,49.29379089465734,56.573992171522306,185.11513266088858,91.74230904531842,0,0
2026-02-20 20:33:32.632303,56.85549406955961,60.07187966006588,211.3049424794946,115.14247599980887,0,0
2026-02-20 20:33:42.632303,38.20767928896267,65.1154950588015,201.1079382356667,104.35048371640444,0,0
2026-02-20 20:33:52.632303,45.85798389125874,56.979502406205924,209.77691779625977,123.8459780033147,0,0
2026-02-20 20:34:02.632303,55.01656656407451,65.06209168567416,196.1599745947716,93.99795775414371,0,0
2026-02-20 20:34:12.632303,46.095975242105034,58.04690510121325,158.94435133658948,92.75080657108398,0,0
2026-02-20 20:34:22.632303,47.19823421970079,59.298567302420636,202.63500219494583,103.6245086862561,0,0
2026-02-20 20:34:32.632303,49.9253731377852,57.67422765462897,160.7328271346896,94.24691391598206,0,0
2026-02-20 20:34:42.632303,45.13774681156497,61.86426699311441,218.18574793387387,109.3857106705994,0,0
2026-02-20 20:34:52.632303,53.7847636806391,59.465897058190045,189.56088869048207,92.52897246332934,0,0
2026-02-20 20:35:02.632303,42.46250541699125,63.96741480203143,196.50577924140052,87.53659706379126,0,0
2026-02-20 20:35:12.632303,45.867543121448826,56.53210617426979,200.86048970030254,110.67467851070685,0,0
2026-02-20 20:35:22.632303,48.260052252022085,50.9898659408654,196.2163932968216,98.43806099902804,0,0
2026-02-20 20:35:32.632303,48.875398845322394,57.490155334097196,204.34878161451684,100.66141115149001,0,0
2026-02-20 20:35:42.632303,49.87584842936676,61.65056544577186,191.40334353704293,95.13414330299346,0,0
2026-02-20 20:35:52.632303,56.900616447927,62.23742163886175,216.538921218856,112.26104585334069,0,0
2026-02-20 20:36:02.632303,52.629720903124,63.713554716544685,168.4130967585948,102.04153871996027,0,0
2026-02-20 20:36:12.632303,49.08640769092836,66.71073636359924,218.552910636066,93.69554809206821,0,0
2026-02-20 20:36:22.632303,51.86397079264603,60.67072533379696,209.08662866304456,89.81157530625347,0,0
2026-02-20 20:36:32.632303,51.800082326191124,59.08739460284706,205.648995281112,92.7561483487783,0,0
2026-02-20 20:36:42.632303,47.074684143017,64.69536808146681,178.96904883319678,90.22245598957952,0,0
2026-02-20 20:36:52.632303,49.74209371392211,56.91243849925618,182.299427354744,101.05075971208295,0,0
2026-02-20 20:37:02.632303,42.47467071548148,55.96815106034545,241.08191165847288,104.5947505896901,0,0
2026-02-20 20:37:12.632303,46.267183238650446,61.67286031306479,211.34660953973258,109.94414420090239,0,0
2026-02-20 20:37:22.632303,49.364219852716346,63.905990811091556,159.23106950235655,89.43691869524247,0,0
2026-02-20 20:37:32.632303,50.81935700868228,61.31853413123117,181.76435424662716,102.5941999126316,0,0
2026-02-20 20:37:42.632303,46.8807987565637,58.892163623091335,220.49547601330022,109.08937496888599,0,0
2026-02-20 20:37:52.632303,45.01469836318369,55.77099415191959,191.77653208893366,99.73253698827075,0,0
2026-02-20 20:38:02.632303,46.7105075571263,64.16256977119868,206.9477968341711,104.0608510987443,0,0
2026-02-20 20:38:12.632303,43.66730585527514,64.66916286953511,143.59662355518617,108.34055451849369,0,0
2026-02-20 20:38:22.632303,54.671558688353855,58.27039525088816,225.45820434494848,99.36902447045654,0,0
2026-02-20 20:38:32.632303,50.31215851663721,61.358115149616864,263.7314982362211,113.44433908083005,0,0
2026-02-20 20:38:42.632303,53.50565600356459,56.34878205359522,202.87179650958984,91.86875906153614,0,0
2026-02-20 20:38:52.632303,54.11055423641407,60.561867902939426,177.5095664077221,100.81124583418503,0,0
2026-02-20 20:39:02.632303,45.75291265141847,60.60486488535019,182.81845367269486,100.27487633360813,0,0
2026-02-20 20:39:12.632303,53.75234930967547,59.78779203229958,192.18223465655223,102.03276221057463,0,0
2026-02-20 20:39:22.632303,53.485913103964265,55.57126692047296,205.21312309410405,113.175408190174,0,0
2026-02-20 20:39:32.632303,52.86828481638358,60.231016586668915,212.79475013397789,104.52496456102682,0,0
2026-02-20 20:39:42.632303,53.76800554579907,51.90427355606822,168.9308773267347,110.04829149483237,0,0
2026-02-20 20:39:52.632303,42.4736041191928,61.60615454287682,192.95900687935418,90.03810754404003,0,0
2026-02-20 20:40:02.632303,51.74824878573737,60.804134014866285,242.20685304192756,93.7518879546411,0,0
2026-02-20 20:40:12.632303,57.20055060034587,61.40969165753726,186.77956236914576,107.99246457517245,0,0
2026-02-20 20:40:22.632303,52.828692522269755,60.143373179432196,205.32590712881247,94.03012968954468,0,0
2026-02-20 20:40:32.632303,45.871064373727464,63.03776869529033,195.52121151373453,99.19917001750908,0,0
2026-02-20 20:40:42.632303,51.399107979721386,61.061153379135234,171.41347058051872,112.86252086454859,0,0
2026-02-20 20:40:52.632303,50.60591075950339,59.1893869487114,208.61692010339493,102.36542193614864,0,0
2026-02-20 20:41:02.632303,53.83531344744851,62.15193468860377,214.35692457992533,113.50993905727516,0,0
2026-02-20 20:41:12.632303,54.41812274485486,59.35805511868575,177.54197687846334,116.67797933004515,0,0
2026-02-20 20:41:22.632303,48.811383133264435,58.107570346557914,165.26546364471122,103.38473105312111,0,0
2026-02-20 20:41:32.632303,50.74443301976885,53.93954025500208,209.0654808426635,95.01808079298561,0,0
2026-02-20 20:41:42.632303,63.45157503644347,57.72255523163653,191.29613335604412,91.25223775745633,0,0
2026-02-20 20:41:52.632303,56.38938260520986,58.50889682214099,185.50171692469007,107.06955009920543,0,0
2026-02-20 20:42:02.632303,43.09823532293407,62.50044218499579,235.62799433201715,105.66607832835089,0,0
2026-02-20 20:42:12.632303,53.18949158129963,63.48024086762994,234.19416057351037,112.09893960019104,0,0
2026-02-20 20:42:22.632303,52.19834861136512,63.615565602544,182.28130149069779,107.76293590747322,0,0
2026-02-20 20:42:32.632303,44.97222014408126,58.53191032547349,138.34875649713524,104.01429659367462,0,0
2026-02-20 20:42:42.632303,46.78063994445824,64.44458086081785,207.80385221210807,111.24095894701625,0,0
2026-02-20 20:42:52.632303,44.58201727663731,64.15354414863853,242.11712688726652,107.64158299931894,0,0
2026-02-20 20:43:02.632303,53.95174504346144,60.67839070557974,189.50662438869273,107.61192372701508,0,0
2026-02-20 20:43:12.632303,42.46958544798966,58.328979500316734,164.57886395325636,92.96343622684917,0,0
2026-02-20 20:43:22.632303,53.21022545946781,62.02157350488185,201.01827391070947,101.70400994062011,0,0
2026-02-20 20:43:32.632303,40.570676910678955,58.50975087771634,186.3729678712958,93.4094030948546,0,0
2026-02-20 20:43:42.632303,52.997893139068765,56.55797069397876,187.90638299745177,79.12930754290484,0,0
2026-02-20 20:43:52.632303,48.52938409811915,55.648649809145525,201.58405857379287,90.48891953257535,0,0
2026-02-20 20:44:02.632303,50.52271122774608,59.42125695703063,233.44083546084642,104.97217980453193,0,0
2026-02-20 20:44:12.632303,40.80181063718848,54.940444623589165,201.10416017984667,90.70152051607349,0,0
2026-02-20 20:44:22.632303,35.158157848820736,65.39818525533498,214.40448033810816,105.20976873491772,0,0
2026-02-20 20:44:32.632303,46.963384772645426,61.71070708403972,185.91279351558236,102.04857300217691,0,0
2026-02-20 20:44:42.632303,45.39708387081761,66.06515380222406,168.5952669183631,112.32283829510831,0,0
2026-02-20 20:44:52.632303,50.19457914008665,58.04213201863204,203.34005843391478,107.3334800717818,0,0
2026-02-20 20:45:02.632303,56.83373368347198,61.25257209253413,182.18607829475445,100.55630123765789,0,0
2026-02-20 20:45:12.632303,59.083966183311865,65.39071234205049,218.1752695624872,107.95687020122386,0,0
2026-02-20 20:45:22.632303,53.497250453032706,64.63501933803948,190.8674242855619,86.44913934224994,0,0
2026-02-20 20:45:32.632303,50.345017503685305,56.72967365288923,178.89958489245632,92.79721423412069,0,0
2026-02-20 20:45:42.632303,62.42656962266843,60.54449853630338,207.23815672721977,87.77637192995746,0,0
2026-02-20 20:45:52.632303,40.781235206036854,56.72378942752478,228.76391170417497,103.34275466076521,0,0
2026-02-20 20:46:02.632303,52.99297545722196,62.95426415680824,188.17301240403444,113.87965583973367,0,0
2026-02-20 20:46:12.632303,46.83596200388909,65.62492943705021,208.84604312270682,82.10954845753677,0,0
2026-02-20 20:46:22.632303,46.25995256699733,52.86024586851158,223.26564265588416,99.752645791976,0,0
2026-02-20 20:46:32.632303,38.8582878002511,61.502987526878634,189.2567147522336,85.16194144966677,0,0
2026-02-20 20:46:42.632303,58.389829184843485,60.429143464386314,194.13137195373375,96.00575219013983,0,0
2026-02-20 20:46:52.632303,42.43360265421114,54.781804401663564,225.69833569750168,95.26117130214281,0,0
2026-02-20 20:47:02.632303,50.110338504684314,51.8226780951957,173.63815928408988,106.09812519874752,0,0
2026-02-20 20:47:12.632303,51.88855880056917,67.01350079489727,226.85912663262454,97.69289027515177,0,0
2026-02-20 20:47:22.632303,52.36476782356635,58.73358622838771,241.09619637277297,111.490146960524,0,0
2026-02-20 20:47:32.632303,50.84842545428876,60.80157913950541,228.89700574519617,105.79577847113848,0,0
2026-02-20 20:47:42.632303,57.79314008535043,51.22540829496451,209.22456522997595,94.84565135318616,0,0
2026-02-20 20:47:52.632303,58.78188993813996,66.18559474875931,200.65671618202614,115.35630978811031,0,0
2026-02-20 20:48:02.632303,58.91557259996253,60.297626687704586,249.43867544863716,99.68658847330278,0,0
2026-02-20 20:48:12.632303,48.92739524832046,63.463490354337374,192.92418537715372,100.85339775794894,0,0
2026-02-20 20:48:22.632303,57.04717212025455,60.07687540886908,166.09964414049387,103.67319387849197,0,0
2026-02-20 20:48:32.632303,46.51853210473803,63.46108462917818,213.92379431652492,114.71400348166522,0,0
2026-02-20 20:48:42.632303,54.537661503963484,64.36097713463226,186.61806479724572,108.03986495890503,0,0
2026-02-20 20:48:52.632303,59.84225644680145,57.24540036545293,235.99476583454197,94.5064990879867,0,0
2026-02-20 20:49:02.632303,45.74014377475013,61.18480177341935,214.3182083225762,109.11750123972266,0,0
2026-02-20 20:49:12.632303,45.19118789613399,61.73816038901716,186.2889085703299,85.11077743929424,0,0
2026-02-20 20:49:22.632303,45.356318422336074,56.99639853617673,210.43190320705014,111.52213663068669,0,0
2026-02-20 20:49:32.632303,42.633966850623665,61.407844296832224,176.46603628458186,106.29085409014,0,0
2026-02-20 20:49:42.632303,46.88634709498126,55.79468392790689,215.9932903069515,94.13077394554905,0,0
2026-02-20 20:49:52.632303,48.42018024323651,51.120043649774495,218.93102722846947,108.20908521169108,0,0
2026-02-20 20:50:02.632303,50.02728922140657,53.88967623457697,224.18738356669525,93.33736613639209,0,0
2026-02-20 20:50:12.632303,47.73323274949706,69.24817622543813,185.9272711178154,107.422099624265,0,0
2026-02-20 20:50:22.632303,52.81046131041309,61.56068877152034,205.6400108510902,103.76388561889199,0,0
2026-02-20 20:50:32.632303,51.359702954702705,59.79232656489576,230.22566248221483,86.87339439200721,0,0
2026-02-20 20:50:42.632303,55.10729052007688,63.28936919475021,213.96798242658804,111.16979427640129,0,0
2026-02-20 20:50:52.632303,49.53700302365804,52.52410369669249,198.55414680571027,90.08805782375445,0,0
2026-02-20 20:51:02.632303,46.34070395070968,55.03032130467035,190.45310283112332,94.03376306016551,0,0
2026-02-20 20:51:12.632303,38.112150850364486,62.80088764512916,244.40643716009765,106.06237193496288,0,0
2026-02-20 20:51:22.632303,48.98538021732886,59.78101441729514,191.58028263973648,100.90041583866959,0,0
2026-02-20 20:51:32.632303,49.81495952963383,56.635806278406825,233.6577677789566,85.12845764290229,0,0
2026-02-20 20:51:42.632303,53.59165771597123,59.59520949072987,238.0166363013149,103.4086459924822,0,0
2026-02-20 20:51:52.632303,48.20047231408376,59.00917120626201,200.79813389039523,88.57209305003599,0,0
2026-02-20 20:52:02.632303,46.16565237441044,52.86022412323257,181.54046203251812,100.9390648166045,0,0
2026-02-20 20:52:12.632303,51.5008752464226,52.08268122001439,197.255765939116,105.63409950822133,0,0
2026-02-20 20:52:22.632303,49.185439033118826,57.4648454168888,191.75677709903573,94.59236645022779,0,0
2026-02-20 20:52:32.632303,46.81634720445972,60.695294100979396,246.15376455470903,92.56300083094817,0,0
2026-02-20 20:52:42.632303,48.409286836692864,59.79320824249908,186.25291131283413,110.98235803523427,0,0
2026-02-20 20:52:52.632303,38.145573133467806,57.8757633184853,216.36627472639924,97.05905691611366,0,0
2026-02-20 20:53:02.632303,45.895805205748545,61.76302701775506,218.12686470794304,102.10635445215058,0,0
2026-02-20 20:53:12.632303,45.99389820093558,61.824813276606974,191.9590139945042,107.45186881893828,0,0
2026-02-20 20:53:22.632303,57.41629442428295,49.57769297724587,202.22134946391265,82.64266063052372,0,0
2026-02-20 20:53:32.632303,62.20894292664885,58.12750186481524,214.92746483650745,99.64683140405104,0,0
2026-02-20 20:53:42.632303,45.984577096404706,56.311787811290294,231.71358346201518,109.5593806017831,0,0
2026-02-20 20:53:52.632303,59.717920436887816,60.221813340630796,205.75839242492,97.32808434344712,0,0
2026-02-20 20:54:02.632303,48.56458898442495,55.83245227009053,201.68020381848703,92.10753405113803,0,0
2026-02-20 20:54:12.632303,52.20954461082101,60.68004087592084,205.75364087351446,116.75129939690225,0,0
2026-02-20 20:54:22.632303,49.81141025117204,63.02690801141371,241.0301892817116,113.06617069295048,0,0
2026-02-20 20:54:32.632303,55.76584849227422,58.773247137918,204.59286111135594,86.81723707970059,0,0
2026-02-20 20:54:42.632303,52.494572004822075,61.097840710455365,200.46770250312363,110.2719478824286,0,0
2026-02-20 20:54:52.632303,43.96112588787802,66.53945140464138,218.03529375880566,99.29366020348026,0,0
2026-02-20 20:55:02.632303,49.25635206091303,61.922444860994375,230.4170246412756,101.0160771869001,0,0
2026-02-20 20:55:12.632303,50.72015450989613,60.07247391050348,235.64048225402945,96.31116897062977,0,0
2026-02-20 20:55:22.632303,49.852462006904645,65.85374261704398,202.94021667225726,111.37058860045522,0,0
2026-02-20 20:55:32.632303,45.443599715485206,59.17882991348594,229.68868076880457,93.23660284236455,0,0
2026-02-20 20:55:42.632303,49.24350480115146,61.02674092356592,180.21690964014027,95.86189881378102,0,0
2026-02-20 20:55:52.632303,50.5631834091282,60.186726936647844,225.6070404167427,115.41457194832253,0,0
2026-02-20 20:56:02.632303,45.71957563999544,60.44507407666996,213.4849661684953,115.16347465799197,0,0
2026-02-20 20:56:12.632303,53.592451486585645,61.16365360636933,213.33085063965262,106.73768834336259,0,0
2026-02-20 20:56:22.632303,45.36142853857816,60.771195170025074,229.18321988377383,97.92643231305995,0,0
2026-02-20 20:56:32.632303,50.64723321273722,59.02993420189591,153.7228100878625,100.20590177234679,0,0
2026-02-20 20:56:42.632303,51.50895965326436,57.95002643647639,176.90726102230545,91.19393540218351,0,0
2026-02-20 20:56:52.632303,53.82093808067782,67.89009909218763,227.64866681810867,86.55653995169448,0,0
2026-02-20 20:57:02.632303,54.27313655275351,57.34735049676284,188.35465874982447,95.38024402028717,0,0
2026-02-20 20:57:12.632303,53.53033474927715,63.83701350579615,198.03937857440425,99.18929258991976,0,0
2026-02-20 20:57:22.632303,52.321318716178965,62.27197815809697,223.5245141351706,87.15628024490802,0,0
2026-02-20 20:57:32.632303,50.10013669902015,55.72790249643529,198.98115441873193,97.7382471231924,0,0
2026-02-20 20:57:42.632303,49.766252730486485,56.801028447557876,170.2542041358514,79.05562473285097,0,0
2026-02-20 20:57:52.632303,49.344099228675795,58.275995576668244,186.48124670392346,113.22548462831661,0,0
2026-02-20 20:58:02.632303,45.70280906602345,65.66733632855521,232.47687488538514,80.4909953321062,0,0
2026-02-20 20:58:12.632303,50.46190729499485,58.401214036656036,141.76392110565467,85.55358746931586,0,0
2026-02-20 20:58:22.632303,53.874680535542375,68.07679701084506,218.05356285398497,103.23632472512978,0,0
2026-02-20 20:58:32.632303,49.89333809184456,66.73065165859245,242.96478403915282,94.13157320475814,0,0
2026-02-20 20:58:42.632303,40.00006719844855,51.60725014691519,226.43761984319605,99.52941459225613,0,0
2026-02-20 20:58:52.632303,50.916209552293594,52.837396028173146,184.93622174423066,97.04519186099218,0,0
2026-02-20 20:59:02.632303,51.03919191682035,58.40563184434497,179.25347603397316,92.15433007397478,0,0
2026-02-20 20:59:12.632303,56.041616429736166,60.979138478414,212.24313613911104,91.01126189122671,0,0
2026-02-20 20:59:22.632303,35.230882572996876,57.907582772462014,182.66858891149008,103.4901226862808,0,0
2026-02-20 20:59:32.632303,66.4286185684092,62.78066407047302,254.71920318766976,105.6876969533945,0,0
2026-02-20 20:59:42.632303,46.85056881213642,61.391664312483535,235.61277198955418,118.29562596321239,0,0
2026-02-20 20:59:52.632303,47.1233131597846,61.012734782797196,171.4146624065771,108.2466862469143,0,0
2026-02-20 21:00:02.632303,57.76677349527947,60.159197816464065,186.65231891279743,103.60130951277563,0,0
2026-02-20 21:00:12.632303,52.08729515681583,60.32457532739848,203.57430248671906,98.26185149530629,0,0
2026-02-20 21:00:22.632303,54.97977464113203,62.94490978066051,180.33793705711702,89.89409396841405,0,0
2026-02-20 21:00:32.632303,48.72812791486719,62.947348496420716,202.9611482778163,93.56849589877345,0,0
2026-02-20 21:00:42.632303,51.30759298362915,58.67675792191091,217.60972920448262,103.33058435067048,0,0
2026-02-20 21:00:52.632303,48.42360906273928,60.92607508818585,226.30096119048403,94.30369923453623,0,0
2026-02-20 21:01:02.632303,52.0132849082358,59.71815863813602,208.53967367724198,93.4543505840427,0,0
2026-02-20 21:01:12.632303,50.55167716579688,64.43129312966721,181.25986037507786,86.70594896674919,0,0
2026-02-20 21:01:22.632303,43.54272217756518,55.31734987919924,211.90646575785328,85.94140314134535,0,0
2026-02-20 21:01:32.632303,48.51052327628235,62.47315721324283,208.33318121097187,96.14441020037515,0,0
2026-02-20 21:01:42.632303,50.95461865877553,60.42858131895027,195.5151808890363,97.8916528134542,0,0
2026-02-20 21:01:52.632303,61.1771371737848,63.237243615725205,249.61301835024287,95.03036867079499,0,0
2026-02-20 21:02:02.632303,49.575167015559266,54.67149693889341,183.80866395820857,119.01913148662501,0,0
2026-02-20 21:02:12.632303,47.389828550791215,67.67712520057783,175.1327547864022,89.46530965926723,0,0
2026-02-20 21:02:22.632303,48.2938438948829,59.74500031328329,218.4617458490026,104.50770417186266,0,0
2026-02-20 21:02:32.632303,47.918423713279864,59.46673677392757,193.618741604306,90.8534626467427,0,0
2026-02-20 21:02:42.632303,45.56018531699189,64.11153556573363,163.43670144145722,116.17358697445054,0,0
2026-02-20 21:02:52.632303,48.28502887198884,56.90996557443136,214.79518581394538,114.85216584147118,0,0
2026-02-20 21:03:02.632303,55.58816220801979,62.00740819743956,221.7372697944367,82.83502422856134,0,0
2026-02-20 21:03:12.632303,47.39084729255926,56.355319759900624,224.4927746243035,96.16521981076113,0,0
2026-02-20 21:03:22.632303,54.227032783910275,62.14342776995455,182.75386127672638,94.13041790023715,0,0
2026-02-20 21:03:32.632303,56.46908845407363,56.89806940526235,202.49735220390957,92.17458713673555,0,0
2026-02-20 21:03:42.632303,48.43023906542069,59.81535222412011,184.34266979405018,90.39553046016118,0,0
2026-02-20 21:03:52.632303,51.43136668388721,56.6210503648353,183.78684888602655,90.6094685629803,0,0
2026-02-20 21:04:02.632303,49.61045976834341,63.77480653759937,230.13057272624533,92.74081914006221,0,0
2026-02-20 21:04:12.632303,60.751553966656054,55.98118055717282,221.67097046655738,92.78303545984558,0,0
2026-02-20 21:04:22.632303,45.64538365064995,57.020975372862445,198.95104600701762,105.7997217103361,0,0
2026-02-20 21:04:32.632303,53.34934018952411,56.22405993860845,180.20681424977462,90.83361306636453,0,0
2026-02-20 21:04:42.632303,49.443227988072444,59.1593775832365,180.9964907586041,102.69603694063244,0,0
2026-02-20 21:04:52.632303,61.31284404167659,57.9811381526594,191.32976357592932,105.59661570324369,0,0
2026-02-20 21:05:02.632303,47.205918541316024,62.67585792687273,185.6291458644192,118.32119607577302,0,0
2026-02-20 21:05:12.632303,51.72387486296147,57.519908203693156,188.22616601061452,94.86200247291966,0,0
2026-02-20 21:05:22.632303,56.863748331244366,54.92499596959487,186.64116659080992,94.38339443074574,0,0
2026-02-20 21:05:32.632303,49.92156016621531,58.91556122941282,170.17544337219076,96.00177316404532,0,0
2026-02-20 21:05:42.632303,49.50224658407516,57.487608659680866,213.7355097809533,109.19408428753647,0,0
2026-02-20 21:05:52.632303,49.608066501353036,60.922166347402914,156.77888005301457,95.78897227838168,0,0
2026-02-20 21:06:02.632303,55.02410845878956,58.30625366728289,185.25476647216078,122.7768892603093,0,0
2026-02-20 21:06:12.632303,59.09538595097902,61.870299649928626,222.77821222960097,77.74064582041922,0,0
2026-02-20 21:06:22.632303,46.06224279685647,58.1201685073074,195.28039802266107,95.10055979026038,0,0
2026-02-20 21:06:32.632303,37.24986854241827,61.544098474834236,210.87308256561212,116.01898791589981,0,0
2026-02-20 21:06:42.632303,46.05845367612518,56.51934736888039,146.40031028071064,97.06433163409113,0,0
2026-02-20 21:06:52.632303,54.505558905310856,57.55292855122912,242.86889637087296,97.43405164210476,0,0
2026-02-20 21:07:02.632303,50.734961421442776,54.547587677673626,205.7444069035056,80.20680205147305,0,0
2026-02-20 21:07:12.632303,53.46848977506573,62.89771270494165,227.1858284867302,89.80031281232311,0,0
2026-02-20 21:07:22.632303,50.802810591487095,62.25526623754602,208.8456327666062,91.3470072486515,0,0
2026-02-20 21:07:32.632303,38.0400905522193,61.38784118753792,196.9500064338016,94.33329407038559,0,0
2026-02-20 21:07:42.632303,53.81972681857733,59.82032184738227,173.61609894464402,80.68547710903778,0,0
2026-02-20 21:07:52.632303,44.35518367433417,69.57204917906715,214.45553547865546,101.88612341975012,0,0
2026-02-20 21:08:02.632303,49.09169536407098,59.01042824021026,223.3439196671819,95.09404258096569,0,0
2026-02-20 21:08:12.632303,52.88460205342146,58.606288198833624,238.80313263670126,107.42288507578304,0,0
2026-02-20 21:08:22.632303,56.22778407341813,57.66236090124705,221.16272225134844,96.8742257460531,0,0
2026-02-20 21:08:32.632303,50.55017411966425,66.54019068247783,179.14449886487162,102.032477313054,0,0
2026-02-20 21:08:42.632303,52.190026292593636,62.08001752320324,190.9843101381307,120.86264100808081,0,0
2026-02-20 21:08:52.632303,43.5253405732987,65.83554155452988,224.30131211183277,119.00888789603684,0,0
2026-02-20 21:09:02.632303,42.0588645064609,56.524674048441156,229.8388611832328,81.22960845369691,0,0
2026-02-20 21:09:12.632303,41.96770549479793,58.046768853154035,203.83987577244534,115.92225073648775,0,0
2026-02-20 21:09:22.632303,49.07367042534821,57.56704340774184,206.22779875392854,104.69596483294401,0,0
2026-02-20 21:09:32.632303,52.20619911085136,59.28805516819462,160.89827772163702,90.82384010893668,0,0
2026-02-20 21:09:42.632303,57.101355426337314,60.7482757519064,193.54955761785885,111.18168548373974,0,0
2026-02-20 21:09:52.632303,44.34941683815526,59.09860746514797,202.75516810348074,95.58622496705371,0,0
2026-02-20 21:10:02.632303,50.503814114507996,59.24922427431294,172.0131390442825,101.81477881879056,0,0
2026-02-20 21:10:12.632303,43.358241042435665,60.66246050038689,227.48271648300218,97.18976802723945,0,0
2026-02-20 21:10:22.632303,44.14258435014507,59.49204874718008,183.36057783842938,105.9450900263147,0,0
2026-02-20 21:10:32.632303,49.26005626238573,66.83905300665829,223.25979191354676,98.46919495518597,0,0
2026-02-20 21:10:42.632303,53.578045339865454,58.42705436334862,200.67913770330335,96.38565803649688,0,0
2026-02-20 21:10:52.632303,53.832279799248546,65.73195310683832,215.97296414382288,109.21936601285356,0,0
2026-02-20 21:11:02.632303,54.615167186178645,62.20502368933884,177.21427681579465,117.009715194165,0,0
2026-02-20 21:11:12.632303,59.02205413349213,59.064481586746524,192.58604169567636,106.12411652915375,0,0
2026-02-20 21:11:22.632303,52.75406417591753,59.192215724987925,174.99948688824793,103.05701190749777,0,0
2026-02-20 21:11:32.632303,52.75718269087773,62.90328459215519,206.98585544708416,97.28884851638091,0,0
2026-02-20 21:11:42.632303,54.970010197531394,60.26339399026367,190.7015397127056,98.1934661795428,0,0
2026-02-20 21:11:52.632303,41.27015483762509,59.27103270328585,213.76873039749336,103.3978302213923,0,0
2026-02-20 21:12:02.632303,57.60332086490593,58.948100343937185,209.74626326106633,107.92740176305772,0,0
2026-02-20 21:12:12.632303,61.71428504143704,60.57906196447056,179.11625642271954,108.47928753355282,0,0
2026-02-20 21:12:22.632303,59.328636779842284,58.70980515909351,216.82163077212832,112.2872805522892,0,0
2026-02-20 21:12:32.632303,55.08532771985077,60.50223408989431,186.03052483573708,99.18720451986414,0,0
2026-02-20 21:12:42.632303,52.293002269388154,63.632890096366914,206.67890095998078,96.20092033459423,0,0
2026-02-20 21:12:52.632303,52.776898280748846,63.440340270971284,207.59220112828962,91.63812885461675,0,0
2026-02-20 21:13:02.632303,49.09296982641405,63.79128310564987,172.33964382511053,79.06821977608841,0,0
2026-02-20 21:13:12.632303,57.540414250720104,62.04566102008752,212.13460005040213,89.23183026372944,0,0
2026-02-20 21:13:22.632303,53.68764031733269,61.10099475027346,168.31344844303206,114.24283414273857,0,0
2026-02-20 21:13:32.632303,50.793416618093644,58.415664135682924,192.44020508029564,79.84778094567623,0,0
2026-02-20 21:13:42.632303,52.96668299815682,61.0474288289829,196.1183973533381,112.78485207451672,0,0
2026-02-20 21:13:52.632303,43.080704905020774,57.61291009452954,182.9998349047923,97.21205020228447,0,0
2026-02-20 21:14:02.632303,50.33735012628612,61.720054095245416,193.06053093789765,91.22644264845107,0,0
2026-02-20 21:14:12.632303,58.43003474885222,69.64656076715427,202.8657334376405,92.43219632979132,0,0
2026-02-20 21:14:22.632303,57.37727065521147,54.21297157468614,193.30453350590344,93.03882948653698,0,0
2026-02-20 21:14:32.632303,44.20232224774756,58.87990306831292,182.7165584165207,100.12654464148655,0,0
2026-02-20 21:14:42.632303,50.13588583836232,57.51467310591208,192.5897328681226,97.69151032096289,0,0
2026-02-20 21:14:52.632303,54.049230305597135,59.406282395743254,216.49403481572193,105.85812983554655,0,0
2026-02-20 21:15:02.632303,52.85765348450371,65.5513838813839,177.6121824050818,95.26816893692886,0,0
2026-02-20 21:15:12.632303,58.816494001497844,58.97073399764293,143.69752620188302,97.97031656852114,0,0
2026-02-20 21:15:22.632303,50.67469765081625,49.531547530275155,226.67871279775898,92.86287536134398,0,0
2026-02-20 21:15:32.632303,51.642815575937576,59.09607381862375,174.23297161591915,89.2949186536458,0,0
2026-02-20 21:15:42.632303,45.324585817862264,64.34268763673455,197.04923623799695,94.78134483448254,0,0
2026-02-20 21:15:52.632303,45.326955437048845,64.7846008861045,229.28402545047174,111.84743898706681,0,0
2026-02-20 21:16:02.632303,52.46218669577083,61.159320167482846,175.68124364048197,97.54180873288942,0,0
2026-02-20 21:16:12.632303,46.580698983267816,52.697951564061164,221.14086838330732,93.04170053607724,0,0
2026-02-20 21:16:22.632303,55.97970953717653,63.526985603040046,211.13435953266838,106.12884071763183,0,0
2026-02-20 21:16:32.632303,46.923430589631465,67.43140060516266,200.86250861906097,103.01931685118704,0,0
2026-02-20 21:16:42.632303,46.75461833216681,56.27533895689216,209.54592017618847,102.17513495938786,0,0
2026-02-20 21:16:52.632303,46.05323817048711,54.246293124898386,174.60153825344906,111.96133717091107,0,0
2026-02-20 21:17:02.632303,46.93373092674964,58.644365817296666,229.00680517518123,88.77849438513586,0,0
2026-02-20 21:17:12.632303,46.365025871414716,56.92493268575723,232.3613696233208,119.93383500582414,0,0
2026-02-20 21:17:22.632303,53.757816127010855,63.13353889661696,188.39289994294538,119.47328486904283,0,0
2026-02-20 21:17:32.632303,51.33848127179331,63.41244105779896,197.88950122458093,97.3196741267239,0,0
2026-02-20 21:17:42.632303,58.31521129798059,62.15889471895323,229.02750922140763,102.55328171745045,0,0
2026-02-20 21:17:52.632303,45.75816731788455,57.66662826848605,202.0593048492922,93.73499783956673,0,0
2026-02-20 21:18:02.632303,44.462692956861545,64.8056681271481,189.10259858352975,101.38192747791321,0,0
2026-02-20 21:18:12.632303,51.480667949428025,57.64738749871773,229.01598932617478,88.82858238795387,0,0
2026-02-20 21:18:22.632303,51.308126317903856,60.984470825506335,198.91490794271704,87.03087386728018,0,0
2026-02-20 21:18:32.632303,54.35408775931732,62.97404268133839,186.48862942817567,107.07487207205362,0,0
2026-02-20 21:18:42.632303,51.87453843150388,54.87755141855557,182.92142170857284,111.3828144488958,0,0
2026-02-20 21:18:52.632303,51.547080925710254,57.742788216757496,182.83048217654715,94.84606201884579,0,0
2026-02-20 21:19:02.632303,47.777602350611474,56.616147869482994,165.16471775233396,111.40013286400786,0,0
2026-02-20 21:19:12.632303,54.853168363057215,54.90697819277256,202.72622591127336,90.97761797285233,0,0
2026-02-20 21:19:22.632303,48.69216388386732,58.620933680505374,191.44331568564255,120.02947084076285,0,0
2026-02-20 21:19:32.632303,47.79837157661905,56.7669446997323,184.74837141005904,110.43776956401756,0,0
2026-02-20 21:19:42.632303,41.73948834153533,56.94950833425792,228.93645680223068,102.43986187997646,0,0
2026-02-20 21:19:52.632303,50.95961002518057,68.5285858405748,204.92695905896997,92.91813838640418,0,0
2026-02-20 21:20:02.632303,48.589614715618254,55.45827076387773,225.11874080031393,105.74561717536716,0,0
2026-02-20 21:20:12.632303,55.622070749854444,64.85193571419748,191.71578438144934,90.5524714799111,0,0
2026-02-20 21:20:22.632303,49.741434443459774,56.50895571684585,203.2991375081805,111.32096880834689,0,0
2026-02-20 21:20:32.632303,49.159301769754165,60.599980359630955,198.12308767553267,108.02727572437698,0,0
2026-02-20 21:20:42.632303,46.66108802855855,51.2142149534276,209.4173771875076,109.87834421307994,0,0
2026-02-20 21:20:52.632303,52.23187122379268,57.439078018127944,177.29975803627863,104.94497531780321,0,0
2026-02-20 21:21:02.632303,50.70739476467337,59.49682948936668,236.44926685987582,90.53199905818668,0,0
2026-02-20 21:21:12.632303,58.87518510563733,60.12713561948256,163.2885904625825,98.20797345680859,0,0
2026-02-20 21:21:22.632303,54.79748038299721,58.539779868780116,170.5044291752321,98.3548546820383,0,0
2026-02-20 21:21:32.632303,45.71413813054147,61.96725760435185,215.46799632135222,89.43729592251894,0,0
2026-02-20 21:21:42.632303,46.47097972442175,63.02656986042775,182.82311443402082,89.17841864172004,0,0
2026-02-20 21:21:52.632303,44.106544341018726,61.40815445183248,206.18315439034927,93.15953969620958,0,0
2026-02-20 21:22:02.632303,50.02542698064117,66.10852953662052,180.51879686163556,80.4825739098955,0,0
2026-02-20 21:22:12.632303,52.27537787860185,59.558395344393645,185.79949826369798,106.52080237354907,0,0
2026-02-20 21:22:22.632303,54.19612572334395,51.16688792047963,186.94804181337022,123.17516231196855,0,0
2026-02-20 21:22:32.632303,52.917024578990954,62.7044145531886,223.45788557262958,100.17068825199726,0,0
2026-02-20 21:22:42.632303,53.9834208004581,62.87224817534881,210.78082993505518,96.77988029382595,0,0
2026-02-20 21:22:52.632303,50.86029461183129,57.64655374277289,200.2562860913299,88.31509107900733,0,0
2026-02-20 21:23:02.632303,46.04688004363524,58.87075183230028,181.12589137139847,94.94982729254824,0,0
2026-02-20 21:23:12.632303,49.18037011622242,61.60904937865751,218.9851460370582,95.36215628621892,0,0
2026-02-20 21:23:22.632303,56.67552308634312,63.754444314501974,210.08187663887884,101.53649129296619,0,0
2026-02-20 21:23:32.632303,51.59560420934271,64.74820460266552,224.47159319518548,113.34946728383643,0,0
2026-02-20 21:23:42.632303,50.20663415938502,62.219868659994454,226.87093013244103,93.76283965083607,0,0
2026-02-20 21:23:52.632303,48.40791573140848,60.064146652053914,217.99197475958812,109.15172150718622,0,0
2026-02-20 21:24:02.632303,48.84567944401032,53.96556218248116,204.92367888591934,90.81683862671599,0,0
2026-02-20 21:24:12.632303,42.55031897679889,54.94451375706513,206.5276201569112,113.61037360932806,0,0
2026-02-20 21:24:22.632303,50.194472581181216,60.84552261858386,223.6578987775585,84.55545090916446,0,0
2026-02-20 21:24:32.632303,52.60088210800136,59.95364086272472,211.32114917664134,95.16516091596183,0,0
2026-02-20 21:24:42.632303,45.91031354786759,60.56203561714242,232.98382646668924,108.60910104541463,0,0
2026-02-20 21:24:52.632303,47.461536149099544,54.63611185607488,166.3586543260443,113.16099451850482,0,0
2026-02-20 21:25:02.632303,45.224588559320864,58.69794634802025,226.42422252155154,83.86098544521008,0,0
2026-02-20 21:25:12.632303,57.461322547375296,58.985438184429995,177.02833369522523,97.52649072851086,0,0
2026-02-20 21:25:22.632303,46.38701609299261,61.763279195622864,187.03735132224443,80.88357789080956,0,0
2026-02-20 21:25:32.632303,48.89718732795505,54.57381979085385,204.0863976797664,88.12869667716676,0,0
2026-02-20 21:25:42.632303,47.55993598413957,60.73035121685734,195.7508254993146,102.50430283001045,0,0
2026-02-20 21:25:52.632303,53.40143582858878,55.36826520107478,198.71204918750584,66.7049620249187,0,0
2026-02-20 21:26:02.632303,51.23666650841262,58.79674347850063,180.33100473044058,103.15719422296524,0,0
2026-02-20 21:26:12.632303,55.86348788592534,58.09592900960423,181.1037101951656,101.65025262438712,0,0
2026-02-20 21:26:22.632303,43.3219666667682,57.35847451785784,224.44804323301005,100.62179229812287,0,0
2026-02-20 21:26:32.632303,40.60266518026917,52.81203341088239,203.2417138529355,108.62390575917688,0,0
2026-02-20 21:26:42.632303,41.91189270686925,61.79885042998603,226.60687014979436,118.87858987958639,0,0
2026-02-20 21:26:52.632303,51.65611379929938,62.027210378209894,157.3363114474371,120.99752547995989,0,0
2026-02-20 21:27:02.632303,47.12254893451939,56.266115366299836,194.8958773112075,115.11673414185431,0,0
2026-02-20 21:27:12.632303,61.040230237717736,60.50163471790338,219.9616834520731,100.43204048685504,0,0
2026-02-20 21:27:22.632303,44.81102263490908,65.90697468315317,187.55745039287223,115.35530773371883,0,0
2026-02-20 21:27:32.632303,56.49270664884542,62.456145055828834,236.57949512508708,122.32346033185738,0,0
2026-02-20 21:27:42.632303,49.12378318517844,56.764823526334276,162.71460325487055,122.44682255430256,0,0
2026-02-20 21:27:52.632303,47.80158995540775,64.54014742840695,185.17489264981035,115.38265640912036,0,0
2026-02-20 21:28:02.632303,46.499412040922934,55.233123465530625,195.829871380925,94.68224299038363,0,0
2026-02-20 21:28:12.632303,52.98149892730606,59.794420291229905,212.55404789103844,97.08978526914706,0,0
2026-02-20 21:28:22.632303,46.67446314490597,57.665757808415705,240.89877596062053,102.25170932226936,0,0
2026-02-20 21:28:32.632303,40.08118895273478,57.91916394618367,201.93732064951752,118.45399681250379,0,0
2026-02-20 21:28:42.632303,55.1434935794495,56.31312865407234,248.367115071449,99.68839635198522,0,0
2026-02-20 21:28:52.632303,56.231649055374724,55.37996601040039,152.03673809498204,85.9156850963164,0,0
2026-02-20 21:29:02.632303,33.74833261902147,68.44835730901164,204.2906583777283,90.75355981551968,0,0
2026-02-20 21:29:12.632303,52.2631201499006,60.75733614472066,212.41866791227983,112.09531401136269,0,0
2026-02-20 21:29:22.632303,48.55039423487492,56.48064277559605,216.55550428743834,108.02332777884466,0,0
2026-02-20 21:29:32.632303,50.50367904060673,68.71021675472309,191.24355754276695,91.00142028364732,0,0
2026-02-20 21:29:42.632303,52.09045713753301,57.30024857234601,209.9103304828979,91.6699174416056,0,0
2026-02-20 21:29:52.632303,47.99878858534057,67.56336168015666,191.8882528650464,92.01148455982704,0,0
2026-02-20 21:30:02.632303,55.8533939435325,55.795832198853226,186.14113539705863,105.76561120508994,0,0
2026-02-20 21:30:12.632303,54.69205711936646,64.8819055643243,185.0555633555903,105.9600867298612,0,0
2026-02-20 21:30:22.632303,47.669459002279105,57.57737746595747,224.06425564584572,94.50445604140414,0,0
2026-02-20 21:30:32.632303,51.3910229801049,60.62231787692256,178.58491247322996,109.66092855356321,0,0
2026-02-20 21:30:42.632303,52.80140446839477,52.054837552518315,205.54842222474687,92.27026565833378,0,0
2026-02-20 21:30:52.632303,55.48537653206314,54.218400652876966,192.87046062740913,103.62024550988465,0,0
2026-02-20 21:31:02.632303,50.271701470709374,63.05183302685589,169.6315602798142,116.51914336867378,0,0
2026-02-20 21:31:12.632303,52.625723293941356,65.43887285200358,217.48480338466484,99.88389885544956,0,0
2026-02-20 21:31:22.632303,43.579008945444194,57.7457872750052,231.79126665725155,113.85437781656383,0,0
2026-02-20 21:31:32.632303,46.90200009948155,48.72678285519129,195.74620531389763,97.12297111870883,0,0
2026-02-20 21:31:42.632303,48.75113693979808,62.11415680732561,217.52425158643325,109.90299547099524,0,0
2026-02-20 21:31:52.632303,52.22854570067683,52.79691719230946,193.17600534613408,123.0408978354919,0,0
2026-02-20 21:32:02.632303,51.87108367401239,61.47127827377546,207.18971879547715,104.15379622505989,0,0
2026-02-20 21:32:12.632303,38.084439094570385,59.04190273235572,199.2421433641062,112.81495399253413,0,0
2026-02-20 21:32:22.632303,50.23836447311148,53.41395445359223,208.60178312343504,91.96175351757255,0,0
2026-02-20 21:32:32.632303,43.91607179459291,56.66336381313368,210.85008459329032,112.58761239760068,0,0
2026-02-20 21:32:42.632303,52.414649725887934,62.52809289446809,209.46090545676003,101.01327176860468,0,0
2026-02-20 21:32:52.632303,53.484653174813786,50.32489813172232,202.22176702609667,89.55074965377749,0,0
2026-02-20 21:33:02.632303,55.8145128627207,59.411378779132555,200.6189617653566,84.94928125746196,0,0
2026-02-20 21:33:12.632303,55.08415444506426,62.509312481095236,211.13895764681007,91.86977147831178,0,0
2026-02-20 21:33:22.632303,46.13180077530935,60.89439781778362,186.110031795039,104.34892962677338,0,0
2026-02-20 21:33:32.632303,39.19543698616639,58.049821774373626,235.93506930852982,104.39485827995765,0,0
2026-02-20 21:33:42.632303,50.83396832265496,67.94090614268542,153.28092762397128,91.84688885211892,0,0
2026-02-20 21:33:52.632303,47.99413414126305,63.43340493202156,217.51312726456473,91.33993291017374,0,0
2026-02-20 21:34:02.632303,54.98977161071275,58.38674093071317,224.23279251298334,89.67357301877942,0,0
2026-02-20 21:34:12.632303,49.3834420046692,58.03933073849376,221.12060743131428,94.7721878343383,0,0
2026-02-20 21:34:22.632303,49.78775735494122,62.0272455906522,210.9051696605224,108.86952607473171,0,0
2026-02-20 21:34:32.632303,51.05562388422334,58.32700433888068,193.00602509282498,100.25672315207612,0,0
2026-02-20 21:34:42.632303,51.247962380371916,59.411313408606254,200.38406841931095,84.82746139427894,0,0
2026-02-20 21:34:52.632303,53.33677642227339,60.72444915555772,220.03740827082177,100.00160507407085,0,0
2026-02-20 21:35:02.632303,41.308012107391065,58.5662152427733,196.00140153763166,107.42903305433599,0,0
2026-02-20 21:35:12.632303,39.64863227743302,60.16471806779574,210.27350431586612,93.3851211471848,0,0
2026-02-20 21:35:22.632303,50.373140049084235,57.49185396340062,185.4085413355922,95.91580149868683,0,0
2026-02-20 21:35:32.632303,46.446540037664946,62.73447324774533,185.30096246329245,90.97089992952073,0,0
2026-02-20 21:35:42.632303,58.83964333419767,63.84296004729614,162.769732786816,92.35231710147467,0,0
2026-02-20 21:35:52.632303,51.21231485861355,61.295020268925974,170.19014268526212,111.58565492822322,0,0
2026-02-20 21:36:02.632303,54.12612209590813,61.927606528161355,227.1345698142424,104.52289992570918,0,0
2026-02-20 21:36:12.632303,52.242904396259235,66.23071708728897,222.0243916145542,91.5849254108847,0,0
2026-02-20 21:36:22.632303,53.16597589335958,57.34292854016567,210.08309101900556,104.76613507019815,0,0
2026-02-20 21:36:32.632303,43.08266343772007,59.512617554755856,205.30514047160804,95.63709809005843,0,0
2026-02-20 21:36:42.632303,51.573549711953795,63.22359110800428,199.38813871538488,102.24599476708259,0,0
2026-02-20 21:36:52.632303,56.91712039277988,61.892786332900904,204.01648579348947,90.4192062035864,0,0
2026-02-20 21:37:02.632303,53.35513005694425,61.32059979756775,225.67478867402815,100.46878543303312,0,0
2026-02-20 21:37:12.632303,40.91866749933002,53.199516524686956,214.71361527519466,94.29806402301847,0,0
2026-02-20 21:37:22.632303,52.183838755552486,60.45693057800943,196.66320664612158,99.03638714411777,0,0
2026-02-20 21:37:32.632303,45.67305247477387,59.936889244401314,188.31013134411202,96.27743479874295,0,0
2026-02-20 21:37:42.632303,48.381754776454194,59.09322692040512,218.44346913014172,98.70209170795306,0,0
2026-02-20 21:37:52.632303,55.11851168295049,66.15141980530592,217.098893021123,105.34468535068511,0,0
2026-02-20 21:38:02.632303,51.6341610474176,63.46143483620028,201.7872147719248,109.84569845957199,0,0
2026-02-20 21:38:12.632303,53.07052902644842,58.56063815687845,217.91701760205612,100.91480005977569,0,0
2026-02-20 21:38:22.632303,49.46933996193842,58.09520335840405,203.32037695749145,109.96462615412983,0,0
2026-02-20 21:38:32.632303,54.44470002796518,61.413575189835825,211.9928728145007,112.71696791522558,0,0
2026-02-20 21:38:42.632303,49.250168544145694,55.53831998587918,226.02259704357147,94.70221747969282,0,0
2026-02-20 21:38:52.632303,46.548309383280476,52.81520897866179,211.42566106328593,83.78547375447778,0,0
2026-02-20 21:39:02.632303,46.24870596154132,62.352947178060234,214.43842504816743,93.48295851781766,0,0
2026-02-20 21:39:12.632303,49.32923336503797,56.509621894375385,189.03206424377635,102.66215260152907,0,0
2026-02-20 21:39:22.632303,47.49176660601771,59.02313983929732,170.70586636764867,111.32956164806137,0,0
2026-02-20 21:39:32.632303,52.550332965855326,63.17162148734881,225.80850649233724,91.74787124454284,0,0
2026-02-20 21:39:42.632303,48.208027584859884,52.420662529671155,262.80845820204473,98.50414684682625,0,0
2026-02-20 21:39:52.632303,55.19363949957456,55.047355422658164,219.92776851286018,118.57590876649665,0,0
2026-02-20 21:40:02.632303,49.69859625486009,55.956474013641596,197.22407198108928,77.73238475042774,0,0
2026-02-20 21:40:12.632303,49.81056649489079,63.283868557251985,199.28484711252972,97.15860445311033,0,0
2026-02-20 21:40:22.632303,52.637840580560166,62.41609938779821,166.80188874989636,100.88822962278789,0,0
2026-02-20 21:40:32.632303,62.17992562114622,54.6599350174079,198.29162334333867,119.41746122051703,0,0
2026-02-20 21:40:42.632303,55.52087578271838,57.946413276895754,204.1227075924521,99.97888320015177,0,0
2026-02-20 21:40:52.632303,46.259640978391666,59.70299157002767,194.4006773438694,101.1274893807675,0,0
2026-02-20 21:41:02.632303,46.258084096544835,54.89352719902136,199.17438453215257,117.1511821817878,0,0
2026-02-20 21:41:12.632303,50.41101463131398,58.67362488427382,215.08171610076997,98.41680387404621,0,0
2026-02-20 21:41:22.632303,59.34016462479555,59.984349962819685,214.00994126316326,92.45395617606727,0,0
2026-02-20 21:41:32.632303,52.51544626668331,61.100373907775015,198.86987750681584,94.9824223883028,0,0
2026-02-20 21:41:42.632303,46.80984917173813,61.12941065591861,212.57878219392947,98.72837203705869,0,0
2026-02-20 21:41:52.632303,51.436339645603965,59.84834128746892,201.97052049810776,97.99555017322776,0,0
2026-02-20 21:42:02.632303,50.08986289684154,70.79216182726971,206.2326859761485,106.45296958431042,0,0
2026-02-20 21:42:12.632303,52.190118026640484,58.94873270681176,225.87978426583336,97.08836229573659,0,0
2026-02-20 21:42:22.632303,55.27527274471276,58.663172007734204,180.80054961711917,103.65396208236193,0,0
2026-02-20 21:42:32.632303,44.476658219489465,62.142560900066435,176.11682687817367,96.80991969527146,0,0
2026-02-20 21:42:42.632303,42.841351517376296,71.29666803761091,166.92080880767372,100.09813740396405,0,0
2026-02-20 21:42:52.632303,55.71652137165007,64.1455436343481,217.02684244346275,96.82771611778524,0,0
2026-02-20 21:43:02.632303,56.75544473168501,63.65356436320873,204.24599235320954,102.40580757726592,0,0
2026-02-20 21:43:12.632303,48.480386761923135,56.36139189666785,224.74301950957434,113.12207993601533,0,0
2026-02-20 21:43:22.632303,45.57945429485039,59.384859339415236,197.13153567082142,99.6734409625969,0,0
2026-02-20 21:43:32.632303,50.32147439293791,63.78744584658472,185.05565383026513,91.5365300848734,0,0
2026-02-20 21:43:42.632303,56.18309871071487,58.149421032474805,174.73929292845867,95.1487005790013,0,0
2026-02-20 21:43:52.632303,48.34973632377999,66.21985091090306,218.49652424753475,111.47520616632242,0,0
2026-02-20 21:44:02.632303,54.099868211733934,63.784974686461254,186.23835746839364,98.01397844646516,0,0
2026-02-20 21:44:12.632303,45.050423434882255,59.158047877851864,213.6820998186948,101.34583284812247,0,0
2026-02-20 21:44:22.632303,56.55740409480148,55.43433683109112,210.0047670139648,87.51697198130682,0,0
2026-02-20 21:44:32.632303,50.47088234586821,62.96133369022591,195.7099486635156,105.51126604086956,0,0
2026-02-20 21:44:42.632303,45.20133832583533,53.34524008721447,211.14059244975607,117.44010234075733,0,0
2026-02-20 21:44:52.632303,45.01977529915054,64.88877672042719,200.8684681763282,86.64308478306924,0,0
2026-02-20 21:45:02.632303,44.34247349323919,60.0631390934426,191.91075424151794,86.87087023241762,0,0
2026-02-20 21:45:12.632303,41.52980359387298,56.61312268829398,203.87618016662236,99.93599247396862,0,0
2026-02-20 21:45:22.632303,47.49381021249961,60.807548777165934,220.80053439725376,103.94126510434148,0,0
2026-02-20 21:45:32.632303,49.3934566430521,63.71228802664275,180.8029939556741,97.75080460444649,0,0
2026-02-20 21:45:42.632303,48.99456032199816,55.05218696622862,191.60251675431283,79.25040319104697,0,0
2026-02-20 21:45:52.632303,59.56089023831477,56.25034484625475,231.72228262842623,100.38084505719492,0,0
2026-02-20 21:46:02.632303,52.8243206607798,58.04480080659627,204.15859383923348,106.50489639988436,0,0
2026-02-20 21:46:12.632303,53.322762071970914,63.099093560297426,192.63334579921647,95.19640327508645,0,0
2026-02-20 21:46:22.632303,42.02911837366198,62.092876044707744,221.64757422646886,116.1598167991793,0,0
2026-02-20 21:46:32.632303,51.52586317290254,56.93408090836572,166.0580771342109,110.4166673308335,0,0
2026-02-20 21:46:42.632303,41.01861716611232,58.637583689024936,195.51386344112709,99.3054486214898,0,0
2026-02-20 21:46:52.632303,50.179013000179204,60.5525902254703,151.69273475842942,100.14655909870126,0,0
2026-02-20 21:47:02.632303,38.852122129440616,62.92887229236398,188.89749688392777,78.4296327477665,0,0
2026-02-20 21:47:12.632303,45.92897661307312,57.71969864326138,223.8139923511001,101.96637741750246,0,0
2026-02-20 21:47:22.632303,51.7222247217529,64.72488653688241,198.0771142415102,107.54187961032403,0,0
2026-02-20 21:47:32.632303,53.41930556965996,54.85412202572235,229.4596715525966,85.79698219929305,0,0
2026-02-20 21:47:42.632303,54.58683324738924,53.93170785237747,212.02473576303348,118.61914878150174,0,0
2026-02-20 21:47:52.632303,48.93510671724894,58.974577428587416,212.208799986337,96.70603544037456,0,0
2026-02-20 21:48:02.632303,59.091393518714106,60.76876899783478,193.5966098355855,94.59714472104316,0,0
2026-02-20 21:48:12.632303,45.335257649134896,57.48898005297004,192.98653212682808,95.1236092650142,0,0
2026-02-20 21:48:22.632303,46.70912362931448,68.39536492140977,179.39809847021021,101.46632587646175,0,0
2026-02-20 21:48:32.632303,52.96260504880436,62.520431982334934,198.82785848435057,97.5929742815269,0,0
2026-02-20 21:48:42.632303,52.25773745619753,61.0660865999128,194.82082330464974,84.38121428275569,0,0
2026-02-20 21:48:52.632303,47.66038138833376,55.41379934517017,186.65680899867345,100.33223238516959,0,0
2026-02-20 21:49:02.632303,51.79368071998308,67.12181100516962,189.25187242192374,107.7462563527515,0,0
2026-02-20 21:49:12.632303,51.52980012218918,65.18399068255916,211.52457439191252,89.91518572713684,0,0
2026-02-20 21:49:22.632303,41.384769853543844,61.24504679867002,189.4309800419922,90.19686254049402,0,0
2026-02-20 21:49:32.632303,43.66211147733461,60.643901990348624,230.1541539862673,95.91327654293958,0,0
2026-02-20 21:49:42.632303,52.95135155537661,59.59093459912963,174.21235821793215,107.34811343510417,0,0
2026-02-20 21:49:52.632303,44.52653977986314,60.08650652237426,193.16959169989389,108.93077434565691,0,0
2026-02-20 21:50:02.632303,44.70924503764657,61.56347963120784,183.204051853026,94.88894787671215,0,0
2026-02-20 21:50:12.632303,31.82399886229949,68.36839428647164,211.01113865652462,92.32652514061836,0,0
2026-02-20 21:50:22.632303,44.37672155833503,58.01740498848264,214.33759069638904,81.07915074415075,0,0
2026-02-20 21:50:32.632303,49.29207790352831,67.08256748985069,177.32107328064393,100.80385038763654,0,0
2026-02-20 21:50:42.632303,61.01654907628879,62.52860651876309,202.5184764097091,105.06636454909003,0,0
2026-02-20 21:50:52.632303,47.99567332495149,65.19852514121376,192.01339954199577,80.40818391264023,0,0
2026-02-20 21:51:02.632303,48.0434844802977,56.13306188049319,194.37611975605142,97.40915940919369,0,0
2026-02-20 21:51:12.632303,55.98711599902454,62.78117090665754,205.26530975150794,99.97054588667405,0,0
2026-02-20 21:51:22.632303,44.70570995571003,51.27529904933729,202.26320022785566,107.94641203573659,0,0
2026-02-20 21:51:32.632303,49.458330583777055,57.8605827088532,209.29004330428424,99.16667799375654,0,0
2026-02-20 21:51:42.632303,58.42872095986981,64.93091336827314,219.19016114046659,107.57734114209904,0,0
2026-02-20 21:51:52.632303,43.549162927742714,62.6519748082104,207.5265191529315,106.06424728391164,0,0
2026-02-20 21:52:02.632303,52.46304743406526,61.81105035139226,254.0173293909919,99.23814330048081,0,0
2026-02-20 21:52:12.632303,54.68168690414665,58.11604075894399,215.81283167775345,109.39319890232456,0,0
2026-02-20 21:52:22.632303,51.822130385676736,66.676987769506,182.31447927279166,95.12779058331778,0,0
2026-02-20 21:52:32.632303,51.06190043011745,63.52322741393689,203.58859042589867,112.85759036510566,0,0
2026-02-20 21:52:42.632303,46.691550645168405,55.43768604204578,206.1625667307301,99.22819723886303,0,0
2026-02-20 21:52:52.632303,52.7143186017911,59.89039083653398,193.19960418753087,99.25062428276277,0,0
2026-02-20 21:53:02.632303,50.14424447396593,58.78007480060668,195.93735907353144,95.9640666301309,0,0
2026-02-20 21:53:12.632303,54.28332559934703,60.7760840180232,245.13504944337532,101.60704551278462,0,0
2026-02-20 21:53:22.632303,47.245712648356694,70.68270149945226,208.2725275542867,109.90124786892817,0,0
2026-02-20 21:53:32.632303,52.96051491601246,62.49204411719099,210.7130810270495,88.97915435223935,0,0
2026-02-20 21:53:42.632303,51.83764523780706,54.70055478459904,196.51274327174931,92.74382543436712,0,0
2026-02-20 21:53:52.632303,51.78735092924362,61.33650498935294,209.62291781530374,102.87296572749088,0,0
2026-02-20 21:54:02.632303,46.96587329106801,58.95598604259328,218.4079232250897,110.678566772944,0,0
2026-02-20 21:54:12.632303,44.26608450686725,53.87628946994941,185.46221233590575,110.4520758203225,0,0
2026-02-20 21:54:22.632303,56.074420150915174,56.301152478395316,206.14618707472675,118.34431333140088,0,0
2026-02-20 21:54:32.632303,52.07655738620167,65.68601314093237,219.97453140166198,90.89801293772089,0,0
2026-02-20 21:54:42.632303,49.05009288251461,60.13901791316739,202.0826677604268,109.16328953438571,0,0
2026-02-20 21:54:52.632303,52.04342381137704,48.25519622488754,173.74319453814547,78.12619085023957,0,0
2026-02-20 21:55:02.632303,50.87682620327667,60.961950597871045,205.66449917221436,90.41071732285384,0,0
2026-02-20 21:55:12.632303,53.370720025599944,62.865049985874116,174.89701865589683,85.33961798551128,0,0
2026-02-20 21:55:22.632303,49.99934156886531,67.16712909445343,233.99485484397286,105.63404360448052,0,0
2026-02-20 21:55:32.632303,46.35001664209962,63.54737063795434,190.95151470381916,92.32492963326189,0,0
2026-02-20 21:55:42.632303,39.280165841890025,60.40952879339061,187.4026530172525,100.96430379528505,0,0
2026-02-20 21:55:52.632303,38.503211518814695,60.67930669033475,151.37757672056745,110.87940253268552,0,0
2026-02-20 21:56:02.632303,52.60945617067542,58.88534091430165,211.25439720164158,90.21925737336447,0,0
2026-02-20 21:56:12.632303,50.36187757807446,63.17909615384134,138.11421501817222,95.52775640322476,0,0
2026-02-20 21:56:22.632303,49.886779349318125,59.214825529016935,229.1420365245481,88.76098875077116,0,0
2026-02-20 21:56:32.632303,46.89420378277386,52.33652389476621,230.2057330254629,97.537098573912,0,0
2026-02-20 21:56:42.632303,47.80795555981646,59.790069270757144,212.72471656860648,103.47363403516124,0,0
2026-02-20 21:56:52.632303,63.239421067785436,61.8157435536151,190.69509141661837,94.38643262476053,0,0
2026-02-20 21:57:02.632303,48.03620523791595,53.992652301480646,200.7972841498317,107.83468106208917,0,0
2026-02-20 21:57:12.632303,46.93318199688382,56.77047977486355,230.3189029258847,85.73516843378835,0,0
2026-02-20 21:57:22.632303,39.660908117613495,55.38839222541047,169.19134565751406,103.86226064104582,0,0
2026-02-20 21:57:32.632303,48.196477497752134,59.12125181990464,223.05868353949546,93.08665138837223,0,0
2026-02-20 21:57:42.632303,53.875447058728206,66.04529119681281,190.8867500397268,107.37022855556313,0,0
2026-02-20 21:57:52.632303,48.7909104373551,63.69639251536316,168.57021624847454,83.54487754874654,0,0
2026-02-20 21:58:02.632303,48.0436614254623,56.444300763760914,189.6658178114023,97.80473417552861,0,0
2026-02-20 21:58:12.632303,53.600067659181256,58.36935768573626,183.52277378753826,96.48486623241101,0,0
2026-02-20 21:58:22.632303,46.15427360096691,56.263977991749144,167.7396637284606,100.69478116221079,0,0
2026-02-20 21:58:32.632303,47.15647146701473,63.86511495693868,171.0520781588212,94.57916444952122,0,0
2026-02-20 21:58:42.632303,59.06453610329375,56.2415619316086,195.2693349580775,87.84156017174632,0,0
2026-02-20 21:58:52.632303,43.257862436095095,66.1892439323507,203.42078985274296,101.33678838237623,0,0
2026-02-20 21:59:02.632303,41.51841882441889,61.43496555243321,223.14843891987653,111.4947706082853,0,0
2026-02-20 21:59:12.632303,53.341666148030804,55.48205768961839,206.26246834385984,106.67584960476607,0,0
2026-02-20 21:59:22.632303,41.02778207455549,55.514881634072864,217.76314643486884,108.76045776671928,0,0
2026-02-20 21:59:32.632303,42.25708483189304,63.18008583707669,201.90606798307235,107.81008954607151,0,0
2026-02-20 21:59:42.632303,46.827393382830294,62.58073398592361,216.87657548971248,96.48665064544288,0,0
2026-02-20 21:59:52.632303,50.08876273086643,57.405913481981386,233.0327789737176,98.79728060674233,0,0
2026-02-20 22:00:02.632303,45.38987837411409,57.136696344501,202.53541202284225,107.53331171778211,0,0
2026-02-20 22:00:12.632303,43.320865774247395,67.39064001176979,206.17350588111233,104.66455972969412,0,0
2026-02-20 22:00:22.632303,49.514052280882815,60.077035869404504,197.03433724145194,110.1779596903596,0,0
2026-02-20 22:00:32.632303,49.960357062733145,63.06820087397084,191.32304953294854,101.95640528312316,0,0
2026-02-20 22:00:42.632303,45.980398278802895,64.86611293019814,183.32505518561769,96.75020555738674,0,0
2026-02-20 22:00:52.632303,48.425197937726274,58.584194449304924,214.44991538885876,96.83342235263356,0,0
2026-02-20 22:01:02.632303,56.96962265270536,56.72609965547933,203.38754939885413,92.242140106874,0,0
2026-02-20 22:01:12.632303,52.104863912657336,59.93620109209292,196.89875910603044,111.88474966503524,0,0
2026-02-20 22:01:22.632303,46.72829064472448,62.346060630472,184.62080174650416,101.12685200160374,0,0
2026-02-20 22:01:32.632303,44.02212335888277,57.34993141477304,198.3571390885427,118.14649167323077,0,0
2026-02-20 22:01:42.632303,50.50401935229887,66.61867326346683,204.40646583381837,96.12915755525061,0,0
2026-02-20 22:01:52.632303,57.696782613003464,61.74807048829368,187.14556812234574,104.70571459400297,0,0
2026-02-20 22:02:02.632303,48.53702625046195,52.043863215314815,218.71946318531235,110.94934055641929,0,0
2026-02-20 22:02:12.632303,59.18971014996138,61.68857476878105,195.02553151834934,108.34989427378586,0,0
2026-02-20 22:02:22.632303,54.24910182659453,66.55312473254568,199.10744753867115,98.34421027432406,0,0
2026-02-20 22:02:32.632303,46.422277901207366,62.149848346900804,169.0347666353833,107.76087372862564,0,0
2026-02-20 22:02:42.632303,52.93917560932895,62.34028080983349,202.7645047300368,115.32978247531085,0,0
2026-02-20 22:02:52.632303,54.359967327134314,57.5716912344972,188.21641900604706,91.20326186585363,0,0
2026-02-20 22:03:02.632303,52.756416663877935,55.99944431504017,221.66784287166703,113.22973308345543,0,0
2026-02-20 22:03:12.632303,45.604918655247744,59.25780586162858,200.33241962724827,108.83983160469668,0,0
2026-02-20 22:03:22.632303,58.04671687804938,53.25803042852569,193.63638564946635,97.33983304439653,0,0
2026-02-20 22:03:32.632303,42.996650725567264,58.059559922783755,208.5553788870122,97.21321097160443,0,0
2026-02-20 22:03:42.632303,42.27689415696293,71.49633079203966,205.3235573040836,101.11694130106675,0,0
2026-02-20 22:03:52.632303,44.51036818466477,61.0428246478851,196.7157243191701,81.11476587284594,0,0
2026-02-20 22:04:02.632303,44.64872279992792,63.17970407069578,238.88035300000882,103.67165405043045,0,0
2026-02-20 22:04:12.632303,55.515416391466836,59.37697876566716,198.26907678638796,110.90979027619466,0,0
2026-02-20 22:04:22.632303,58.313886445897346,65.20438677386248,178.6727384923036,99.33041109684754,0,0
2026-02-20 22:04:32.632303,51.38762342238147,58.96128814596988,207.75715086831192,108.20576811668947,0,0
2026-02-20 22:04:42.632303,55.014048759775704,66.74348060888609,193.4111779055033,86.35966835160686,0,0
2026-02-20 22:04:52.632303,51.79117297007227,67.53524412473921,190.4604828009188,106.86846977063719,0,0
2026-02-20 22:05:02.632303,53.47872896236321,60.765768189378434,200.13849442087428,90.76570794278608,0,0
2026-02-20 22:05:12.632303,38.59168963789711,55.552597173343884,192.193917017766,110.97422687422707,0,0
2026-02-20 22:05:22.632303,49.484359688243124,57.923897124327404,182.1802911609314,106.5680582850948,0,0
2026-02-20 22:05:32.632303,56.791785832153025,64.25374288746984,212.1229939951694,85.2438725361706,0,0
2026-02-20 22:05:42.632303,48.241628785781145,67.7892169155587,222.4390098383045,84.62496781765275,0,0
2026-02-20 22:05:52.632303,49.722047384003645,61.452393730644154,184.7568307394756,76.90795978591152,0,0
2026-02-20 22:06:02.632303,50.494120225082156,56.848966969518244,184.32316521830631,96.45319640069242,0,0
2026-02-20 22:06:12.632303,49.33162042672594,59.963668823617255,182.32020202155996,97.79790470365923,0,0
2026-02-20 22:06:22.632303,41.212883147986226,61.24415626147231,142.87449173317685,97.1050991956638,0,0
2026-02-20 22:06:32.632303,54.59593076838477,55.762637250900696,214.328604073148,111.55732712120893,0,0
2026-02-20 22:06:42.632303,33.46050023751306,59.39454838569703,142.4845314474345,98.81791554429054,0,0
2026-02-20 22:06:52.632303,49.96414394509337,50.069824056356644,238.4967672415973,102.86015807634625,0,0
2026-02-20 22:07:02.632303,45.754882839589825,65.86151770999408,164.08773558715367,87.70828966481683,0,0
2026-02-20 22:07:12.632303,38.50272238165051,67.20418078615734,206.64692742944007,106.59401789848495,0,0
2026-02-20 22:07:22.632303,51.50500616959238,62.295071044578336,201.56155427791978,102.70921342707442,0,0
2026-02-20 22:07:32.632303,50.53801718111475,57.56563277772288,199.06750469570662,102.73594573261677,0,0
2026-02-20 22:07:42.632303,50.552745597760655,54.08891156898673,173.10026662783181,110.82841433916391,0,0
2026-02-20 22:07:52.632303,48.465029770582994,62.33890138814376,178.15760180555208,85.2685412335347,0,0
2026-02-20 22:08:02.632303,45.78201693734144,59.10973971691435,186.69719401431175,112.93933523105714,0,0
2026-02-20 22:08:12.632303,50.89761650768731,67.39575447424744,208.08816308142835,75.8744918208019,0,0
2026-02-20 22:08:22.632303,55.28020803229278,53.96179351012018,204.61067334422677,92.25315942336155,0,0
2026-02-20 22:08:32.632303,60.71355517232093,65.75839170972054,185.16358716596483,98.72642331878889,0,0
2026-02-20 22:08:42.632303,51.222990348246086,63.45365628624644,200.58303824650025,89.75105100619133,0,0
2026-02-20 22:08:52.632303,46.41220680399974,59.98207281449284,224.68913957529384,104.27837860536044,0,0
2026-02-20 22:09:02.632303,46.13292536692492,62.59349111083916,192.2603032224368,108.90408005186842,0,0
2026-02-20 22:09:12.632303,62.635052091643026,58.5646945162258,216.03210319452742,92.5460666796227,0,0
2026-02-20 22:09:22.632303,49.438681164043516,60.118249147488406,196.12632679911238,124.63013688775024,0,0
2026-02-20 22:09:32.632303,48.46703462660809,62.347406155139474,161.39826261353136,104.3199656336961,0,0
2026-02-20 22:09:42.632303,55.710272961761234,57.889610629683794,149.79555717919175,99.61348231172676,0,0
2026-02-20 22:09:52.632303,50.08591925192764,62.896300202977216,240.2180607082687,96.19946349399693,0,0
2026-02-20 22:10:02.632303,45.7185593816986,55.332328794514225,203.961572340632,104.79354258818502,0,0
2026-02-20 22:10:12.632303,47.271723028187075,63.11473098290316,209.3076815363835,100.43231689644891,0,0
2026-02-20 22:10:22.632303,45.48792639627937,58.07254273806111,151.4048940463491,102.35787064198034,0,0
2026-02-20 22:10:32.632303,50.13170644373717,60.753915964357944,210.0863803112912,103.85821486432224,0,0
2026-02-20 22:10:42.632303,49.448084096769826,60.19467217265101,171.9136716660766,94.16279354310574,0,0
2026-02-20 22:10:52.632303,50.252355268417304,57.05658569635056,217.20301591745093,93.4136791904497,0,0
2026-02-20 22:11:02.632303,51.08152705624158,60.466262627261344,214.9255518722082,109.00791174028302,0,0
2026-02-20 22:11:12.632303,53.470163054839695,51.57597519446747,223.88296296026255,115.27308224194599,0,0
2026-02-20 22:11:22.632303,47.589378578392655,60.9465876506914,182.18336639738436,80.51621493267848,0,0
2026-02-20 22:11:32.632303,46.30642367228807,57.839443842145556,192.90298537296368,90.41085909994013,0,0
2026-02-20 22:11:42.632303,46.33287416591381,59.95597471348637,184.59546033779716,105.43524332550028,0,0
2026-02-20 22:11:52.632303,53.408303256987196,69.52155098465796,222.51359864246925,102.43103058328414,0,0
2026-02-20 22:12:02.632303,46.898678516661604,61.17498940669599,206.53191919832713,94.8668691099434,0,0
2026-02-20 22:12:12.632303,53.918656983764386,54.4076079412725,195.1120032892498,105.55858459317406,0,0
2026-02-20 22:12:22.632303,48.56207926203952,59.17298238628292,197.2442827761544,91.64398759312255,0,0
2026-02-20 22:12:32.632303,55.86950465787104,55.92784931230874,206.3631865481977,104.13647898282373,0,0
2026-02-20 22:12:42.632303,45.25689049395517,60.29241701752297,181.80735654510596,113.91042475055946,0,0
2026-02-20 22:12:52.632303,44.306085315118935,57.38441162307214,175.5154998328884,86.42301273132448,0,0
2026-02-20 22:13:02.632303,57.956076454411466,62.17109869565025,202.80586851401088,93.43423036653078,0,0
2026-02-20 22:13:12.632303,54.538059055233845,56.70311024253019,215.87278588660206,91.27488723394364,0,0
2026-02-20 22:13:22.632303,46.77746149062164,63.033129544471684,217.27654688311534,105.9747293389676,0,0
2026-02-20 22:13:32.632303,44.75162942121602,58.213092537108686,203.13797482397027,91.50719038089909,0,0
2026-02-20 22:13:42.632303,56.85481380064647,50.39221222419782,184.42520969261693,94.90433497130168,0,0
2026-02-20 22:13:52.632303,35.78028167614116,54.415083479055234,212.50579025084136,100.30283636552964,0,0
2026-02-20 22:14:02.632303,57.86568011021451,66.18090578353927,208.66092757207895,103.13238249000712,0,0
2026-02-20 22:14:12.632303,50.3296555428945,49.37967192848204,172.1088097334785,101.00675503098934,0,0
2026-02-20 22:14:22.632303,53.080128543738354,61.15867924855256,182.15070064568684,109.37406282469496,0,0
2026-02-20 22:14:32.632303,57.41222014377318,63.75195840116536,219.7919865918094,94.4077420204479,0,0
2026-02-20 22:14:42.632303,55.379670613504,60.583034557310626,210.2311105704401,103.6543184282471,0,0
2026-02-20 22:14:52.632303,49.39256447279794,56.55999009951079,198.3572667289191,109.86761617482823,0,0
2026-02-20 22:15:02.632303,47.792620973435454,63.57338905043258,214.74141341235344,97.0106260298017,0,0
2026-02-20 22:15:12.632303,56.94400051809788,58.57781331523718,230.19093725225264,104.34126981540973,0,0
2026-02-20 22:15:22.632303,49.92067040773243,56.44879447864938,198.23479539729917,97.9624048650558,0,0
2026-02-20 22:15:32.632303,43.70851807374547,59.12953830912933,183.9239363980583,105.85991768978782,0,0
2026-02-20 22:15:42.632303,56.53140237864101,55.09233729481904,234.24615456733846,98.7144896561487,0,0
2026-02-20 22:15:52.632303,45.124893075307426,63.03101912083273,191.07091043489905,99.18263323968506,0,0
2026-02-20 22:16:02.632303,47.9786087789396,56.7330482725404,214.47994064803808,97.13698597105812,0,0
2026-02-20 22:16:12.632303,42.81674103910377,62.20424049686373,175.88835297952488,88.46739827324741,0,0
2026-02-20 22:16:22.632303,55.96303102488658,55.21464040315915,153.6711028614502,106.22861484961496,0,0
2026-02-20 22:16:32.632303,48.48068285259435,59.12937951544753,193.709992132996,102.31669939018727,0,0
2026-02-20 22:16:42.632303,46.23640379048466,65.90445949826305,170.47539039381203,104.44874916677124,0,0
2026-02-20 22:16:52.632303,53.21060501938292,56.96139295666649,179.52531109444362,110.17174214170156,0,0
2026-02-20 22:17:02.632303,45.04569622991642,57.573344236997734,217.74617924919494,100.34741233539025,0,0
2026-02-20 22:17:12.632303,41.014281661854476,66.98823657821406,189.39978482440068,95.97242710093583,0,0
2026-02-20 22:17:22.632303,51.27892126163183,62.50030718801629,239.22208582582934,83.39931850594303,0,0
2026-02-20 22:17:32.632303,54.12976104462973,62.97203877620031,197.25670178251767,107.87273694816223,0,0
2026-02-20 22:17:42.632303,54.671370088182734,54.47214886005198,234.99533011761662,84.41237746861859,0,0
2026-02-20 22:17:52.632303,44.32341859380613,58.95284930550361,238.49881026374112,96.91743370246614,0,0
2026-02-20 22:18:02.632303,49.84033054974595,65.72831441561826,193.99363714869054,88.21563287069324,0,0
2026-02-20 22:18:12.632303,47.91382582380843,65.48316733522311,201.41729994110273,119.3065825905626,0,0
2026-02-20 22:18:22.632303,53.68967463131077,57.42076425442607,201.02152608930157,91.46781881858121,0,0
2026-02-20 22:18:32.632303,46.65783484675615,77.91633700410303,220.37249020067622,108.61097989006673,0,0
2026-02-20 22:18:42.632303,46.88409842345968,66.27833626512431,221.98831203585874,118.81621289357771,0,0
2026-02-20 22:18:52.632303,59.16557074199225,54.08364284760991,177.80321021460185,89.96212184536364,0,0
2026-02-20 22:19:02.632303,45.28029678333782,61.29380945704156,188.66393095808365,120.72598540762519,0,0
2026-02-20 22:19:12.632303,59.52339941040819,59.97415362368384,239.1065243229958,114.88134627240201,0,0
2026-02-20 22:19:22.632303,47.746467204113706,51.963138623897756,195.6406323007854,93.55377868921526,0,0
2026-02-20 22:19:32.632303,51.03252812572915,60.35691314749899,201.26035317798457,105.23684741379165,0,0
2026-02-20 22:19:42.632303,43.93739026458161,61.64544111027883,191.20767693965988,101.99982199863688,0,0
2026-02-20 22:19:52.632303,54.787049226160946,55.10240090711588,194.3741269466086,98.81465765971136,0,0
2026-02-20 22:20:02.632303,47.428655142146795,63.59931798453183,185.59223282399057,94.44599600557662,0,0
2026-02-20 22:20:12.632303,46.450404335239675,64.36822164575521,190.15111775175566,104.60045390883556,0,0
2026-02-20 22:20:22.632303,59.87852550615037,59.70072631859766,222.24121360066314,116.71354084093127,0,0
2026-02-20 22:20:32.632303,55.13595780020207,59.932794736089036,212.84215517997228,87.12621406864655,0,0
2026-02-20 22:20:42.632303,46.09978420925024,57.581299273472325,244.81224240348564,91.87415485744734,0,0
2026-02-20 22:20:52.632303,45.86261624369085,55.82431607900406,211.19623523861523,101.42621392668883,0,0
2026-02-20 22:21:02.632303,55.433794885132826,62.68503866430942,172.39220306551866,91.9272222998963,0,0
2026-02-20 22:21:12.632303,56.82664374137911,59.18680702169278,223.75183636036024,98.50319052084683,0,0
2026-02-20 22:21:22.632303,45.161717858557395,58.786956889333176,180.63900408900608,94.34447237597576,0,0
2026-02-20 22:21:32.632303,51.00462853282623,62.04642036147608,168.19617353491404,99.82631992490901,0,0
2026-02-20 22:21:42.632303,47.06692132220124,57.40634076416475,202.65369238266155,94.49548127310788,0,0
2026-02-20 22:21:52.632303,56.91068997423337,64.75224750500423,223.6365658788408,95.05089804509699,0,0
2026-02-20 22:22:02.632303,45.18750582540339,60.32811971755246,196.99303267427464,93.91176837576636,0,0
2026-02-20 22:22:12.632303,44.12132776666519,59.833928122927716,191.91861099495054,106.8834703703802,0,0
2026-02-20 22:22:22.632303,53.3255302576074,64.40319922169087,174.81408896239924,104.01058307693633,0,0
2026-02-20 22:22:32.632303,46.36267146883164,55.118343156755664,191.4279552610258,110.68704980134618,0,0
2026-02-20 22:22:42.632303,48.138408232147576,66.26181863983645,210.97757031040666,96.05909521019423,0,0
2026-02-20 22:22:52.632303,55.80024214453204,61.781587088457144,181.3488122310659,118.58802635580516,0,0
2026-02-20 22:23:02.632303,51.29739411543238,60.07518476794197,182.88934660188767,111.79538267607738,0,0
2026-02-20 22:23:12.632303,52.58637713680653,62.516952721180964,189.84937312948463,108.34100571910068,0,0
2026-02-20 22:23:22.632303,54.559067967854006,57.32488704487551,171.6601972063802,105.81373059338924,0,0
2026-02-20 22:23:32.632303,42.1332652519713,60.608063111351115,191.05509790425387,112.18665210788922,0,0
2026-02-20 22:23:42.632303,48.03578054616396,64.42909188801522,189.7158111127395,109.99991005059611,0,0
2026-02-20 22:23:52.632303,60.30170771918416,55.727811446535036,205.84071443461815,127.48782415910065,0,0
2026-02-20 22:24:02.632303,50.332944134514605,60.247153080918594,215.7699789470204,100.41080864094754,0,0
2026-02-20 22:24:12.632303,41.46387002714724,64.52914949935575,159.94103172269615,95.83208348861658,0,0
2026-02-20 22:24:22.632303,56.03712874578324,58.573830285428855,186.1260701507119,108.7926390516656,0,0
2026-02-20 22:24:32.632303,45.744426065828065,55.111097121632184,205.49027974986566,98.17076701587409,0,0
2026-02-20 22:24:42.632303,43.78163442905579,62.54781015997948,209.2897521115447,96.40244983394368,0,0
2026-02-20 22:24:52.632303,48.54333996937527,61.88157096803663,223.80722839504134,97.17206789890675,0,0
2026-02-20 22:25:02.632303,53.27344246504072,62.26080086833839,217.58614585417953,100.39309198743466,0,0
2026-02-20 22:25:12.632303,45.43837242966821,58.15000338720012,206.85706931563297,118.18464378381593,0,0
2026-02-20 22:25:22.632303,47.57990188401861,63.219149774109596,193.4388709864648,101.10468755886136,0,0
2026-02-20 22:25:32.632303,57.576983746317964,63.05717032568173,175.17401454518085,94.2752497618841,0,0
2026-02-20 22:25:42.632303,56.28110672220679,60.56751217051398,177.02319760768273,91.8104755502628,0,0
2026-02-20 22:25:52.632303,53.51746761355586,63.97764112487052,200.3571060296435,124.75313800936102,0,0
2026-02-20 22:26:02.632303,54.12076181727819,59.0260757214684,183.68587903801313,90.25115695360958,0,0
2026-02-20 22:26:12.632303,51.67710660240185,58.04489182034637,233.4748750796685,114.66311802917859,0,0
2026-02-20 22:26:22.632303,53.16533273748614,55.284015308172414,186.5556225489519,112.556775257411,0,0
2026-02-20 22:26:32.632303,47.18466900102449,64.4885669356781,209.4920784606952,100.51717884813188,0,0
2026-02-20 22:26:42.632303,46.4858359353228,59.623024625900996,203.79295909749797,110.32538898301121,0,0
2026-02-20 22:26:52.632303,45.57132199683123,58.94873262989554,200.8964626386457,106.62678357686164,0,0
2026-02-20 22:27:02.632303,45.457678312386115,54.73372082845114,213.479303034201,84.82050885053297,0,0
2026-02-20 22:27:12.632303,56.42489857381084,59.37629561006837,169.04937835451108,95.19579780596506,0,0
2026-02-20 22:27:22.632303,51.895618165346185,57.86919564978009,200.40059497648696,107.40078365705287,0,0
2026-02-20 22:27:32.632303,48.9890483230619,56.251769294135464,194.0203200525632,114.1484013645926,0,0
2026-02-20 22:27:42.632303,58.42532172666592,51.9202953042309,221.82055818382955,102.50147716035356,0,0
2026-02-20 22:27:52.632303,54.61991339560075,57.79804695892948,164.63472980997028,105.84488788647462,0,0
2026-02-20 22:28:02.632303,45.295113693586416,54.44683027406059,173.63197235053067,106.00913782415334,0,0
2026-02-20 22:28:12.632303,50.69726233014599,63.129864087498696,213.3815050899273,95.79066435416235,0,0
2026-02-20 22:28:22.632303,49.64763213061272,57.95424988486984,195.7934445426902,90.32745262018935,0,0
2026-02-20 22:28:32.632303,51.95242146937168,64.30048299592703,183.66773940358027,112.81269645401343,0,0
2026-02-20 22:28:42.632303,50.56760748238971,60.96431590562325,166.01140960784963,81.92737690434265,0,0
2026-02-20 22:28:52.632303,50.72058181389841,63.15892849852803,186.57239112710096,116.70093900583089,0,0
2026-02-20 22:29:02.632303,53.67467987127158,56.36663499316806,200.61697334107015,124.76929133723412,0,0
2026-02-20 22:29:12.632303,43.787179986001476,62.11307975566042,193.54510894553314,107.06896290918512,0,0
2026-02-20 22:29:22.632303,56.336368231591905,58.45505164515453,222.37824543414348,122.21203394271961,0,0
2026-02-20 22:29:32.632303,50.33137368672117,63.13955474997674,188.1911845959345,100.19259309031213,0,0
2026-02-20 22:29:42.632303,49.11662453645879,63.187743702634386,224.09351871513852,98.90345150882541,0,0
2026-02-20 22:29:52.632303,57.668114228664614,66.12018976624651,216.937074863598,94.83973468278272,0,0
2026-02-20 22:30:02.632303,46.940855916300485,56.75047458123984,218.98332140476322,87.88231792510635,0,0
2026-02-20 22:30:12.632303,53.384188270555036,55.67556260870355,216.47092239683946,100.1721958273056,0,0
2026-02-20 22:30:22.632303,56.668192809299136,64.56581831328508,228.70130824004224,114.60818718289113,0,0
2026-02-20 22:30:32.632303,50.71815416994099,55.364827734301585,178.94953890005243,79.13151470684062,0,0
2026-02-20 22:30:42.632303,44.58167083285953,60.2752946308186,188.80691638349677,98.19864395590149,0,0
2026-02-20 22:30:52.632303,52.463577097307,58.783738967736966,177.56342399174832,99.46766332436567,0,0
2026-02-20 22:31:02.632303,45.50754756613578,58.916854012083746,226.85553928846008,97.29494695903826,0,0
2026-02-20 22:31:12.632303,58.854787766738724,65.72654394775188,188.41389382841913,88.88876233584224,0,0
2026-02-20 22:31:22.632303,49.737229190399034,64.61331105358755,190.19618187542625,109.0809029826214,0,0
2026-02-20 22:31:32.632303,56.04219994568044,56.903897398549574,186.47897823422826,107.12662032127007,0,0
2026-02-20 22:31:42.632303,50.75923774820785,57.255753893825286,192.95639103760826,99.29480447272582,0,0
2026-02-20 22:31:52.632303,42.1757278752227,63.06257242593078,190.4261562212162,72.16283776201901,0,0
2026-02-20 22:32:02.632303,49.88064515845274,57.03371496442597,233.77644384605352,94.14554979080032,0,0
2026-02-20 22:32:12.632303,44.511783182106946,62.03173067984807,186.79105263984835,92.20543798747768,0,0
2026-02-20 22:32:22.632303,52.54750691412203,55.83813076844174,170.85452683601093,117.25998002094337,0,0
2026-02-20 22:32:32.632303,52.89749368800322,58.94316286002254,199.9304558059613,105.05864358116156,0,0
2026-02-20 22:32:42.632303,54.8666872480671,56.97609883473995,207.32293051931364,94.93295823789761,0,0
2026-02-20 22:32:52.632303,49.05509377743688,60.64277146985962,199.86642853894656,107.35566898302572,0,0
2026-02-20 22:33:02.632303,52.43543279557797,53.96732316251129,172.84353585869115,96.30283315240708,0,0
2026-02-20 22:33:12.632303,59.14312631220913,56.59363266999359,195.83554580774495,94.63653973043478,0,0
2026-02-20 22:33:22.632303,47.2297780795596,60.712958975620225,228.01554552391303,104.5596839988059,0,0
2026-02-20 22:33:32.632303,45.98234519286454,71.01291804321284,201.5714644192225,94.22779043617886,0,0
2026-02-20 22:33:42.632303,57.06048187338795,58.123717528224724,233.25827309974886,91.29357209033333,0,0
2026-02-20 22:33:52.632303,57.15015194460685,60.804190657126775,225.82104465404868,119.01765708701544,0,0
2026-02-20 22:34:02.632303,44.33696354739373,65.10308728303329,171.8219219114919,89.52815644751772,0,0
2026-02-20 22:34:12.632303,45.98295270103782,62.01454654471144,200.6603175386972,98.32863915837164,0,0
2026-02-20 22:34:22.632303,50.7311763951118,62.36515835717389,213.36496247882707,110.94166835615131,0,0
2026-02-20 22:34:32.632303,59.1001740638372,59.91455051023409,189.57822075738167,106.13536129185188,0,0
2026-02-20 22:34:42.632303,44.2787259186769,57.28518347155355,219.9876189278558,98.75871625182296,0,0
2026-02-20 22:34:52.632303,43.959037708209806,54.0407877385393,200.97433358787615,111.4189653696801,0,0
2026-02-20 22:35:02.632303,55.642728887655934,60.443522011571346,240.17818838192255,98.95179634059538,0,0
2026-02-20 22:35:12.632303,49.307161883012945,49.730256361044,191.05274101677568,108.52015034908494,0,0
2026-02-20 22:35:22.632303,57.81980668429852,56.67906146533086,209.24504658586096,110.46879032323288,0,0
2026-02-20 22:35:32.632303,50.056040765979496,50.86687816989108,204.94579999148505,107.61430624060893,0,0
2026-02-20 22:35:42.632303,45.2628855249077,58.98338187650245,176.8900791574247,74.29852451419647,0,0
2026-02-20 22:35:52.632303,55.13502205893828,59.98500586479259,231.95349993409965,108.57322191906178,0,0
2026-02-20 22:36:02.632303,48.228951191672756,59.667277359582364,211.32354781540346,109.66883416755743,0,0
2026-02-20 22:36:12.632303,51.61335315371006,64.42237258115793,194.06662526651056,90.02856453214314,0,0
2026-02-20 22:36:22.632303,49.67595373219435,60.82073956294474,175.96929210521427,86.63277915853378,0,0
2026-02-20 22:36:32.632303,52.23693148236714,58.374572594518305,196.68318188675997,96.40307334299176,0,0
2026-02-20 22:36:42.632303,57.603004508816056,65.04704464158,175.25292619921663,94.67206786919553,0,0
2026-02-20 22:36:52.632303,54.25002133984796,62.40774494841297,199.1708407534043,88.62399795035765,0,0
2026-02-20 22:37:02.632303,46.587299769232274,57.932929729814845,205.539886622382,117.03727154697238,0,0
2026-02-20 22:37:12.632303,46.56559882605936,55.89585900977904,197.82827046344113,110.31738980514059,0,0
2026-02-20 22:37:22.632303,42.76558516619649,65.81453660349979,196.55937275768662,92.65679997686627,0,0
2026-02-20 22:37:32.632303,41.999053566189204,62.82608309368251,196.57657609516932,101.70705482754506,0,0
2026-02-20 22:37:42.632303,45.49594129494318,58.723615862995906,190.26837507290526,98.99406894621792,0,0
2026-02-20 22:37:52.632303,46.65223836812095,53.863276157251114,254.56999490593213,86.36595752662485,0,0
2026-02-20 22:38:02.632303,50.907295034712696,52.91188868630383,160.05905126764048,100.97826491852267,0,0
2026-02-20 22:38:12.632303,50.871837938841516,65.04599596320953,207.99093682031412,98.5018928125421,0,0
2026-02-20 22:38:22.632303,45.25199877967498,65.99604827293419,218.57702492100447,87.53670522251575,0,0
2026-02-20 22:38:32.632303,50.18981864105318,60.576208926105984,193.08692686788663,107.71850485806794,0,0
2026-02-20 22:38:42.632303,54.158665691740886,59.23805720877958,194.38261508404682,114.98958462667531,0,0
2026-02-20 22:38:52.632303,54.664194461811185,60.28944155963354,167.41581921839892,103.44000106305036,0,0
2026-02-20 22:39:02.632303,53.49041732458834,48.98191348640651,205.0373889663605,95.83308013204265,0,0
2026-02-20 22:39:12.632303,48.89572859935224,56.37047618894672,197.03621419192717,113.91991576181331,0,0
2026-02-20 22:39:22.632303,47.76800750592242,63.86229423517273,183.8733756224078,107.58756192656038,0,0
2026-02-20 22:39:32.632303,50.008279278109754,61.40809931515712,200.14306512194975,106.41625232441208,0,0
2026-02-20 22:39:42.632303,37.16207441033121,54.320698746169725,208.3416099601729,79.56461646103764,0,0
2026-02-20 22:39:52.632303,47.34709822176396,59.7826366358534,183.43719724774206,93.08438597306227,0,0
2026-02-20 22:40:02.632303,51.35791100076796,64.03717982311923,180.83101237490385,94.2494180381263,0,0
2026-02-20 22:40:12.632303,46.343695133364776,50.314480992490886,202.83423580635016,109.34717745828492,0,0
2026-02-20 22:40:22.632303,55.08321603657941,56.51693449423704,174.96603902959714,100.21605547591685,0,0
2026-02-20 22:40:32.632303,54.14636843283233,60.619401793241536,205.7860927174752,111.41830927736234,0,0
2026-02-20 22:40:42.632303,46.30431720384648,59.12011965330788,232.69211023522402,98.03188876902374,0,0
2026-02-20 22:40:52.632303,43.663315170167145,57.32257561499882,181.23640297557515,103.5716258570127,0,0
2026-02-20 22:41:02.632303,45.520264982056105,61.08413701144498,185.278695629187,78.76621461601772,0,0
2026-02-20 22:41:12.632303,51.53309893490961,60.59385472618756,210.3551563141768,93.27012780834744,0,0
2026-02-20 22:41:22.632303,46.102277623203115,61.605867433926186,230.3803914506196,100.11168009506328,0,0
2026-02-20 22:41:32.632303,52.12292548023572,58.713649262297174,169.1273895625263,109.67429419154058,0,0
2026-02-20 22:41:42.632303,54.54207119543081,62.84309610070078,196.36109123315163,105.9705609973854,0,0
2026-02-20 22:41:52.632303,54.46880898693915,66.48063473982683,219.77052209294885,100.6382122503364,0,0
2026-02-20 22:42:02.632303,43.458733722878144,60.62263319068696,205.13154791698616,107.09029775318304,0,0
2026-02-20 22:42:12.632303,56.76945929661713,59.61939795177288,242.01974379626222,82.40712979959423,0,0
2026-02-20 22:42:22.632303,52.096709362308125,56.80591843126389,161.85556000622393,97.98225623700841,0,0
2026-02-20 22:42:32.632303,42.71413650789522,59.35428840786873,200.69538496188915,111.1854140933595,0,0
2026-02-20 22:42:42.632303,42.462074326180314,63.63378066258309,201.96160900559588,110.28849153609595,0,0
2026-02-20 22:42:52.632303,47.84124412484436,54.671021652946216,175.65001347568267,87.08192546332884,0,0
2026-02-20 22:43:02.632303,52.389070764603275,65.9076880888588,188.7009694668956,106.29135298257783,0,0
2026-02-20 22:43:12.632303,42.3827897093219,60.721284996709194,213.37125232674254,85.51875224723132,0,0
2026-02-20 22:43:22.632303,48.980582655100726,62.86366856194226,141.32458705541046,113.35453061701743,0,0
2026-02-20 22:43:32.632303,51.76839687945524,62.866910590869374,191.7456144161047,82.77277518434644,0,0
2026-02-20 22:43:42.632303,52.67031478158476,59.669638698333955,200.6423091086464,110.87606985198954,0,0
2026-02-20 22:43:52.632303,53.81031936931299,67.68494966835846,203.07708457746998,93.08787562208883,0,0
2026-02-20 22:44:02.632303,49.05791576545637,61.662653490154426,220.31713037985955,85.3296604856128,0,0
2026-02-20 22:44:12.632303,50.042688075895846,66.43816662815348,195.1958225799496,109.31011854869104,0,0
2026-02-20 22:44:22.632303,52.46558763608002,63.823442426099916,183.80478916800135,91.94598329934419,0,0
2026-02-20 22:44:32.632303,50.10135946061144,53.87111285103875,194.60518786776686,102.52876657515667,0,0
2026-02-20 22:44:42.632303,58.92317803474886,61.610872757079285,212.50456941746205,111.64475847050005,0,0
2026-02-20 22:44:52.632303,45.17671205552472,59.339669350516054,248.50825183607785,99.20877777615492,0,0
2026-02-20 22:45:02.632303,55.582153743911036,63.85495150869243,170.43772571224622,103.10479277005933,0,0
2026-02-20 22:45:12.632303,50.73373736102613,61.31983515136174,184.9177504041788,88.8308048808784,0,0
2026-02-20 22:45:22.632303,47.619949999895745,59.60882001166319,223.6996889520063,118.17310819725607,0,0
2026-02-20 22:45:32.632303,56.98298923111589,63.44074084312738,179.9131947540082,95.91103825010505,0,0
2026-02-20 22:45:42.632303,51.04963026206499,57.4702438476953,211.54411305055902,107.20486108254288,0,0
2026-02-20 22:45:52.632303,52.681450312827344,64.10053841823033,181.90817572573852,109.32828704092198,0,0
2026-02-20 22:46:02.632303,46.52177274939902,56.23625618942846,210.64232268372763,112.1587356219898,0,0
2026-02-20 22:46:12.632303,52.44006743188005,60.08321609509018,206.20307652203013,101.3642691806728,0,0
2026-02-20 22:46:22.632303,44.37024551932303,55.02951942022034,198.4234824105309,100.79856835769304,0,0
2026-02-20 22:46:32.632303,50.05666189183867,62.704406454599656,195.6904656767132,105.62979181904856,0,0
2026-02-20 22:46:42.632303,49.27706616336776,67.29343584814586,201.61427453452893,123.40722611525678,0,0
2026-02-20 22:46:52.632303,51.76005795545432,59.145291317647136,182.01104047480652,85.57111425942307,0,0
2026-02-20 22:47:02.632303,45.04278857801921,56.48157476334404,207.89640040824352,94.73834628939812,0,0
2026-02-20 22:47:12.632303,50.93463526277249,65.12791344950675,198.24383296730292,120.79156698466804,0,0
2026-02-20 22:47:22.632303,44.12094509830401,59.397665806500285,189.21374152778043,109.36506606057009,0,0
2026-02-20 22:47:32.632303,38.8010418481694,54.227538843288755,197.85306355098075,115.51377721009493,0,0
2026-02-20 22:47:42.632303,51.129209170186535,54.593810182943066,176.0566681461954,116.72989702844953,0,0
2026-02-20 22:47:52.632303,46.894326006018794,56.22814651020094,229.5474512126172,110.11097005586991,0,0
2026-02-20 22:48:02.632303,56.37029821633398,56.199832478936735,169.4978871797128,101.33166489362705,0,0
2026-02-20 22:48:12.632303,51.67563066536832,61.458407214819324,229.56367871278005,82.66232909991751,0,0
2026-02-20 22:48:22.632303,54.29847525648883,55.61349982341073,217.11470641721684,95.25043295478622,0,0
2026-02-20 22:48:32.632303,45.93014102054744,57.56038917220319,171.08779598446876,100.40428939833467,0,0
2026-02-20 22:48:42.632303,46.13663304669772,63.145192923601115,212.80112162065834,116.88157052902791,0,0
2026-02-20 22:48:52.632303,51.83163741770539,62.08271106832029,228.00199623655627,93.72337303973303,0,0
2026-02-20 22:49:02.632303,42.55870893588484,60.80037623651357,171.54733061571193,124.53938672925389,0,0
2026-02-20 22:49:12.632303,57.277491460394714,68.65590533320632,201.2489395332626,105.50573593701598,0,0
2026-02-20 22:49:22.632303,47.70262284023678,63.53169922234701,175.68913575897886,74.56906810525221,0,0
2026-02-20 22:49:32.632303,46.046446902557165,54.17810609753074,229.55853472319072,118.15677455080316,0,0
2026-02-20 22:49:42.632303,42.98535463793445,65.16686243008496,219.0276996700154,84.30223315281124,0,0
2026-02-20 22:49:52.632303,48.04866234534191,57.679345111501924,214.959907972544,87.71220649094987,0,0
2026-02-20 22:50:02.632303,49.505636871702585,57.25626198420153,209.46682366770287,97.83207968312071,0,0
2026-02-20 22:50:12.632303,47.32377148029802,59.146813697471686,240.72085665680225,95.83100363880611,0,0
2026-02-20 22:50:22.632303,44.79497390858106,62.33373427662386,197.12950661154088,85.84766069133528,0,0
2026-02-20 22:50:32.632303,61.15748167601233,58.590084217653406,192.44261092077298,101.59835351908097,0,0
2026-02-20 22:50:42.632303,58.6505838460442,53.28101869392402,205.5197169884108,120.87272161793628,0,0
2026-02-20 22:50:52.632303,50.64364340369824,55.05866408278608,187.63206294078694,102.06882529756791,0,0
2026-02-20 22:51:02.632303,56.65401957819931,58.64265662233576,216.53303594864863,85.6463117295311,0,0
2026-02-20 22:51:12.632303,42.781408152024724,58.0687972452602,228.76057443746524,100.6887463951377,0,0
2026-02-20 22:51:22.632303,51.4490559778331,61.112318382294106,222.1841596517346,93.89779307462146,0,0
2026-02-20 22:51:32.632303,53.44142554244116,56.67646934457948,239.6654531184152,91.9960889570331,0,0
2026-02-20 22:51:42.632303,45.588053484606895,62.1986792539522,201.59576862864648,103.26852406260934,0,0
2026-02-20 22:51:52.632303,51.13656897746159,55.63843120477024,232.2671785815897,108.93542205889109,0,0
2026-02-20 22:52:02.632303,56.79474975633558,57.8866764435583,208.33047089430343,101.97368462234691,0,0
2026-02-20 22:52:12.632303,55.640013131007535,64.64099252731847,203.8610160591623,84.82048868156748,0,0
2026-02-20 22:52:22.632303,58.89830943543845,62.22394973476055,187.83125917217717,104.06542138266695,0,0
2026-02-20 22:52:32.632303,42.444532257737386,64.22141226988418,170.57576511441692,97.79165507962918,0,0
2026-02-20 22:52:42.632303,51.22227224802775,64.15535884792837,202.1308935286875,106.3496287361255,0,0
2026-02-20 22:52:52.632303,49.85916545775223,59.871256196222866,201.70954500696595,98.10942079147625,0,0
2026-02-20 22:53:02.632303,41.567148784592824,56.926706025213484,204.89549682223398,97.50878996511281,0,0
2026-02-20 22:53:12.632303,49.22095458909047,58.70658532224514,182.72803214536364,95.06900539023707,0,0
2026-02-20 22:53:22.632303,48.46584127805703,60.020572562167395,207.86756688939425,98.19449709114261,0,0
2026-02-20 22:53:32.632303,44.8517237215379,54.407671840324866,251.9487441475045,88.70184969735436,0,0
2026-02-20 22:53:42.632303,47.40687499367809,62.06800121005574,207.21721219131362,105.20865692561573,0,0
2026-02-20 22:53:52.632303,47.786414652339126,60.95423228255819,201.22687328481726,96.87868632458712,0,0
2026-02-20 22:54:02.632303,51.2270487088567,64.22146218700283,199.55599553129352,99.84452846356426,0,0
2026-02-20 22:54:12.632303,55.34080517437992,63.845441439275255,231.67872881926968,82.43769765520423,0,0
2026-02-20 22:54:22.632303,54.52559591584695,62.40632018160872,182.2869520449347,102.51587917998845,0,0
2026-02-20 22:54:32.632303,55.25560873878999,56.6833643100584,208.85124858045614,108.71353675731018,0,0
2026-02-20 22:54:42.632303,44.64490218734256,59.43085723021941,206.01936753284824,92.03868494457045,0,0
2026-02-20 22:54:52.632303,45.60423400453227,59.459821592548906,216.03279433807384,106.4373400119211,0,0
2026-02-20 22:55:02.632303,45.69293635406829,62.608671540462744,183.28120447666984,83.89830202006566,0,0
2026-02-20 22:55:12.632303,48.164282144763845,64.49187748634294,213.11921104282746,99.98428192626805,0,0
2026-02-20 22:55:22.632303,47.91647258204471,58.440951455534275,202.17569811721592,89.31562514154172,0,0
2026-02-20 22:55:32.632303,48.25946327399351,59.137722154560926,172.97851083097004,91.61551749102425,0,0
2026-02-20 22:55:42.632303,52.052533957431905,60.03804735976398,193.82476417613233,90.88572562462036,0,0
2026-02-20 22:55:52.632303,57.884249127946084,56.648083141282726,205.03185614523474,95.12130911926205,0,0
2026-02-20 22:56:02.632303,50.181396463191675,61.83043896776149,172.59486821584227,99.93383755846511,0,0
2026-02-20 22:56:12.632303,55.953643244899226,67.04600757396801,197.39972053489737,100.4168120721691,0,0
2026-02-20 22:56:22.632303,61.05666514300766,64.53969712639679,187.65430861489563,93.81016549113878,0,0
2026-02-20 22:56:32.632303,54.782747308936344,55.95585147981708,221.75453502677706,103.34299963751009,0,0
2026-02-20 22:56:42.632303,52.58860382013536,58.97306478607979,187.4035039150718,114.6199283086832,0,0
2026-02-20 22:56:52.632303,48.766313597232624,58.35625969370455,198.3972586424038,101.93022132717942,0,0
2026-02-20 22:57:02.632303,44.845874366402754,57.74051402317235,187.63935852187885,108.45280304606848,0,0
2026-02-20 22:57:12.632303,45.57018716000056,52.976928568967786,160.6581087418769,85.29619865324283,0,0
2026-02-20 22:57:22.632303,56.807691014240554,60.06482639793621,210.02498173614404,105.36487727121329,0,0
2026-02-20 22:57:32.632303,50.2809195919616,59.70087481339477,220.8905285963628,101.4599591431264,0,0
2026-02-20 22:57:42.632303,56.995487396317074,62.483319781159466,187.64407453037944,95.02865976130064,0,0
2026-02-20 22:57:52.632303,46.362675967728606,64.87019208780286,191.89898094108895,92.01527203200368,0,0
2026-02-20 22:58:02.632303,51.5988902056341,59.61133157450999,205.89137025150328,118.89813903893844,0,0
2026-02-20 22:58:12.632303,54.5653540296443,60.108042217207625,171.83153231587983,95.00037502791365,0,0
2026-02-20 22:58:22.632303,53.55523051272652,55.31583584135274,242.8194059266071,100.14416562635549,0,0
2026-02-20 22:58:32.632303,50.244241966047426,57.33341922816809,209.93475513551437,88.41998193477768,0,0
2026-02-20 22:58:42.632303,60.824462945507285,65.26940521860804,219.68592890394092,86.0957099421019,0,0
2026-02-20 22:58:52.632303,51.027066352288756,64.83634559205602,211.8621079871548,89.97890895366226,0,0
2026-02-20 22:59:02.632303,46.74953122345672,58.19225544797604,187.93124331022784,115.28778835710307,0,0
2026-02-20 22:59:12.632303,40.39493430588372,62.623676558635346,174.15393250143097,90.38748512548932,0,0
2026-02-20 22:59:22.632303,39.951333165656415,57.80378227536454,230.21463303078428,102.64824242464778,0,0
2026-02-20 22:59:32.632303,44.00819226500452,64.06859069751725,224.6260852713737,101.04046481039086,0,0
2026-02-20 22:59:42.632303,60.17374579076295,63.28625649849846,213.65305014585175,91.9662129283371,0,0
2026-02-20 22:59:52.632303,53.1369924281067,60.86716511041797,210.39658005342054,93.1541438085867,0,0
2026-02-20 23:00:02.632303,50.64049442179493,56.732553999140166,157.05735800067936,109.98304568578384,0,0
2026-02-20 23:00:12.632303,42.48805509155241,60.42874585912966,206.6600425889808,103.26563015863054,0,0
2026-02-20 23:00:22.632303,48.58460463200875,61.08484590111989,209.41934139570324,107.34964815751985,0,0
2026-02-20 23:00:32.632303,58.66720669692131,60.93677660599282,201.28097690035403,90.93271034649906,0,0
2026-02-20 23:00:42.632303,52.179731619496685,62.669532412562276,196.15393631436746,105.44612504184038,0,0
2026-02-20 23:00:52.632303,48.53741903225329,62.68397060835569,218.25204628059487,108.98627866730486,0,0
2026-02-20 23:01:02.632303,50.589221630706504,55.840127393531795,187.7617389471636,105.95157323884729,0,0
2026-02-20 23:01:12.632303,62.24406152870114,58.63711691387167,209.1167535677628,94.43947442520597,0,0
2026-02-20 23:01:22.632303,45.1301647787545,57.29473654569055,158.35056046594656,113.53435062907751,0,0
2026-02-20 23:01:32.632303,38.84934873542693,58.94468707839747,176.4374420929989,91.15619784637795,0,0
2026-02-20 23:01:42.632303,56.88261329869334,60.80426796012557,180.69207681636598,94.1048286750349,0,0
2026-02-20 23:01:52.632303,46.17259389778957,59.825817311684474,203.45783369575386,118.9557477322856,0,0
2026-02-20 23:02:02.632303,40.418496170011466,59.86075074096819,193.68864614930956,109.46548527716783,0,0
2026-02-20 23:02:12.632303,51.774090590891966,62.361448832459786,206.90172372030165,90.6800887471646,0,0
2026-02-20 23:02:22.632303,56.056327482465065,63.194019618462676,218.31059583449485,112.64050170507164,0,0
2026-02-20 23:02:32.632303,52.0883755032598,65.92396961646998,207.55279143573281,97.80941411975391,0,0
2026-02-20 23:02:42.632303,49.966980447583175,59.90462492745554,189.61217355818914,116.31888848370221,0,0
2026-02-20 23:02:52.632303,51.481476827518335,60.37895390333163,207.76548509852867,129.79854516737146,0,0
2026-02-20 23:03:02.632303,44.3413790570017,56.6198459531349,172.38857965106007,97.67400761564514,0,0
2026-02-20 23:03:12.632303,51.2275922166368,58.13870992663569,189.2054640369646,101.42404866628132,0,0
2026-02-20 23:03:22.632303,47.48946087585151,61.240703308731355,222.2846869348521,106.77030469800806,0,0
2026-02-20 23:03:32.632303,54.40506673582601,64.34367364602687,205.65656320237406,98.41358973956899,0,0
2026-02-20 23:03:42.632303,46.13873464558402,58.43528734545711,189.5262893464621,107.31672326620912,0,0
2026-02-20 23:03:52.632303,51.73391277297098,62.78703145085721,176.79326287799697,114.3174948424108,0,0
2026-02-20 23:04:02.632303,47.86509814246619,55.59993343170135,191.21564470356375,124.83765992587507,0,0
2026-02-20 23:04:12.632303,48.061415667542164,58.6996141141163,196.15790638740648,98.51379616568545,0,0
2026-02-20 23:04:22.632303,46.09261967099373,60.572852332824525,221.5118981639666,103.14289315478707,0,0
2026-02-20 23:04:32.632303,44.444173505500075,58.622616380265164,188.9694519979674,100.52939468234801,0,0
2026-02-20 23:04:42.632303,56.65225835781158,59.404468815916466,198.2369026225922,117.7764481881943,0,0
2026-02-20 23:04:52.632303,54.3810299583583,62.29632512842614,239.1626323060355,104.89811254794013,0,0
2026-02-20 23:05:02.632303,40.06736429011239,63.33066303152144,168.159830857627,104.52005368582448,0,0
2026-02-20 23:05:12.632303,41.431282129353804,58.13257835840032,192.72430940780256,92.29880892768247,0,0
2026-02-20 23:05:22.632303,48.255740014044,64.1302468814422,185.72094175680894,105.45140879510541,0,0
2026-02-20 23:05:32.632303,45.171751801963495,59.24200169443149,206.47678532654902,90.0347158338144,0,0
2026-02-20 23:05:42.632303,43.44139783544655,61.96751260231555,222.46160798681277,99.20934980512628,0,0
2026-02-20 23:05:52.632303,47.71343546721648,60.62270155075355,201.1095983753076,102.42902540711252,0,0
2026-02-20 23:06:02.632303,37.35877449843143,55.723582835336146,183.09539789126293,101.50867628511563,0,0
2026-02-20 23:06:12.632303,50.929389418111334,62.54472195473615,205.15163498420873,86.99264929612664,0,0
2026-02-20 23:06:22.632303,57.2350230879253,65.08767321368947,174.83605419946147,103.32705294374183,0,0
2026-02-20 23:06:32.632303,47.02287807378492,60.55545595680219,221.0662055928374,121.30104266320959,0,0
2026-02-20 23:06:42.632303,53.75638852571305,61.179738940440544,193.20357663383405,101.82134871011176,0,0
2026-02-20 23:06:52.632303,56.79885946664157,59.82116497296166,182.277746973047,83.80310134483373,0,0
2026-02-20 23:07:02.632303,52.56523933705125,60.989152502510954,187.08183653475407,110.26014125707297,0,0
2026-02-20 23:07:12.632303,47.89111567806185,59.46142363270082,199.66671733404112,96.49047257861912,0,0
2026-02-20 23:07:22.632303,51.17932532874785,64.606060583732,177.15036203763154,104.88520138474009,0,0
2026-02-20 23:07:32.632303,50.8607933480322,60.615055318178825,217.43689139748182,100.49297425217159,0,0
2026-02-20 23:07:42.632303,52.401146309528514,62.86345851828459,189.91269599238785,102.99183460813798,0,0
2026-02-20 23:07:52.632303,48.74606196394684,59.46927288112042,193.55877207043335,104.71080404096887,0,0
2026-02-20 23:08:02.632303,50.40822354509127,61.578176137266695,199.64965274208504,83.95878987529676,0,0
2026-02-20 23:08:12.632303,50.15684208049854,60.25415182062727,204.8519187430692,94.06270806314258,0,0
2026-02-20 23:08:22.632303,44.02265141667244,62.498426579577114,194.52786886931662,101.71244047684996,0,0
2026-02-20 23:08:32.632303,48.592699600558525,59.97575269690562,191.01429304128385,90.31916410846172,0,0
2026-02-20 23:08:42.632303,52.36865830384328,57.58751964709552,203.2790296178962,104.10460221902078,0,0
2026-02-20 23:08:52.632303,47.06593642198459,55.184457462508064,248.52171227706106,94.72228124054574,0,0
2026-02-20 23:09:02.632303,53.11708579300579,67.7578541982805,215.79815493707787,96.99557191172448,0,0
2026-02-20 23:09:12.632303,49.664418062324444,56.669571121044605,217.63392853915485,105.66270708058688,0,0
2026-02-20 23:09:22.632303,47.42787090869128,55.83130077160622,173.57532524672618,109.86514003804201,0,0
2026-02-20 23:09:32.632303,50.6018656447778,60.85993814533101,183.54102748275284,85.36496896695594,0,0
2026-02-20 23:09:42.632303,54.81306787355816,60.168156147988924,218.1446932011524,96.14066873484435,0,0
2026-02-20 23:09:52.632303,48.815910784815706,62.85319270648253,214.6469615930105,107.97565622685954,0,0
2026-02-20 23:10:02.632303,48.52399373448652,62.45818895060347,222.18198930953437,98.95227988318466,0,0
2026-02-20 23:10:12.632303,47.432558181129735,65.37099041326707,186.91108532897385,106.29476497114477,0,0
2026-02-20 23:10:22.632303,49.70788844740069,52.63373753406176,222.5718813495716,72.42146370452632,0,0
2026-02-20 23:10:32.632303,40.07935966621196,62.10932031792269,210.5414239735623,93.62420142122464,0,0
2026-02-20 23:10:42.632303,50.739110451516225,49.87427981688798,214.139509289412,102.49725487053597,0,0
2026-02-20 23:10:52.632303,49.77178573333102,60.08336592855109,209.86508352386065,99.7109847650214,0,0
2026-02-20 23:11:02.632303,40.6297224863439,68.78532893809009,224.01601638856903,87.15055338045173,0,0
2026-02-20 23:11:12.632303,48.274313847617044,59.05586323937584,221.57699133017928,78.40731064680233,0,0
2026-02-20 23:11:22.632303,47.50495867785106,52.957454226649986,194.29808968343323,95.27499106915096,0,0
2026-02-20 23:11:32.632303,50.39847033691356,57.580502403963266,184.97953217218952,106.19656691763149,0,0
2026-02-20 23:11:42.632303,52.2733637047129,62.20559337111297,196.46199819018315,94.2826141777481,0,0
2026-02-20 23:11:52.632303,49.40573758989615,62.004648280273805,156.46440598056301,103.94111930370858,0,0
2026-02-20 23:12:02.632303,51.54569093667399,60.248603624342906,197.0137315625665,74.33880614067587,0,0
2026-02-20 23:12:12.632303,47.80073368449797,67.1577548443095,200.2580259113661,96.92710161325282,0,0
2026-02-20 23:12:22.632303,50.084530977950564,61.41909147451204,213.17640489378928,97.71119836842058,0,0
2026-02-20 23:12:32.632303,52.124598011968416,66.70660321104543,220.1250159886543,123.40300215856979,0,0
2026-02-20 23:12:42.632303,46.71614820824142,66.70475803000807,184.1865272015481,103.53566146740464,0,0
2026-02-20 23:12:52.632303,53.662382646190494,57.95689123238211,201.75928554948553,109.1046110245184,0,0
2026-02-20 23:13:02.632303,46.448645508440464,66.67753383819058,172.308067505453,119.39691442728385,0,0
2026-02-20 23:13:12.632303,55.00663067399796,59.64109769468889,191.94663577526538,94.92971737208977,0,0
2026-02-20 23:13:22.632303,49.32102179871492,59.806016553804696,225.10452493269162,119.68654100384583,0,0
2026-02-20 23:13:32.632303,50.99689960327004,56.61748604804238,189.08547918727612,98.16909215388715,0,0
2026-02-20 23:13:42.632303,44.849389473516126,55.284234391570486,241.94254424746055,103.02613525946254,0,0
2026-02-20 23:13:52.632303,45.834334331598264,63.26641428143085,176.4330775038631,89.03987952128946,0,0
2026-02-20 23:14:02.632303,45.984787994678776,66.61805312346013,194.94239868443253,75.58293013097513,0,0
2026-02-20 23:14:12.632303,56.05032966587797,58.77447454335057,163.0118398824319,96.8331651203659,0,0
2026-02-20 23:14:22.632303,52.60501948302451,61.61619666613188,235.96829958329639,91.47232137430069,0,0
2026-02-20 23:14:32.632303,50.23360060132486,57.201722885686316,169.15614211625555,108.85527372305955,0,0
2026-02-20 23:14:42.632303,52.3163478457376,61.13471379879541,208.53580386517288,93.1452714731158,0,0
2026-02-20 23:14:52.632303,44.971524563409034,60.15058948867744,223.22422804823228,116.08077135453547,0,0
2026-02-20 23:15:02.632303,53.97716353403717,60.11669770707238,205.39567858799873,100.11593859325372,0,0
2026-02-20 23:15:12.632303,44.87028330150286,60.098589512842175,173.30346364823015,98.7592277389696,0,0
2026-02-20 23:15:22.632303,58.18052555298159,63.29143689113341,181.53761631526942,99.27570930357717,0,0
2026-02-20 23:15:32.632303,45.82811844122631,59.74994492729116,220.82215633049125,106.53007938309904,0,0
2026-02-20 23:15:42.632303,62.420720403726676,64.76990961003028,204.08000762155382,106.77149974133293,0,0
2026-02-20 23:15:52.632303,48.98778412908332,55.48998301165402,226.11553156575042,110.08991476931648,0,0
2026-02-20 23:16:02.632303,48.79472892703018,61.095742947725356,224.81878374769613,108.4635142620602,0,0
2026-02-20 23:16:12.632303,42.6844937437515,60.9744800859593,196.64736949023273,111.13000699138681,0,0
2026-02-20 23:16:22.632303,55.1552136939133,65.27443131271218,177.64211322559584,92.15888465943762,0,0
2026-02-20 23:16:32.632303,55.570412180677195,57.63341673863022,169.57134038171387,105.32596487614066,0,0
2026-02-20 23:16:42.632303,47.26390779867013,67.1591630812336,205.92369107976927,101.60259286641666,0,0
2026-02-20 23:16:52.632303,48.153780541921215,66.36334133570789,207.17108919779642,95.91500481843794,0,0
2026-02-20 23:17:02.632303,46.029581466972765,59.70610778174313,180.4470632569039,110.28877441678944,0,0
2026-02-20 23:17:12.632303,40.95828972987883,59.441943886667715,212.2026709017587,103.42119420109657,0,0
2026-02-20 23:17:22.632303,46.413585134921654,62.6410348268262,182.27921223228185,99.7761534350319,0,0
2026-02-20 23:17:32.632303,53.25920785990178,61.85165111797245,186.49921977161063,111.97494516564363,0,0
2026-02-20 23:17:42.632303,50.433472857427674,62.97198164375661,230.58202013346494,111.17520548774607,0,0
2026-02-20 23:17:52.632303,55.60064703165522,60.77071971939789,215.8787024182102,102.13596574564316,0,0
2026-02-20 23:18:02.632303,43.953377661107936,61.21097517002017,205.12721967476932,105.83729361521819,0,0
2026-02-20 23:18:12.632303,49.360015123933024,56.9541777729446,213.13012166350455,86.86727712747752,0,0
2026-02-20 23:18:22.632303,57.29409567928235,59.07432775518003,204.91056344112337,105.58558153281572,0,0
2026-02-20 23:18:32.632303,52.953440224220955,54.36406280019306,216.48173161088528,103.03153828376273,0,0
2026-02-20 23:18:42.632303,46.823693077206954,57.001332196216346,193.31893835886308,87.01258313389508,0,0
2026-02-20 23:18:52.632303,58.611336954935126,65.94460530057337,209.0340040195188,97.76601583657909,0,0
2026-02-20 23:19:02.632303,49.01446006031302,63.03226282469587,235.156537990039,94.29603260403258,0,0
2026-02-20 23:19:12.632303,44.41206978688338,66.19056309438109,164.25722824831098,89.91469191747353,0,0
2026-02-20 23:19:22.632303,48.765710537445734,53.75826612877987,222.24298125613197,108.569052705051,0,0
2026-02-20 23:19:32.632303,47.12603386392341,65.11845647671099,228.98584856807653,98.86829351709936,0,0
2026-02-20 23:19:42.632303,47.74665911215996,69.03840811096991,214.4232364416831,102.56324652968853,0,0
2026-02-20 23:19:52.632303,56.817729733198064,61.207722540012085,189.88758828161622,100.80159760487554,0,0
2026-02-20 23:20:02.632303,55.19327143659868,52.031257734603145,194.2393852112156,113.83057398581605,0,0
2026-02-20 23:20:12.632303,47.440657994532415,66.18443424172564,228.29487638719627,99.34470884511049,0,0
2026-02-20 23:20:22.632303,47.157303475555,58.850564503401465,253.29228984002867,118.74424446933244,0,0
2026-02-20 23:20:32.632303,50.62695485903369,57.56738579351836,202.34082071162527,102.43826926616765,0,0
2026-02-20 23:20:42.632303,43.78320631195323,60.32016507686104,226.4480864962346,82.00643318783527,0,0
2026-02-20 23:20:52.632303,54.132919825686244,65.49919188021912,188.78885309811264,116.94175758191057,0,0
2026-02-20 23:21:02.632303,46.54831468775827,61.76433064744162,193.8645463067274,96.93003642837397,0,0
2026-02-20 23:21:12.632303,46.91350465120977,62.79430192344808,216.97610915462897,99.35577800422811,0,0
2026-02-20 23:21:22.632303,43.200158931638626,61.61268066653756,208.4402871882139,97.83284988613573,0,0
2026-02-20 23:21:32.632303,59.336156435904044,53.74428294039738,155.65432579492864,92.6916510030233,0,0
2026-02-20 23:21:42.632303,53.552122670457244,55.776621450264635,180.38058162947848,109.51021336178155,0,0
2026-02-20 23:21:52.632303,52.31273961398875,61.5082436385136,215.62857838931058,95.74807046727116,0,0
2026-02-20 23:22:02.632303,48.105079629709046,63.2391170902457,173.102264384376,78.57280153601454,0,0
2026-02-20 23:22:12.632303,47.83357913186073,63.72349315626277,205.11119397973607,108.57291504123015,0,0
2026-02-20 23:22:22.632303,39.91852844788417,61.261987233293965,213.07729009284756,86.49202577389315,0,0
2026-02-20 23:22:32.632303,54.31028795273272,59.55392441397683,261.42673403212007,78.22763931103265,0,0
2026-02-20 23:22:42.632303,56.84557183837376,58.42336761389571,167.65696571119912,94.73044856435008,0,0
2026-02-20 23:22:52.632303,51.38739620668733,64.14986667826017,234.43928576264352,114.21893088704343,0,0
2026-02-20 23:23:02.632303,45.17308989647753,64.52065876906447,207.82569914241748,93.45396979071012,0,0
2026-02-20 23:23:12.632303,48.940447032612596,57.1606293622211,200.74184683872912,92.7034211770588,0,0
2026-02-20 23:23:22.632303,44.8600296339128,61.91647651113109,212.57461096519273,98.12402999908389,0,0
2026-02-20 23:23:32.632303,56.83825651967986,58.95827765401955,193.94450909748923,106.60488982345697,0,0
2026-02-20 23:23:42.632303,49.337872075283315,60.33919091610457,149.5912305876187,100.16707384737975,0,0
2026-02-20 23:23:52.632303,40.8640203126437,55.11619771600452,173.2935492248899,89.57416846466174,0,0
2026-02-20 23:24:02.632303,47.255730701838736,58.05402953781806,213.28550408514252,102.22387814134697,0,0
2026-02-20 23:24:12.632303,40.49462785591007,60.33317855018723,206.36510493166855,96.71433483747042,0,0
2026-02-20 23:24:22.632303,49.69557011546649,60.761240501588226,215.2919919527116,84.25120012537265,0,0
2026-02-20 23:24:32.632303,48.778414806801756,66.03334439223092,228.33322616595913,108.5093692777578,0,0
2026-02-20 23:24:42.632303,52.68412341977838,66.61853899360835,238.35696003213332,98.70920011953147,0,0
2026-02-20 23:24:52.632303,45.1528377835584,58.91883072950202,261.93391027544106,84.30643657274805,0,0
2026-02-20 23:25:02.632303,47.647304302352914,54.34923539002948,202.4952772575477,87.97308971105133,0,0
2026-02-20 23:25:12.632303,49.45624488583191,52.19961935992497,212.35241330169302,112.22345256467975,0,0
2026-02-20 23:25:22.632303,48.0802818896827,59.45947997169719,196.73185538537376,101.80910675225026,0,0
2026-02-20 23:25:32.632303,49.80915206516786,63.072467809722774,224.66078266901891,91.85928777507817,0,0
2026-02-20 23:25:42.632303,48.453357536128514,63.60647779569898,171.56661903881934,80.2927871815443,0,0
2026-02-20 23:25:52.632303,51.13157976449239,61.98538564428197,185.55399624092814,94.21348945879545,0,0
2026-02-20 23:26:02.632303,46.1990383912955,56.53229904262226,213.869916412092,88.19501513002362,0,0
2026-02-20 23:26:12.632303,48.67238569283326,56.37865532994059,170.89422048197568,108.7017817474677,0,0
2026-02-20 23:26:22.632303,47.400873889132306,60.753760321683025,169.8384824039798,92.58060546243524,0,0
2026-02-20 23:26:32.632303,53.78043940347503,70.34908582338124,160.47567871219377,97.98892204710573,0,0
2026-02-20 23:26:42.632303,52.0614029907175,57.535599387042865,216.99043973988248,91.33267329339687,0,0
2026-02-20 23:26:52.632303,50.769238301083206,57.91171238200656,224.38862165909546,93.23635496964394,0,0
2026-02-20 23:27:02.632303,48.24063101856742,63.78275614998862,179.43922681814274,100.68750056763572,0,0
2026-02-20 23:27:12.632303,40.887328281566994,55.648266165483705,207.64262551781607,90.09302490463767,0,0
2026-02-20 23:27:22.632303,47.277135340881046,61.97234560819175,188.4162771770614,108.22842073216358,0,0
2026-02-20 23:27:32.632303,51.07831393743032,61.74273244769801,224.81931197477064,103.19823062614066,0,0
2026-02-20 23:27:42.632303,57.69423645234672,63.64504913215129,189.53095140331087,112.93148075021271,0,0
2026-02-20 23:27:52.632303,51.31933010451473,58.42128116535799,205.56771390641765,111.12326824390263,0,0
2026-02-20 23:28:02.632303,52.27522547121111,67.28957133020559,221.73061115797643,105.23160033402162,0,0
2026-02-20 23:28:12.632303,44.86965958629421,59.281069943959515,201.43328279501702,106.96631501217747,0,0
2026-02-20 23:28:22.632303,53.18666520636096,60.67816164087314,202.40699830754343,107.2045689507607,0,0
2026-02-20 23:28:32.632303,45.70706887185007,66.78206327699942,159.05666229673056,114.5540948217203,0,0
2026-02-20 23:28:42.632303,49.77407235787419,64.01031925708638,207.27680868585225,103.46034410910802,0,0
2026-02-20 23:28:52.632303,52.77127238013261,63.23621715635112,193.4233834682552,110.34799130526237,0,0
2026-02-20 23:29:02.632303,44.57764688210608,59.9786777066955,216.71939848544554,109.95017579615889,0,0
2026-02-20 23:29:12.632303,52.30394424130701,58.426430248177056,217.93415556737406,93.30633760881247,0,0
2026-02-20 23:29:22.632303,58.757045368744556,59.66131641000134,169.20748611588078,88.05316531983448,0,0
2026-02-20 23:29:32.632303,50.21821818439794,60.55930108530421,239.39313369902192,89.61500662385774,0,0
2026-02-20 23:29:42.632303,50.197310996519654,55.76231437167177,190.14690293573193,116.83972030069339,0,0
2026-02-20 23:29:52.632303,44.31831888422005,62.348169696271334,207.85814718028783,99.75828573641792,0,0
2026-02-20 23:30:02.632303,52.597183115958686,55.359918472226845,233.12645015607114,119.2484549512352,0,0
2026-02-20 23:30:12.632303,50.23552348879657,69.69242452245422,192.01944136900158,104.0043199385628,0,0
2026-02-20 23:30:22.632303,57.15944531887257,58.163982159108365,172.36901882241125,83.88282934381147,0,0
2026-02-20 23:30:32.632303,60.30413281951329,57.88390139744489,196.28526473163004,88.87235921678945,0,0
2026-02-20 23:30:42.632303,54.74169639664594,56.87376056310166,190.17473944677357,102.9952041941616,0,0
2026-02-20 23:30:52.632303,44.679770363772136,59.2856709219431,228.04419179006538,104.28254397516864,0,0
2026-02-20 23:31:02.632303,50.652711462141795,60.85945883785546,192.21729808046874,119.96152319754925,0,0
2026-02-20 23:31:12.632303,45.93921434732967,60.84370464785572,202.30051132685614,110.08762507133136,0,0
2026-02-20 23:31:22.632303,55.5158696939682,59.871924782051714,205.81332986226099,103.28534753913948,0,0
2026-02-20 23:31:32.632303,38.639291722146965,53.6440415900889,187.89872618556058,94.38401323623131,0,0
2026-02-20 23:31:42.632303,44.00358789017934,62.99833028549452,200.04236842034945,97.85305452613163,0,0
2026-02-20 23:31:52.632303,43.719223627463066,59.82182054302085,147.46630488002776,98.3704368919416,0,0
2026-02-20 23:32:02.632303,50.31591834403878,60.967659937285994,168.7179647304144,102.24816736691474,0,0
2026-02-20 23:32:12.632303,44.792843650677284,56.75012067083066,214.3586277164533,120.14113723359745,0,0
2026-02-20 23:32:22.632303,50.2567937940134,56.73161816543907,203.77340895019998,109.39029157499145,0,0
2026-02-20 23:32:32.632303,53.10498782936368,70.97245148985499,185.69324861810668,102.52231479919298,0,0
2026-02-20 23:32:42.632303,57.744589767091014,65.94463694807413,160.9984414695124,99.9664237996002,0,0
2026-02-20 23:32:52.632303,57.4226038292435,71.56257196159655,214.07591767501637,96.32136706303517,0,0
2026-02-20 23:33:02.632303,44.95398423781305,68.87497343012339,214.57483172931518,91.51933073114583,0,0
2026-02-20 23:33:12.632303,48.9842181683311,61.24074606731482,210.87613307776235,91.0038134245421,0,0
2026-02-20 23:33:22.632303,46.929047909372535,53.388261750508164,220.79524579209564,96.58381533229684,0,0
2026-02-20 23:33:32.632303,52.33160824591646,65.68903403430531,204.3974028474789,98.87029524050932,0,0
2026-02-20 23:33:42.632303,50.96960738441967,60.25277441540091,224.9232999575589,103.1083839753879,0,0
2026-02-20 23:33:52.632303,47.27799490210543,64.191396227559,224.60968712716704,86.61669373179537,0,0
2026-02-20 23:34:02.632303,57.663919423840525,61.45884709283394,205.66539900293196,110.06624631596515,0,0
2026-02-20 23:34:12.632303,47.165118044978605,63.81665805676369,192.4644906052429,85.25049320289662,0,0
2026-02-20 23:34:22.632303,45.01121860446533,62.268087331612904,181.09063320010682,116.10076123189648,0,0
2026-02-20 23:34:32.632303,55.946417267198214,65.33375666413185,202.49557159354825,102.5786161729496,0,0
2026-02-20 23:34:42.632303,44.03144072877861,63.98313404062996,207.5966691007417,105.6730562529226,0,0
2026-02-20 23:34:52.632303,58.44155905726441,57.57614806420996,197.47716900245365,103.26670921542168,0,0
2026-02-20 23:35:02.632303,45.32282297270647,59.24960471489264,209.85899620933938,96.74578728627169,0,0
2026-02-20 23:35:12.632303,56.54494704864556,53.956301752732024,222.45542480466685,106.61185474816004,0,0
2026-02-20 23:35:22.632303,47.155857062217045,56.30236572708001,158.39434765515097,92.04824987586166,0,0
2026-02-20 23:35:32.632303,55.235883275014984,59.775657094885304,223.25961760783684,93.80128929375448,0,0
2026-02-20 23:35:42.632303,53.53553080053281,57.13000559166231,180.68849987580322,98.92872782829323,0,0
2026-02-20 23:35:52.632303,46.675167443400014,53.82871140385115,196.35370598566013,101.06435416431289,0,0
2026-02-20 23:36:02.632303,56.34179305748034,63.74722270853224,224.39886398465663,107.20357498393508,0,0
2026-02-20 23:36:12.632303,51.663063794749874,55.084220374112434,202.9974439587055,105.96793777330814,0,0
2026-02-20 23:36:22.632303,57.28718974685218,62.74515416692726,224.80766869210842,89.68002108634761,0,0
2026-02-20 23:36:32.632303,48.36791186925952,61.71740285464508,223.21905381485124,98.5477135416108,0,0
2026-02-20 23:36:42.632303,49.587770204254234,62.748561224011915,177.48258345709752,116.07404549823428,0,0
2026-02-20 23:36:52.632303,45.604319534461574,52.325642305762784,200.2013401704516,116.98458702375565,0,0
2026-02-20 23:37:02.632303,52.932265651668054,63.00436217201453,200.82771524614228,98.47622502728822,0,0
2026-02-20 23:37:12.632303,42.27545315203442,50.962454968383256,203.92544676881727,113.12549194340227,0,0
2026-02-20 23:37:22.632303,51.72066852414033,62.49439810820805,231.6743509127908,103.28766851441058,0,0
2026-02-20 23:37:32.632303,49.3867244984619,56.72590077739974,240.44425125944173,105.2654777915368,0,0
2026-02-20 23:37:42.632303,45.281991420403344,55.31532932879505,225.06127453857826,89.62558303591675,0,0
2026-02-20 23:37:52.632303,59.2691707875111,48.97414881163716,228.45190395579954,104.86894811161964,0,0
2026-02-20 23:38:02.632303,50.59297211528437,59.298166259832946,237.81459697188058,107.07058858401203,0,0
2026-02-20 23:38:12.632303,45.483981955522744,53.124360175884476,203.54594426294616,99.98928866462586,0,0
2026-02-20 23:38:22.632303,42.40065981312245,59.77842589807066,188.521307338516,100.09290068306694,0,0
2026-02-20 23:38:32.632303,53.62961805824201,65.97043978985614,218.17778072738574,92.78559250169795,0,0
2026-02-20 23:38:42.632303,51.84457564414597,60.252428485968096,173.357420907382,103.98232784692273,0,0
2026-02-20 23:38:52.632303,59.283361689588574,60.129706416748014,168.11634640549198,100.3026867110862,0,0
2026-02-20 23:39:02.632303,43.93143900513375,63.45442202754515,210.49729983450257,98.29089946525256,0,0
2026-02-20 23:39:12.632303,48.34417867072089,59.15106279353781,200.16548988684642,92.27764978658458,0,0
2026-02-20 23:39:22.632303,43.06123459499282,64.5547957867786,192.29198047006085,101.67043104169144,0,0
2026-02-20 23:39:32.632303,51.42640975583747,61.288081918620854,176.5236400580315,83.24159835448152,0,0
2026-02-20 23:39:42.632303,47.05653737654004,61.582846129667814,185.44100265051375,96.45078646300766,0,0
2026-02-20 23:39:52.632303,60.63648706874784,52.61830446078186,184.89932008179002,118.96604068573929,0,0
2026-02-20 23:40:02.632303,49.777006640023885,57.17605933800436,223.3753783402224,100.5523043648111,0,0
2026-02-20 23:40:12.632303,48.25845802477997,60.76947570815005,186.83782381234468,89.82508937111922,0,0
2026-02-20 23:40:22.632303,49.43201536182626,55.95601215969597,200.2138662359296,103.5440656747434,0,0
2026-02-20 23:40:32.632303,54.265302280258055,64.51169994206731,191.88526996735496,104.99414607939069,0,0
2026-02-20 23:40:42.632303,52.462617231031786,61.31127486326393,190.41081178099083,89.7193218753589,0,0
2026-02-20 23:40:52.632303,52.5100094453328,53.1725497512278,194.64321134863377,74.46368984351402,0,0
2026-02-20 23:41:02.632303,43.31798788320868,56.4914642462103,221.9344841525857,106.88108024404269,0,0
2026-02-20 23:41:12.632303,47.23032658078879,62.917479180519,217.75245926760795,98.39335151625278,0,0
2026-02-20 23:41:22.632303,43.07810927893155,59.168350759735546,198.04215189655727,87.67545609169774,0,0
2026-02-20 23:41:32.632303,51.83523396464984,61.11924741720942,208.90085399788373,102.78923097167443,0,0
2026-02-20 23:41:42.632303,53.649215175574916,59.28268788850787,204.03570214741907,96.02259715754468,0,0
2026-02-20 23:41:52.632303,47.07750392189025,65.3529985230483,159.12462596947006,108.76759989154264,0,0
2026-02-20 23:42:02.632303,46.89729562277169,56.999847289427514,205.23154968130814,85.10390387648997,0,0
2026-02-20 23:42:12.632303,45.91988464026898,56.60344141394803,195.57203483629812,91.95862311839312,0,0
2026-02-20 23:42:22.632303,58.00559342819635,67.18806606599182,159.56012954503873,105.44322704765736,0,0
2026-02-20 23:42:32.632303,54.29331719538787,62.17194080956442,186.8377301381661,97.55904437841458,0,0
2026-02-20 23:42:42.632303,46.25862672611152,58.31894387536469,175.80069942665648,98.8521117836545,0,0
2026-02-20 23:42:52.632303,42.48599144347465,59.19946178308745,175.02836621800472,102.06816361791404,0,0
2026-02-20 23:43:02.632303,46.602902195285544,61.162321391498146,221.63161456729563,115.89446936104709,0,0
2026-02-20 23:43:12.632303,37.35997705489755,56.663223624504866,193.9382784577597,104.60327818381484,0,0
2026-02-20 23:43:22.632303,41.74822747922735,56.071630372799135,202.6071440531422,100.84888241526667,0,0
2026-02-20 23:43:32.632303,51.88809203210047,61.77470290755247,206.77188866231725,101.93655316631492,0,0
2026-02-20 23:43:42.632303,50.27869886663184,62.65905235889745,155.21354666871548,115.44333486971234,0,0
2026-02-20 23:43:52.632303,38.97758974559838,55.68335273238203,195.4647840669971,106.72612891089842,0,0
2026-02-20 23:44:02.632303,35.02366554600192,59.88750270423266,215.8479007883147,109.94518116028478,0,0
2026-02-20 23:44:12.632303,46.513351707512705,58.796658852179874,187.67703742214744,96.07325346473915,0,0
2026-02-20 23:44:22.632303,44.840867246357824,56.44299135011633,208.68753844056735,101.31615373272741,0,0
2026-02-20 23:44:32.632303,52.45793253795237,60.85605755880335,214.08677202295192,108.78213998154995,0,0
2026-02-20 23:44:42.632303,41.29141690066948,56.58276139834255,195.37248085019922,99.77322474512658,0,0
2026-02-20 23:44:52.632303,46.64954713090983,63.648094683953225,239.59896736581197,101.86161955581734,0,0
2026-02-20 23:45:02.632303,50.42170516099105,63.39782502041732,162.68320489593128,100.28468940438411,0,0
2026-02-20 23:45:12.632303,54.895179127337585,57.42738401119556,175.4687884019607,98.14194389900221,0,0
2026-02-20 23:45:22.632303,49.696572833990395,56.36539087233817,241.92322552101902,95.21303618992054,0,0
2026-02-20 23:45:32.632303,44.231703242867155,59.62551472371755,218.1572127540898,100.17414248998232,0,0
2026-02-20 23:45:42.632303,52.42796960022001,56.51395762266737,229.75376892807026,105.61711027918443,0,0
2026-02-20 23:45:52.632303,55.238507844388046,61.460642529900674,216.4976807545757,91.26947440322772,0,0
2026-02-20 23:46:02.632303,47.54294791655219,65.38592238222412,231.19483894567927,88.52934400280924,0,0
2026-02-20 23:46:12.632303,51.24868033931906,58.27622479805909,186.05937061270276,102.8483969535545,0,0
2026-02-20 23:46:22.632303,55.704814661827044,61.80664989313678,193.6097510016193,105.1486117993516,0,0
2026-02-20 23:46:32.632303,48.200119132095494,61.64845720292241,227.92931400911468,79.22840340699173,0,0
2026-02-20 23:46:42.632303,53.986261492700166,53.84378031371813,224.56655421088922,93.6297439012714,0,0
2026-02-20 23:46:52.632303,43.91164311196758,62.78107690835499,207.2834012628482,90.00813097038342,0,0
2026-02-20 23:47:02.632303,43.73500121415803,59.25007405003487,175.91826099657607,89.38527027076373,0,0
2026-02-20 23:47:12.632303,50.57810395210717,56.136513462979615,208.53078580053085,114.90143595883477,0,0
2026-02-20 23:47:22.632303,49.25722292549709,60.52060424794234,240.36193465670974,88.12398882622654,0,0
2026-02-20 23:47:32.632303,55.95617597590371,64.28343039164993,217.08634678347568,112.91747850732631,0,0
2026-02-20 23:47:42.632303,51.40287482979309,57.668282017602934,221.89146582441134,111.32842211712895,0,0
2026-02-20 23:47:52.632303,55.52656950746644,60.17800832927695,185.67610972773346,101.91362254111611,0,0
2026-02-20 23:48:02.632303,54.71115008783918,64.09740715943987,191.4064774585081,103.1537289612739,0,0
2026-02-20 23:48:12.632303,43.45610847757022,63.9398004120234,184.33382486549874,107.85255359571548,0,0
2026-02-20 23:48:22.632303,44.25347711304919,64.12566362573602,206.4367038004554,92.18642304383054,0,0
2026-02-20 23:48:32.632303,53.45678190540263,57.638553232778676,214.99110074890257,97.25888524619279,0,0
2026-02-20 23:48:42.632303,41.394764371851686,56.07033503807625,191.3917058262543,113.68189023748577,0,0
2026-02-20 23:48:52.632303,54.505718152646125,66.49544564928857,233.07270432059715,94.65249195409085,0,0
2026-02-20 23:49:02.632303,49.05756570120585,58.35488030267785,186.56978789397846,81.58505290663541,0,0
2026-02-20 23:49:12.632303,49.92626140991579,54.85773762515556,199.31656236931346,121.15770809562984,0,0
2026-02-20 23:49:22.632303,47.453274518346454,60.77909602251227,218.13296771618565,102.80291291965906,0,0
2026-02-20 23:49:32.632303,51.46242093971148,58.55039026524768,195.36244049877536,90.39989477812172,0,0
2026-02-20 23:49:42.632303,54.23022504444704,53.034033373543615,219.42176676764404,85.96301615254758,0,0
2026-02-20 23:49:52.632303,54.81303637038326,58.58472989515128,175.3626262373384,105.79298645079636,0,0
2026-02-20 23:50:02.632303,54.643837675378876,58.247685407585855,214.41221097357865,77.1491550533065,0,0
2026-02-20 23:50:12.632303,43.397018551266996,65.16963572187491,195.5266145160417,81.37786673551153,0,0
2026-02-20 23:50:22.632303,46.50566909779003,56.306398109899675,196.6807653705415,96.29249016192352,0,0
2026-02-20 23:50:32.632303,50.89465864469081,59.722135793549704,227.19478510074038,104.2454859971967,0,0
2026-02-20 23:50:42.632303,52.28835805596793,64.66062849557808,192.22462499140838,87.38122556641515,0,0
2026-02-20 23:50:52.632303,56.034851623161245,60.54336699243245,202.78702415797858,93.66670078469764,0,0
2026-02-20 23:51:02.632303,46.91572333448211,63.386889355083376,219.69311596275222,107.83823405746658,0,0
2026-02-20 23:51:12.632303,53.96480802722738,62.276118149039036,202.63045460156314,98.24620315679019,0,0
2026-02-20 23:51:22.632303,56.05161924970777,58.505116518038264,207.39958427761493,91.95987002045753,0,0
2026-02-20 23:51:32.632303,46.70350481574775,59.05538172857109,183.92123246545674,107.978518254783,0,0
2026-02-20 23:51:42.632303,43.259828742274856,60.39691849352429,202.65016193684363,81.89200421680319,0,0
2026-02-20 23:51:52.632303,47.79488089738196,61.02279815219257,208.57455986588135,97.95692791399834,0,0
2026-02-20 23:52:02.632303,53.38444102240358,59.56273497105584,200.27305824150113,102.51653868986554,0,0
2026-02-20 23:52:12.632303,54.63499814367084,57.29712799033787,190.26356254963406,93.31103508270785,0,0
2026-02-20 23:52:22.632303,48.33901141929033,65.70493703231907,211.45450638659645,88.68910254831158,0,0
2026-02-20 23:52:32.632303,46.997765172056624,61.491068897105606,181.8698443813446,92.74659959185243,0,0
2026-02-20 23:52:42.632303,56.72479833087074,57.546497486107256,219.09333632058772,112.55323189530938,0,0
2026-02-20 23:52:52.632303,46.33268954415518,56.44014977377144,194.4773582703767,89.11372279326375,0,0
2026-02-20 23:53:02.632303,50.60516939251371,59.17739235258645,207.21160031772604,113.96943456232822,0,0
2026-02-20 23:53:12.632303,54.0874249038516,61.956959101649424,160.67903174064165,104.43375982102376,0,0
2026-02-20 23:53:22.632303,58.613138303522746,47.957909934745935,213.7876508595125,98.40641425243535,0,0
2026-02-20 23:53:32.632303,45.75102498488528,63.204514335647815,234.19411801214662,107.75230728837754,0,0
2026-02-20 23:53:42.632303,48.144040243692366,56.226120702367375,202.89255267579088,108.73169292381588,0,0
2026-02-20 23:53:52.632303,48.064734868831366,58.838468033396815,256.440004996768,110.78651945959726,0,0
2026-02-20 23:54:02.632303,55.75064339196816,54.15885637576475,185.8562264141308,100.74681639454239,0,0
2026-02-20 23:54:12.632303,44.99431221057425,66.40158919555718,228.20624613181292,94.66454662615946,0,0
2026-02-20 23:54:22.632303,58.91959303303742,59.982991613120234,251.78779434778096,101.44686130525037,0,0
2026-02-20 23:54:32.632303,52.88096375164211,65.59961376467824,225.55266699615618,105.10732066135894,0,0
2026-02-20 23:54:42.632303,49.29429840278082,62.05653079997248,183.6763165624777,101.52133718864116,0,0
2026-02-20 23:54:52.632303,44.453462337510025,52.8764734396788,201.00853528278887,112.62277890671672,0,0
2026-02-20 23:55:02.632303,54.629023207980296,59.672350817097566,234.93979396350994,94.30938609153426,0,0
2026-02-20 23:55:12.632303,40.410836691009884,51.27159482319615,176.37618118808567,108.16624743262228,0,0
2026-02-20 23:55:22.632303,46.82598658266307,61.843834567429205,232.92566767167955,88.99903037422195,0,0
2026-02-20 23:55:32.632303,52.39249865897945,62.15585229062289,182.78524023053794,113.54210925245083,0,0
2026-02-20 23:55:42.632303,48.561464722252616,58.464988076347964,242.23226436835944,105.22766742366719,0,0
2026-02-20 23:55:52.632303,54.62645274842749,65.41957172608736,186.99052001081566,112.49821097053679,0,0
2026-02-20 23:56:02.632303,47.49052942501165,57.82150644264681,194.56000055383728,93.77935165055045,0,0
2026-02-20 23:56:12.632303,54.11078216328581,61.06884262058022,190.17551170765773,106.74505033154821,0,0
2026-02-20 23:56:22.632303,48.62408781306827,58.687718518541296,200.97367769803088,104.63460355666217,0,0
2026-02-20 23:56:32.632303,51.9492382468871,58.547003270988675,216.94222414878806,97.77605848920344,0,0
2026-02-20 23:56:42.632303,46.72507755695641,54.127913404930595,219.66356961998042,100.12390076194008,0,0
2026-02-20 23:56:52.632303,51.05436179255258,64.18321166279806,190.4518753680437,86.25600751525872,0,0
2026-02-20 23:57:02.632303,50.348903511076095,61.23184620832118,194.74301867679253,114.7373757807617,0,0
2026-02-20 23:57:12.632303,37.56916716139322,64.48022655159913,215.8230730072845,104.5677077770046,0,0
2026-02-20 23:57:22.632303,33.32049225265452,65.13555513308107,179.4713177872823,94.92308021616613,0,0
2026-02-20 23:57:32.632303,49.14703667604966,61.6296721386079,212.788560843851,108.92840554319297,0,0
2026-02-20 23:57:42.632303,54.07926755039258,61.011708816852504,208.31845318115182,89.09246284177753,0,0
2026-02-20 23:57:52.632303,46.244865965904886,63.581840894699326,216.74418973457364,107.2379941644442,0,0
2026-02-20 23:58:02.632303,47.427916191717365,63.641968527774786,176.77511095039284,110.77359809862273,0,0
2026-02-20 23:58:12.632303,48.69564599377055,66.73668162536254,169.5711581586903,117.63404045918521,0,0
2026-02-20 23:58:22.632303,48.19267835418269,58.48208297595302,203.89677637971195,93.02921087199303,0,0
2026-02-20 23:58:32.632303,49.63835499348846,57.04949493891658,185.97872938041627,104.86885950300572,0,0
2026-02-20 23:58:42.632303,45.492172523482424,56.92722305997807,172.54417500507182,94.9606932003866,0,0
2026-02-20 23:58:52.632303,56.55801014861961,56.616265439588126,185.36733469625517,101.93921946481535,0,0
2026-02-20 23:59:02.632303,48.14601783100237,68.9126177333986,196.74944070647487,103.35218346217371,0,0
2026-02-20 23:59:12.632303,54.71884392399661,63.698311463451404,204.6657516311476,98.38872513313999,0,0
2026-02-20 23:59:22.632303,60.12014268189628,59.60095889874293,191.1661979114304,93.54151011705981,0,0
2026-02-20 23:59:32.632303,41.36598398646622,63.28646300894865,153.03863205798348,99.9427715909508,0,0
2026-02-20 23:59:42.632303,48.97569682864307,68.9598607689258,163.36697542572747,90.98896713015642,0,0
2026-02-20 23:59:52.632303,49.31951770659175,59.209882650123326,189.0091081837991,99.19012090597833,0,0
2026-02-21 00:00:02.632303,43.70218635565129,61.428771515979754,153.57029315844844,99.74230644122743,0,0
2026-02-21 00:00:12.632303,46.998216528682136,64.06515177102654,235.1062214126661,96.68947831249642,0,0
2026-02-21 00:00:22.632303,56.95362964570715,58.73553487747836,180.6774695374182,117.45903632185619,0,0
2026-02-21 00:00:32.632303,52.603882223670034,60.017754090439254,213.74354950197298,102.74215035130167,0,0
2026-02-21 00:00:42.632303,49.65390296029241,54.69426069076801,194.58926525677467,106.23255423458473,0,0
2026-02-21 00:00:52.632303,49.386142871565944,63.609303044521546,207.67310047733577,91.21863681914593,0,0
2026-02-21 00:01:02.632303,43.40414021083938,59.371286000279326,189.51543103790826,103.36321809621685,0,0
2026-02-21 00:01:12.632303,46.40931170618635,57.53843069698049,221.06139435189826,101.48202968627898,0,0
2026-02-21 00:01:22.632303,46.48636467286354,60.07056723494008,227.57822486003366,102.93786688274723,0,0
2026-02-21 00:01:32.632303,52.964754047125645,56.99106185389023,220.528387542692,123.18102260463802,0,0
2026-02-21 00:01:42.632303,46.04266178743573,55.27242410251204,203.51084487670298,108.7550504984441,0,0
2026-02-21 00:01:52.632303,49.54305163974869,55.78717441582935,197.8283167643922,105.98092272777454,0,0
2026-02-21 00:02:02.632303,47.96484086526971,62.429020071019686,223.2942157047982,102.40230625770448,0,0
2026-02-21 00:02:12.632303,49.86026114360854,63.317375700905124,182.87798345125537,90.45290166307078,0,0
2026-02-21 00:02:22.632303,48.667138575355075,58.03248218074213,183.9331604941905,118.30468474998774,0,0
2026-02-21 00:02:32.632303,60.85996604747146,58.58517983097767,201.8343789949673,98.12157179936209,0,0
2026-02-21 00:02:42.632303,55.53749620059078,65.2225822473602,164.45472402620706,104.76010800065626,0,0
2026-02-21 00:02:52.632303,43.46589329419426,67.03308863150112,208.80496060420796,91.76650461637364,0,0
2026-02-21 00:03:02.632303,48.793393060310734,58.84409096693537,210.5022588577163,110.41912604177477,0,0
2026-02-21 00:03:12.632303,44.25896354014145,67.35501800364845,232.11380215641685,91.24676432408955,0,0
2026-02-21 00:03:22.632303,50.36400897181154,66.84323417645726,224.65837173354967,96.63256969952104,0,0
2026-02-21 00:03:32.632303,54.071699072839365,71.98879316687655,202.10319963702423,93.6735174855998,0,0
2026-02-21 00:03:42.632303,50.86209926045699,60.98620838198927,189.50926521999804,104.41625067814218,0,0
2026-02-21 00:03:52.632303,43.72799470136249,57.33786453196528,215.16489552309596,82.4512914845775,0,0
2026-02-21 00:04:02.632303,54.51583795997388,51.95207453717719,165.3735084224737,95.01021256944115,0,0
2026-02-21 00:04:12.632303,51.43431921409675,65.30105441250956,201.1524552631919,97.5344639242401,0,0
2026-02-21 00:04:22.632303,52.89790623992402,56.516404718128264,202.78830318692812,88.0055374204464,0,0
2026-02-21 00:04:32.632303,50.41295258437707,59.480654696602386,183.91464157101166,101.65040636537739,0,0
2026-02-21 00:04:42.632303,50.79274826579822,64.70181604935654,167.88733193874424,99.23951092302957,0,0
2026-02-21 00:04:52.632303,46.1986880014826,63.47904823270517,215.07824130384267,105.07879845068621,0,0
2026-02-21 00:05:02.632303,46.480833709652686,63.541882331760384,169.39738142513337,82.6468929640723,0,0
2026-02-21 00:05:12.632303,43.62064500049038,59.866100758692376,213.50328801976588,70.23967525990476,0,0
2026-02-21 00:05:22.632303,56.61371415939893,60.524448784713734,168.6445530482045,101.00946970289581,0,0
2026-02-21 00:05:32.632303,55.4626270733921,62.39776406122503,221.9814612510793,86.33753370602889,0,0
2026-02-21 00:05:42.632303,47.92997382430798,56.30123107790587,234.35160410088636,106.3936284348663,0,0
2026-02-21 00:05:52.632303,64.2350479447882,58.12956186633109,185.5065157663539,98.5717336140485,0,0
2026-02-21 00:06:02.632303,56.89178610711274,58.53552124249861,202.4887519581389,100.96690702886819,0,0
2026-02-21 00:06:12.632303,50.19748380601095,57.390406158150086,197.25417864179266,98.19897398648642,0,0
2026-02-21 00:06:22.632303,49.96217670162675,63.774067272610836,235.21256069248986,91.59565237330293,0,0
2026-02-21 00:06:32.632303,48.04003187606143,56.69995240637525,203.74203074444546,94.61650542489024,0,0
2026-02-21 00:06:42.632303,51.19898416870994,64.41450764177915,149.48336628390783,104.91779889600691,0,0
2026-02-21 00:06:52.632303,47.699064755510605,61.84168907193756,182.070611244996,111.96260988306875,0,0
2026-02-21 00:07:02.632303,54.56640309020142,62.27340859417057,215.86451435620197,92.54379532827826,0,0
2026-02-21 00:07:12.632303,46.90188122655355,63.00974480326992,184.64541714462777,114.45635046658087,0,0
2026-02-21 00:07:22.632303,48.38204464359484,62.00757755944249,241.9849903851018,92.93776645931923,0,0
2026-02-21 00:07:32.632303,50.343808754223915,64.21673265854923,219.02554777753062,96.72184689760641,0,0
2026-02-21 00:07:42.632303,47.41634781239073,59.06745626981979,228.95715532302728,97.20894143640054,0,0
2026-02-21 00:07:52.632303,50.390578462417324,58.2928541163063,214.11097129591974,101.55525037583656,0,0
2026-02-21 00:08:02.632303,44.98283094620886,56.12470354386002,160.02788866888986,91.68678590874384,0,0
2026-02-21 00:08:12.632303,53.96972901816086,65.29504215204908,213.7111672643437,105.54632200640681,0,0
2026-02-21 00:08:22.632303,49.36736975235675,63.09965821965595,205.72556446163767,118.04448971987125,0,0
2026-02-21 00:08:32.632303,49.507773429116256,65.37203233494452,217.4822816363572,107.35443286204159,0,0
2026-02-21 00:08:42.632303,39.9425433726909,63.71675824619084,197.44984042181693,95.56073505565108,0,0
2026-02-21 00:08:52.632303,42.585434794110434,59.97765146412727,200.67103193636484,86.96998078185196,0,0
2026-02-21 00:09:02.632303,42.63359913553154,61.94647792051244,217.43410262122754,101.90282909922422,0,0
2026-02-21 00:09:12.632303,55.754173248421814,59.654460062594005,198.91297451199594,90.8297197125921,0,0
2026-02-21 00:09:22.632303,42.198790112231414,67.41864853543834,222.6259810049949,86.07487432861521,0,0
2026-02-21 00:09:32.632303,50.778759539156404,59.599814755585335,194.52015053673912,95.9098215218506,0,0
2026-02-21 00:09:42.632303,51.906345734839896,63.2727021018859,208.0478233805641,98.79481625620807,0,0
2026-02-21 00:09:52.632303,49.2138664155444,63.747257267690664,209.26889876232124,100.72689463035434,0,0
2026-02-21 00:10:02.632303,49.82049351199946,61.38108203844916,190.63302622881102,108.2153881730821,0,0
2026-02-21 00:10:12.632303,44.62070719081066,58.35417396093407,212.22212190892049,88.67117186645727,0,0
2026-02-21 00:10:22.632303,42.134957286752496,60.25231070171696,166.0708369110706,87.01196445948139,0,0
2026-02-21 00:10:32.632303,53.78297059253216,59.18085896957706,225.7097389941797,87.95185659062545,0,0
2026-02-21 00:10:42.632303,49.530238171838576,61.59833821283104,176.58970139742183,110.31761904499625,0,0
2026-02-21 00:10:52.632303,52.5533944158302,53.56285165325026,199.245164075828,103.85956736258633,0,0
2026-02-21 00:11:02.632303,47.04971663235971,54.080540377964745,205.5691757889482,122.11242950282562,0,0
2026-02-21 00:11:12.632303,48.065079504211546,66.27696472513884,184.95422356477064,102.15545635009951,0,0
2026-02-21 00:11:22.632303,53.857612654380596,59.96634533611454,194.04528702237536,107.26127521350374,0,0
2026-02-21 00:11:32.632303,59.457275576346106,61.20234769855652,189.67879646939306,98.10248442740317,0,0
2026-02-21 00:11:42.632303,62.59853822822687,60.539628465352514,188.11172602844056,88.5493208351746,0,0
2026-02-21 00:11:52.632303,40.87049452943697,61.45433709538476,213.09283985649006,96.03303820034793,0,0
2026-02-21 00:12:02.632303,49.92514790984523,55.318153162845505,202.65856929655,104.81495320567124,0,0
2026-02-21 00:12:12.632303,47.32417866416181,66.76181067834335,183.25787346506178,102.83476604018982,0,0
2026-02-21 00:12:22.632303,54.24158609852303,59.69084199940247,196.23046362211016,85.71133849550338,0,0
2026-02-21 00:12:32.632303,56.78670747858142,59.320427193329614,210.7473084986965,106.72720487860141,0,0
2026-02-21 00:12:42.632303,46.85850753991124,59.20988558283514,226.68964701487008,88.82802334259554,0,0
2026-02-21 00:12:52.632303,60.639590373786284,57.02050885889491,176.40965086718975,101.32309020688534,0,0
2026-02-21 00:13:02.632303,61.041741321699355,52.35613625763118,197.17968563020617,104.76265017256556,0,0
2026-02-21 00:13:12.632303,50.168249792677656,61.52768668001204,185.6393383565545,94.00278154068619,0,0
2026-02-21 00:13:22.632303,49.257886764204,55.480447648388996,199.1062719711962,96.11254706328499,0,0
2026-02-21 00:13:32.632303,47.649774074225654,61.28202565039455,163.58681013601392,97.70909896616847,0,0
2026-02-21 00:13:42.632303,61.586768828074305,55.6555612546975,225.71000992968828,100.54656120912699,0,0
2026-02-21 00:13:52.632303,46.98521095559291,54.71743336188077,202.79363930570463,114.53397105814676,0,0
2026-02-21 00:14:02.632303,48.05394427401618,59.676154301052904,220.20741700380665,103.4087079134628,0,0
2026-02-21 00:14:12.632303,42.138621101377105,60.395548863420736,230.24469821331198,99.63058813532501,0,0
2026-02-21 00:14:22.632303,36.29255285261311,61.552859966364295,196.03087120911928,81.70905586078783,0,0
2026-02-21 00:14:32.632303,41.60395954973108,63.90042857315524,185.3523450880984,90.92503619264008,0,0
2026-02-21 00:14:42.632303,49.821807195341655,57.423188006720245,202.0009725555549,97.97279970563329,0,0
2026-02-21 00:14:52.632303,44.00002209953178,57.95520880575446,208.85506642618208,100.41918040238626,0,0
2026-02-21 00:15:02.632303,49.590287588040844,67.74953696471754,214.6207505077107,108.52441264821343,0,0
2026-02-21 00:15:12.632303,49.170157961025375,60.8805807614051,191.37800020948615,107.77549765524128,0,0
2026-02-21 00:15:22.632303,49.448000479504785,60.889510995722226,203.21222604310336,99.81833118594545,0,0
2026-02-21 00:15:32.632303,64.69094033577885,57.33352289002111,186.48576939682616,106.94096746811756,0,0
2026-02-21 00:15:42.632303,47.024155004624106,58.83437455460443,178.27178093288762,104.91557919402587,0,0
2026-02-21 00:15:52.632303,52.521286222420756,58.739231760306225,214.29633376960146,81.41874986266409,0,0
2026-02-21 00:16:02.632303,46.46573299242828,59.32008325515628,176.55435006194094,82.51286962581278,0,0
2026-02-21 00:16:12.632303,48.46052017480776,62.77608034824297,225.64216782853023,94.52712116794628,0,0
2026-02-21 00:16:22.632303,53.66607918810797,62.54616815230267,224.37216348668994,96.49808969645999,0,0
2026-02-21 00:16:32.632303,41.007497524076626,60.28074340969098,179.72412518060554,92.76494890937992,0,0
2026-02-21 00:16:42.632303,48.49390427973409,58.644289474603426,202.83118533791588,107.03156316419617,0,0
2026-02-21 00:16:52.632303,48.16132208362017,61.58279002643202,200.29632019861012,109.35494395878445,0,0
2026-02-21 00:17:02.632303,49.05704074446842,59.68429329690178,192.51199104002185,98.37751460041504,0,0
2026-02-21 00:17:12.632303,46.08255935827063,56.46961085542595,215.5153077056545,89.16798316815398,0,0
2026-02-21 00:17:22.632303,48.40440955151048,64.06137114508398,192.94598409992787,108.28740453685575,0,0
2026-02-21 00:17:32.632303,47.04477139636579,55.795345574599224,168.1034829019836,113.12724069272662,0,0
2026-02-21 00:17:42.632303,44.31564409182792,62.98874636050037,180.00105946413237,113.17383917939821,0,0
2026-02-21 00:17:52.632303,61.033913623075506,53.25387976123865,178.30487131682372,107.73131863803225,0,0
2026-02-21 00:18:02.632303,52.565214616829074,63.107687419040765,188.5248889919125,119.87534161023368,0,0
2026-02-21 00:18:12.632303,50.59024733344887,55.13214969262592,194.9370299991411,87.96433103771167,0,0
2026-02-21 00:18:22.632303,57.95470679277052,57.35867494879953,209.84966969489244,95.2932685501782,0,0
2026-02-21 00:18:32.632303,46.92306345118743,52.3589832748758,211.96349205981133,112.99181252629184,0,0
2026-02-21 00:18:42.632303,45.42016209317424,53.819083540005316,216.06632085475658,83.5375865089375,0,0
2026-02-21 00:18:52.632303,56.09766467974129,56.38241950818152,177.93414514350746,102.48462421131292,0,0
2026-02-21 00:19:02.632303,44.80930357494281,57.17155567482716,207.07963865342012,75.70887662833354,0,0
2026-02-21 00:19:12.632303,58.21209622964161,60.17456052986295,174.14067975192944,89.82754630713158,0,0
2026-02-21 00:19:22.632303,54.95823189130401,62.40421174029641,227.73561314570424,93.17257155195765,0,0
2026-02-21 00:19:32.632303,51.482919185754014,61.70627164713471,213.90535000504474,111.2728112343207,0,0
2026-02-21 00:19:42.632303,46.41368047077827,59.54331892895808,187.7970050883971,99.47388126643624,0,0
2026-02-21 00:19:52.632303,53.49216391031488,53.38385799895719,222.18743138918572,88.60817875736251,0,0
2026-02-21 00:20:02.632303,48.46314840151384,64.97576769986449,206.56019435966812,103.3952994826366,0,0
2026-02-21 00:20:12.632303,44.096869773524446,55.82365625670464,218.82512793337838,94.1085645451561,0,0
2026-02-21 00:20:22.632303,47.52544063350075,63.855805004218844,179.00172909260945,102.69235132886259,0,0
2026-02-21 00:20:32.632303,50.21453663083846,59.98925709654703,189.6312873624499,94.20144818536671,0,0
2026-02-21 00:20:42.632303,44.608179181025676,61.93066010416523,186.6370161696653,109.68744621167252,0,0
2026-02-21 00:20:52.632303,48.87722479204673,55.76619804231585,195.24372235703157,95.89142800863526,0,0
2026-02-21 00:21:02.632303,55.045517058640264,58.523999242993874,194.47579237599348,114.11546705492435,0,0
2026-02-21 00:21:12.632303,52.541336607316744,66.65082406401399,225.1809000812781,91.12837411637145,0,0
2026-02-21 00:21:22.632303,54.94975427200054,66.10121316829837,230.6562626464684,109.88095983576687,0,0
2026-02-21 00:21:32.632303,54.83761497454588,58.789355825297804,183.2523583130085,96.47782681102544,0,0
2026-02-21 00:21:42.632303,41.676054992836185,65.37118126168681,194.33414081164577,112.9133072906496,0,0
2026-02-21 00:21:52.632303,43.842502113892,64.33049968400884,190.10238683641361,87.15630591690825,0,0
2026-02-21 00:22:02.632303,58.13559026079879,64.4292466773631,204.2358484037157,100.33937885134964,0,0
2026-02-21 00:22:12.632303,52.19755009409559,60.778514311669646,184.15448091657058,95.87947730215078,0,0
2026-02-21 00:22:22.632303,59.80358916019351,70.68862697051206,231.25337010461365,104.78223940162623,0,0
2026-02-21 00:22:32.632303,48.31125483649033,56.80725642441214,185.35435179139594,94.46732341313239,0,0
2026-02-21 00:22:42.632303,60.75582020712885,67.22512918553039,214.92556779870787,90.39386823587174,0,0
2026-02-21 00:22:52.632303,54.465279633555184,59.04553188595758,156.93981122711756,102.8710063740126,0,0
2026-02-21 00:23:02.632303,45.790434795829725,56.76778628363985,194.99184012863984,95.01677027057588,0,0
2026-02-21 00:23:12.632303,49.82871590447996,59.67067779993118,162.48381814304736,115.20277988882833,0,0
2026-02-21 00:23:22.632303,45.0831163852566,56.190406459478105,193.42893496419404,98.91665152630706,0,0
2026-02-21 00:23:32.632303,57.2948990841592,61.07769380821961,211.32930968219068,102.74536187583281,0,0
2026-02-21 00:23:42.632303,51.15730791249386,61.23891801234804,161.34531714862123,97.50081515160471,0,0
2026-02-21 00:23:52.632303,55.811305552855785,75.76932404322675,175.9138213492098,104.23079960324353,0,0
2026-02-21 00:24:02.632303,47.144767110628294,68.1906076155874,172.9243447841704,106.2493949031588,0,0
2026-02-21 00:24:12.632303,42.96394450247905,58.72573332775667,199.31373338500381,110.69691681739607,0,0
2026-02-21 00:24:22.632303,44.61416586920736,62.653532195389545,200.37555446775895,102.7279338628598,0,0
2026-02-21 00:24:32.632303,54.79166357342571,54.86977322797885,216.21189946297184,94.31095146910576,0,0
2026-02-21 00:24:42.632303,55.479367274884126,61.33823053815152,195.80943236965888,94.09974030909179,0,0
2026-02-21 00:24:52.632303,54.116474971776654,65.0438067419237,189.3429691827963,88.66993434218602,0,0
2026-02-21 00:25:02.632303,53.47105521472613,54.2058762318652,173.88975124834056,89.372997244721,0,0
2026-02-21 00:25:12.632303,47.92274758480625,54.65467244313822,161.22400181236844,88.64555805662877,0,0
2026-02-21 00:25:22.632303,53.212372232863096,54.91382371149293,193.1946064409166,119.46698462365562,0,0
2026-02-21 00:25:32.632303,49.75412934986455,61.37012395891837,181.07919963496894,121.63474853700143,0,0
2026-02-21 00:25:42.632303,47.29352755430786,59.087581262193936,226.34117355934728,98.1826575514638,0,0
2026-02-21 00:25:52.632303,50.23944391337607,58.87324671684348,194.50335243885544,103.70502010828092,0,0
2026-02-21 00:26:02.632303,52.76471594599053,57.42700627514973,184.67839087706142,93.90863911142436,0,0
2026-02-21 00:26:12.632303,42.99372992900116,53.63827896592281,205.94334294449814,109.38595803175112,0,0
2026-02-21 00:26:22.632303,54.35522646572609,50.47203490745336,195.09869825913478,88.97908044407441,0,0
2026-02-21 00:26:32.632303,50.71868718910429,58.328705924762474,211.83823812489177,99.80846909598658,0,0
2026-02-21 00:26:42.632303,40.519990525410556,56.13165650880184,200.11570229653307,100.90110429231086,0,0
2026-02-21 00:26:52.632303,42.97161596147999,53.854161185815514,201.12490675146358,85.96332693949472,0,0
2026-02-21 00:27:02.632303,41.65685286749607,58.21943794947463,190.231078173227,91.21599522660699,0,0
2026-02-21 00:27:12.632303,46.48131521637519,60.05534289288958,185.5967419264036,100.7069702166484,0,0
2026-02-21 00:27:22.632303,48.09765731941333,60.670600621546626,217.5641113087329,108.39247845390595,0,0
2026-02-21 00:27:32.632303,56.44105235533041,63.352587587588644,204.77115063083608,95.66568362359855,0,0
2026-02-21 00:27:42.632303,48.06119538591888,56.48889077425676,200.09058582103117,106.97387478711934,0,0
2026-02-21 00:27:52.632303,46.3716619855849,59.8511285653449,186.45275542556462,102.09354330187615,0,0
2026-02-21 00:28:02.632303,47.25308308025025,57.04195771482379,186.4006661013595,105.03328773845567,0,0
2026-02-21 00:28:12.632303,49.51625297334822,58.28631307999986,205.22809005094422,95.8548378253235,0,0
2026-02-21 00:28:22.632303,55.63258946842851,56.104535385226974,196.26056974365437,85.95234778333,0,0
2026-02-21 00:28:32.632303,48.26562804054953,53.28145800917348,214.92633045118254,107.6650376700558,0,0
2026-02-21 00:28:42.632303,53.92085086862238,60.11548992069787,182.40259190579815,91.99659367964051,0,0
2026-02-21 00:28:52.632303,57.650860276102605,65.74270841519919,202.45110313901543,94.84365965919673,0,0
2026-02-21 00:29:02.632303,56.84311711349255,57.22198735446076,204.57698416191815,113.51957305398459,0,0
2026-02-21 00:29:12.632303,45.81830750167686,63.31689434254845,210.41121591687738,99.60483457768439,0,0
2026-02-21 00:29:22.632303,45.03283200433442,57.102240959586894,205.78902145701318,85.76663205118614,0,0
2026-02-21 00:29:32.632303,50.65371929509125,62.16420393624665,219.704403456182,86.01642925539778,0,0
2026-02-21 00:29:42.632303,56.58123648580637,66.78145397671975,208.20303135427187,89.61951418575339,0,0
2026-02-21 00:29:52.632303,48.359453558198794,59.809611019525974,205.40927017461112,100.21981552643602,0,0
2026-02-21 00:30:02.632303,51.40582571447308,59.63701297064351,205.30214189024485,95.39476578838686,0,0
2026-02-21 00:30:12.632303,48.309066415087656,57.69589931809333,238.34519069008144,114.63900786174322,0,0
2026-02-21 00:30:22.632303,52.77647095006808,65.30123598907096,215.96922677955766,101.81271159514056,0,0
2026-02-21 00:30:32.632303,42.472143294901585,58.95134431949944,193.29924215963297,88.66924826907842,0,0
2026-02-21 00:30:42.632303,42.56918862696692,61.9708773862681,206.49008644741625,88.32603019932388,0,0
2026-02-21 00:30:52.632303,46.270607467819055,64.64488909261665,182.44606972966878,101.70798903933803,0,0
2026-02-21 00:31:02.632303,49.0511085021601,62.02545388424825,182.8778469468714,100.90083477540107,0,0
2026-02-21 00:31:12.632303,50.84361288672939,60.92072322491688,201.58147715925227,103.4460932059411,0,0
2026-02-21 00:31:22.632303,60.958851660254055,70.24519110708442,187.21567718426556,76.817570196475,0,0
2026-02-21 00:31:32.632303,52.977476503609864,60.74500983960507,221.22083718367162,102.84885899715317,0,0
2026-02-21 00:31:42.632303,50.293019697628594,64.51562638350889,225.37561176827683,86.13439941219002,0,0
2026-02-21 00:31:52.632303,45.91696906430208,59.577628162845286,201.96875247849167,97.74016796647751,0,0
2026-02-21 00:32:02.632303,52.17103588930943,63.9844191572684,234.45419421441457,105.789130237729,0,0
2026-02-21 00:32:12.632303,45.73833160773445,59.410495099208724,198.49295517480886,105.14640239981159,0,0
2026-02-21 00:32:22.632303,51.94084016716971,68.20158660444604,190.76973729490183,103.84750533766803,0,0
2026-02-21 00:32:32.632303,61.77355698872046,57.659172412385594,202.9029739234071,90.55119498875985,0,0
2026-02-21 00:32:42.632303,50.41043449813716,56.879131407449435,220.93601806982693,101.47318859031395,0,0
2026-02-21 00:32:52.632303,45.32301370008853,63.36227079116669,203.59332077743176,109.52818777223455,0,0
2026-02-21 00:33:02.632303,44.26168686026126,61.47529764899465,215.4668338928942,95.76622509764263,0,0
2026-02-21 00:33:12.632303,43.70498636515924,59.83357001851842,224.56230587561856,111.25930330634057,0,0
2026-02-21 00:33:22.632303,47.857857826222116,54.86765825449423,191.37640559300854,95.31522349268087,0,0
2026-02-21 00:33:32.632303,52.23223391652389,59.579993988383514,184.93471576525715,111.04263067260668,0,0
2026-02-21 00:33:42.632303,50.70212933722417,61.74166261092376,165.50029131737466,75.75735129302714,0,0
2026-02-21 00:33:52.632303,42.81227109277796,58.0778262975729,211.52712035227617,76.57753129592702,0,0
2026-02-21 00:34:02.632303,57.96426032185994,60.682264107080506,227.2058998589982,91.14029917525872,0,0
2026-02-21 00:34:12.632303,52.51929967086245,60.34078371988315,216.35372626109108,97.66208632400283,0,0
2026-02-21 00:34:22.632303,52.36607604503794,64.4087812750848,186.9764741221645,102.4224423248965,0,0
2026-02-21 00:34:32.632303,40.56068881388826,62.81001207625343,239.0932508692498,87.55563952251305,0,0
2026-02-21 00:34:42.632303,49.543093697860286,63.52192520365645,200.628349469331,101.65099551493226,0,0
2026-02-21 00:34:52.632303,48.04500279238181,58.287390987648344,198.26611692829243,100.41671422139356,0,0
2026-02-21 00:35:02.632303,44.09279369211345,59.73591205621589,231.37067877418653,95.80866206411095,0,0
2026-02-21 00:35:12.632303,43.813725085626864,59.394335728054294,185.70774375751407,86.61658174678061,0,0
2026-02-21 00:35:22.632303,50.6958423086631,57.15887185139569,187.5057166629345,101.53427380385389,0,0
2026-02-21 00:35:32.632303,42.33412702318833,53.0337213989955,213.41744389003864,80.69166399275917,0,0
2026-02-21 00:35:42.632303,45.11661152346323,52.80064185844625,190.27727066302336,104.28058747651166,0,0
2026-02-21 00:35:52.632303,50.56168974366188,69.56749355782914,221.73831235578,90.68842149843398,0,0
2026-02-21 00:36:02.632303,44.01472497586795,70.82675176390201,221.25144011466725,105.89369607269572,0,0
2026-02-21 00:36:12.632303,50.37425906107809,61.09408626990007,170.35853449035147,101.57039170196768,0,0
2026-02-21 00:36:22.632303,50.35615698729507,56.38344462759408,189.22947092863043,115.15176393443556,0,0
2026-02-21 00:36:32.632303,49.374125398525685,68.28468521013244,165.18641127025234,94.77869813774252,0,0
2026-02-21 00:36:42.632303,42.26360724376541,55.16231018443266,183.43588588681405,103.1530962677059,0,0
2026-02-21 00:36:52.632303,51.33413085540194,57.282838721489576,155.44400885326837,114.77692873032153,0,0
2026-02-21 00:37:02.632303,48.57117641981822,55.53483931879544,205.49861562140174,102.04445170523174,0,0
2026-02-21 00:37:12.632303,48.386617675000174,60.59412406256602,176.89940319183964,107.59912843176484,0,0
2026-02-21 00:37:22.632303,45.015664526215645,57.57772137878627,212.9760363230315,112.03958965010234,0,0
2026-02-21 00:37:32.632303,57.92887284023169,64.22319295386629,193.51855632396436,84.58966930899537,0,0
2026-02-21 00:37:42.632303,57.02527792801447,65.48278395561991,186.5604769329301,109.2118903782456,0,0
2026-02-21 00:37:52.632303,48.33911103034631,66.00510753404691,189.70270675192435,119.78651287548503,0,0
2026-02-21 00:38:02.632303,53.93060273799123,67.19017937874395,190.72405460700242,104.05029604444194,0,0
2026-02-21 00:38:12.632303,45.15360400827817,63.37595700847679,217.98083065674248,123.97023918201187,0,0
2026-02-21 00:38:22.632303,52.410198986098244,62.89637681002437,190.58339246992438,105.41379372635238,0,0
2026-02-21 00:38:32.632303,48.100543956562085,60.463443035368,203.49031323091592,96.4769512665083,0,0
2026-02-21 00:38:42.632303,50.31472548270997,58.498819321146314,192.4053774993232,110.76664651502271,0,0
2026-02-21 00:38:52.632303,50.877068209132055,61.388265088801106,170.85390462028928,104.2345833183039,0,0
2026-02-21 00:39:02.632303,52.65211731987619,58.40664550924499,241.70059352521383,77.10772735815935,0,0
2026-02-21 00:39:12.632303,53.92183567885273,62.85121921981945,210.83165863998823,101.76212705638623,0,0
2026-02-21 00:39:22.632303,52.75339661312519,63.47270191822358,185.48224832336012,102.99195622180089,0,0
2026-02-21 00:39:32.632303,49.08341578988348,55.624926399097966,214.3433994922658,94.35639575315966,0,0
2026-02-21 00:39:42.632303,42.51070662610267,57.843557357193404,184.02202203813738,110.2847900919011,0,0
2026-02-21 00:39:52.632303,50.76596570279039,65.52953098275977,186.66887537533907,108.741698718965,0,0
2026-02-21 00:40:02.632303,64.19811457403956,61.42412986850856,217.23297724646307,106.93517664225406,0,0
2026-02-21 00:40:12.632303,42.889623362870864,62.3432691898698,206.12912641299138,97.40252616601691,0,0
2026-02-21 00:40:22.632303,45.579818128975596,62.77593296130815,180.55192520778758,121.33645604681897,0,0
2026-02-21 00:40:32.632303,50.570845417440644,55.106771808853985,189.7200744334332,97.21865661710183,0,0
2026-02-21 00:40:42.632303,62.06188326961923,56.46164421276202,197.67565473497226,94.62171630134978,0,0
2026-02-21 00:40:52.632303,52.49629242790832,57.91246634517982,177.2188666772058,98.04705420203801,0,0
2026-02-21 00:41:02.632303,48.50303078333879,57.63102248950395,189.22379282205765,111.84695797881002,0,0
2026-02-21 00:41:12.632303,48.40129892866248,55.46348935008627,190.75768072400288,100.54335659465393,0,0
2026-02-21 00:41:22.632303,43.31865181724323,66.5039118400256,217.35158955012545,114.30172743618779,0,0
2026-02-21 00:41:32.632303,51.960640627438416,51.625210199479596,230.70667433277026,91.36431640290107,0,0
2026-02-21 00:41:42.632303,46.0890662799895,60.625300575821775,227.56459693340298,110.532871339524,0,0
2026-02-21 00:41:52.632303,54.531405600880106,58.752691788501785,193.44784947815776,103.45943667980066,0,0
2026-02-21 00:42:02.632303,49.34964579358234,63.55727162931741,216.60235328990453,105.91341321172706,0,0
2026-02-21 00:42:12.632303,37.37019359115311,60.51195345470906,197.82292238534598,101.68025601759531,0,0
2026-02-21 00:42:22.632303,46.22837680726796,54.7008563584031,209.2627695995008,96.43698682267939,0,0
2026-02-21 00:42:32.632303,52.873464968537995,57.31634248926092,228.31821280985355,110.01064842570763,0,0
2026-02-21 00:42:42.632303,51.484135542729405,59.146846346456215,217.04817755596395,103.92547815237405,0,0
2026-02-21 00:42:52.632303,51.19292093965302,64.17146163823844,228.5307230881328,87.47588815514456,0,0
2026-02-21 00:43:02.632303,44.74807946325097,56.87895709808481,169.95150804712895,99.37251474430849,0,0
2026-02-21 00:43:12.632303,53.00058227622253,59.91432682019065,189.31756716774208,111.26457757129158,0,0
2026-02-21 00:43:22.632303,50.70278201603375,61.37193186946527,223.0846960979952,98.76758061148867,0,0
2026-02-21 00:43:32.632303,60.3010703631234,58.20873998451294,239.958964090258,90.2526481808758,0,0
2026-02-21 00:43:42.632303,52.58742451440221,57.42987132477505,222.39132233962184,95.21767392141571,0,0
2026-02-21 00:43:52.632303,51.45435595322043,57.39783201583372,218.7445034733323,93.4424873936086,0,0
2026-02-21 00:44:02.632303,58.41707422371334,56.01601157215444,173.08744163343707,109.51552078079087,0,0
2026-02-21 00:44:12.632303,47.04178179868239,59.971050746201854,193.5551769232856,86.8739173284731,0,0
2026-02-21 00:44:22.632303,49.61503167930831,65.0596635798892,220.0627400661113,102.31792762625925,0,0
2026-02-21 00:44:32.632303,55.56134146517554,55.761925661223295,193.49091342189988,103.95804940730208,0,0
2026-02-21 00:44:42.632303,49.34792586591444,59.01270667809377,175.9871253535781,79.18658611357289,0,0
2026-02-21 00:44:52.632303,54.08933212474818,60.972886293008905,218.03996756420185,95.62764057841626,0,0
2026-02-21 00:45:02.632303,46.43611057586203,60.02619186654654,217.08399297225634,97.68547785012346,0,0
2026-02-21 00:45:12.632303,54.00892592164243,55.97476797762765,196.77105733660267,99.2988585592197,0,0
2026-02-21 00:45:22.632303,56.1319497196096,60.830509592063635,234.9215503658839,86.52315200052517,0,0
2026-02-21 00:45:32.632303,50.6495945220564,60.717592156721786,212.40186395173734,91.86640063551108,0,0
2026-02-21 00:45:42.632303,58.42223169705418,60.051855765887034,178.25864974130164,99.83975009586382,0,0
2026-02-21 00:45:52.632303,48.43419238559943,71.13294056898931,220.99887199050028,100.49661355708217,0,0
2026-02-21 00:46:02.632303,49.440416574003976,63.80422744992586,219.97724320656428,70.88450080679351,0,0
2026-02-21 00:46:12.632303,53.21496577366667,60.11186617591451,173.77712356426048,108.80214139624177,0,0
2026-02-21 00:46:22.632303,61.23094006779132,62.22718378731112,222.0085688451373,118.04119091964404,0,0
2026-02-21 00:46:32.632303,45.84868924639974,52.56971421933233,213.13732126619004,97.52388463558549,0,0
2026-02-21 00:46:42.632303,43.12913273814229,59.687320255456825,214.5509474758124,98.5102833523564,0,0
2026-02-21 00:46:52.632303,46.065861846324815,59.10597175881396,199.6104706939731,80.70517737373918,0,0
2026-02-21 00:47:02.632303,49.28612523414653,54.622638111420436,213.18051904042193,84.38957424413222,0,0
2026-02-21 00:47:12.632303,55.06346102275468,58.363339723144236,189.14048586455976,102.94454597301971,0,0
2026-02-21 00:47:22.632303,45.66982777388304,61.114983016520256,185.3578245062326,94.43265487675231,0,0
2026-02-21 00:47:32.632303,52.026770846645675,55.44567706506247,174.71325396475285,102.48225507410342,0,0
2026-02-21 00:47:42.632303,49.86550073755308,60.674770979237564,206.55278473442843,100.57375553806982,0,0
2026-02-21 00:47:52.632303,53.040463119835344,60.38974514791463,159.85392200649395,82.52115405338145,0,0
2026-02-21 00:48:02.632303,59.63974590121042,60.00028746823545,219.00483303434194,96.54296094372924,0,0
2026-02-21 00:48:12.632303,49.70992452803035,58.18654138291662,249.31854662922728,102.53242422364143,0,0
2026-02-21 00:48:22.632303,47.32571047246901,53.393841146279236,239.47466885471704,98.36721614771696,0,0
2026-02-21 00:48:32.632303,53.72114559780799,63.42398916122618,190.74338953139258,106.72452775386157,0,0
2026-02-21 00:48:42.632303,46.97930856624191,56.038294551842334,223.28929385024423,98.418106201778,0,0
2026-02-21 00:48:52.632303,52.592564168013276,61.64368397552708,212.75863920110578,84.43463065798375,0,0
2026-02-21 00:49:02.632303,47.07354734341815,58.7020993700143,183.37042654197018,104.29006848016388,0,0
2026-02-21 00:49:12.632303,55.934465387979486,65.38073862138519,193.21590469580232,102.91965862457907,0,0
2026-02-21 00:49:22.632303,52.22821752245049,62.48502437681412,182.4372985385471,118.20580268264966,0,0
2026-02-21 00:49:32.632303,54.63260092173222,63.81059737476976,224.06920113800794,105.34135942265985,0,0
2026-02-21 00:49:42.632303,44.86343288474514,59.44410907377957,166.97893209876167,104.15072509699084,0,0
2026-02-21 00:49:52.632303,49.15393170917227,59.83791046589227,224.08002260171304,95.43005961443541,0,0
2026-02-21 00:50:02.632303,48.73938420613962,60.08789318385286,163.20015501172736,97.33936344237996,0,0
2026-02-21 00:50:12.632303,37.57102543856908,57.657913752417045,217.10378106785654,104.47266558251069,0,0
2026-02-21 00:50:22.632303,47.02589844772962,60.16319287289525,178.50020865739188,99.9765659685048,0,0
2026-02-21 00:50:32.632303,64.65160142746255,67.38320528148773,201.05244260034522,101.60144164915374,0,0
2026-02-21 00:50:42.632303,45.10217342682724,56.7928435681958,207.2436864420939,94.75107434363515,0,0
2026-02-21 00:50:52.632303,54.52074797425791,66.27874272391102,206.6524156956208,101.01737205839926,0,0
2026-02-21 00:51:02.632303,41.59610187544674,62.9904409810882,177.12657396921884,95.8199087136658,0,0
2026-02-21 00:51:12.632303,54.797879461925675,64.11903265723613,190.66984945299765,95.91084465080014,0,0
2026-02-21 00:51:22.632303,46.50340563371664,55.208585018696354,187.30409035791516,83.86869981085312,0,0
2026-02-21 00:51:32.632303,53.41531290754133,61.5780944206475,211.21058569741027,90.45595949424857,0,0
2026-02-21 00:51:42.632303,44.024647182424715,60.21405709725424,201.2820512990045,98.52730172487054,0,0
2026-02-21 00:51:52.632303,48.552583654060754,66.84310311077755,208.52050023585957,119.70678391466491,0,0
2026-02-21 00:52:02.632303,56.34482512715817,66.81308370406938,178.51074467287995,105.9317099099803,0,0
2026-02-21 00:52:12.632303,47.84117255503313,53.34645315456187,229.92006339111052,97.06307474294371,0,0
2026-02-21 00:52:22.632303,44.724491848666574,58.34174454700523,184.07551754452362,93.06302032383333,0,0
2026-02-21 00:52:32.632303,48.891983049086754,66.92326077217898,186.6736556691075,116.5927066421919,0,0
2026-02-21 00:52:42.632303,54.244183979897606,61.58508625434435,214.9624006450375,100.13655663837457,0,0
2026-02-21 00:52:52.632303,56.43025051931713,62.267921053068406,166.70668029948973,102.96251931889965,0,0
2026-02-21 00:53:02.632303,53.91986571496307,58.84399512559513,202.52511745427864,93.87142005325593,0,0
2026-02-21 00:53:12.632303,43.1118717196822,53.79849251627504,169.25864025862273,106.69044742470533,0,0
2026-02-21 00:53:22.632303,37.54859145811835,57.334080292146076,184.68693429509244,97.17840464012535,0,0
2026-02-21 00:53:32.632303,40.71784225031899,61.61555237896248,174.536772116802,111.32405540709269,0,0
2026-02-21 00:53:42.632303,46.89117156205584,59.61754790635232,200.07547713110412,102.44241052860572,0,0
2026-02-21 00:53:52.632303,50.18507188748071,58.29155780506947,206.86097061388085,104.66147130494954,0,0
2026-02-21 00:54:02.632303,46.1743266644519,61.705471275894226,223.8344060480339,107.05894196104552,0,0
2026-02-21 00:54:12.632303,54.66187620823594,60.68768339562978,181.27699107850242,91.90355540296355,0,0
2026-02-21 00:54:22.632303,51.59943983927206,63.77105490060924,255.71823827988112,109.81821944438603,0,0
2026-02-21 00:54:32.632303,44.14782121251249,56.93090971056007,245.57034631911998,97.85611068023222,0,0
2026-02-21 00:54:42.632303,50.237573173806446,56.15833231836309,231.30206811148489,105.00333207320625,0,0
2026-02-21 00:54:52.632303,46.12699326057344,56.02469884457091,206.14407891795744,100.44206174880452,0,0
2026-02-21 00:55:02.632303,54.160551086105635,62.1878738925088,194.71039302462754,94.56198404538634,0,0
2026-02-21 00:55:12.632303,49.20028925850583,57.79727661337295,197.39608934390478,100.16440928619382,0,0
2026-02-21 00:55:22.632303,45.510345533099716,62.52271944839152,192.5914457106066,91.58115649714657,0,0
2026-02-21 00:55:32.632303,48.24196285859066,60.969032626481145,201.66076399626607,104.22118114904463,0,0
2026-02-21 00:55:42.632303,54.49173062537764,65.21976081603214,205.70972325376107,89.30597612764504,0,0
2026-02-21 00:55:52.632303,48.654445987348495,55.982726462467966,233.93708147424564,119.87400882527163,0,0
2026-02-21 00:56:02.632303,53.251555987481716,63.433835370556125,205.0188638647332,103.66055915460791,0,0
2026-02-21 00:56:12.632303,42.01272890835439,59.70427053897236,182.3769387530748,102.8135653753837,0,0
2026-02-21 00:56:22.632303,49.70195077305733,67.78728784938446,218.3325537744568,102.84511982521644,0,0
2026-02-21 00:56:32.632303,48.66530156430187,66.70408583503972,199.4009070774694,103.31673961635278,0,0
2026-02-21 00:56:42.632303,50.21124802213418,58.38338437717071,200.7301244477104,80.38033149321684,0,0
2026-02-21 00:56:52.632303,42.261467993794064,61.39852216667851,231.36399381054972,103.48221104144169,0,0
2026-02-21 00:57:02.632303,46.39815572551673,54.228584983730656,215.69054520951278,94.328048489849,0,0
2026-02-21 00:57:12.632303,53.2161770927628,61.55946063226287,209.5660078450938,100.33601707353556,0,0
2026-02-21 00:57:22.632303,51.918221924848204,59.52218239497466,187.29386931263593,90.36500939483949,0,0
2026-02-21 00:57:32.632303,38.07495601014511,59.27556175038196,230.38756365903907,107.30080092537597,0,0
2026-02-21 00:57:42.632303,51.13854559237979,57.063980022843396,219.94678451518155,98.80690688196975,0,0
2026-02-21 00:57:52.632303,57.874671568945296,56.07565094682128,185.00060944054687,91.52730055780371,0,0
2026-02-21 00:58:02.632303,42.589408147829936,56.25182125923295,202.06432519531836,92.87798975149373,0,0
2026-02-21 00:58:12.632303,30.718123353797015,64.29709318968048,166.3181254130519,105.89228284886637,0,0
2026-02-21 00:58:22.632303,50.15607294834783,68.46949126568137,219.9391496304524,94.95395404515025,0,0
2026-02-21 00:58:32.632303,46.48968218822344,66.01091072319714,170.48257805797175,101.90879935918709,0,0
2026-02-21 00:58:42.632303,49.34439768375164,58.6270957251813,207.0702796889685,101.89559860508676,0,0
2026-02-21 00:58:52.632303,52.28700371395872,60.555902609453135,208.35362810034496,100.93365192931594,0,0
2026-02-21 00:59:02.632303,46.70286556391843,60.01600504094638,185.7122688059196,92.1962339526915,0,0
2026-02-21 00:59:12.632303,48.31924998641124,59.52230735705663,200.7045061269562,109.1637882736333,0,0
2026-02-21 00:59:22.632303,47.50767958729578,60.787407705899284,202.36055427887638,93.91371712533935,0,0
2026-02-21 00:59:32.632303,50.36870393103273,64.01088566070925,203.730124337668,102.26583929027308,0,0
2026-02-21 00:59:42.632303,46.47335834528666,67.8754354048195,187.03287259354997,83.32216539452523,0,0
2026-02-21 00:59:52.632303,54.30092060109038,59.5407318414063,193.9391635810585,94.54446219588473,0,0
2026-02-21 01:00:02.632303,59.35857312157919,61.41836111441873,210.9950244329017,101.62615623582268,0,0
2026-02-21 01:00:12.632303,51.350248067225984,65.59449844223765,194.9829067754461,85.4306245447927,0,0
2026-02-21 01:00:22.632303,54.340273271138884,61.98680644896957,202.15959625770085,104.70753241547786,0,0
2026-02-21 01:00:32.632303,48.14627889852913,60.08277033141704,197.3659949228018,94.08511742929083,0,0
2026-02-21 01:00:42.632303,55.94586391552501,54.3509654903288,247.21764343625932,108.77362209206476,0,0
2026-02-21 01:00:52.632303,41.110122326488245,59.103334682036284,196.62908168192885,103.91886628942112,0,0
2026-02-21 01:01:02.632303,45.053108646301396,60.128101373472866,197.57761203754706,92.62381637426562,0,0
2026-02-21 01:01:12.632303,45.61623884264384,63.67521858680943,166.06834919914814,104.77878936096052,0,0
2026-02-21 01:01:22.632303,53.98755153439062,59.12576664664633,201.0474567944999,111.63494999697382,0,0
2026-02-21 01:01:32.632303,46.47574244637971,57.5933902844435,190.09032637801383,111.65325599223281,0,0
2026-02-21 01:01:42.632303,56.46146873442354,54.41643906214552,220.12481494623273,108.18908306347284,0,0
2026-02-21 01:01:52.632303,57.76797405224914,61.540432128505515,199.11479759442847,111.45216686571659,0,0
2026-02-21 01:02:02.632303,53.49451895750883,68.9795936565949,219.17415689923655,101.53547976423916,0,0
2026-02-21 01:02:12.632303,44.129478098119144,57.676331291223526,171.28090043943968,97.84937963939137,0,0
2026-02-21 01:02:22.632303,54.63033796616423,59.985315646077936,220.43450537520147,103.37573733439014,0,0
2026-02-21 01:02:32.632303,47.98453855122995,60.35050062067985,209.4419338211019,101.39223398463616,0,0
2026-02-21 01:02:42.632303,50.75342114425957,56.92379956965318,191.34047469515568,122.58460796154644,0,0
2026-02-21 01:02:52.632303,56.142332452117714,54.10463641276114,152.66062084987277,100.76192421448722,0,0
2026-02-21 01:03:02.632303,54.46736447212995,57.92023265031117,220.43317456395874,100.59654565007084,0,0
2026-02-21 01:03:12.632303,49.184693601365126,63.02446070470073,189.3624841419546,97.13293678196347,0,0
2026-02-21 01:03:22.632303,53.35083631065231,59.8744162517359,238.1755254675547,106.93825412856019,0,0
2026-02-21 01:03:32.632303,53.144069141663806,59.801981415739725,217.4950935341921,96.77392227198354,0,0
2026-02-21 01:03:42.632303,51.41188875599757,56.33482781198176,220.78882784461183,102.90604697261792,0,0
2026-02-21 01:03:52.632303,59.912565318489385,69.56919353467903,215.26638902866296,100.68425311207903,0,0
2026-02-21 01:04:02.632303,45.26967743937216,63.618999213035295,204.20569127790458,105.38034839154462,0,0
2026-02-21 01:04:12.632303,58.64893693728122,56.70230684534661,181.51391663037327,97.6357406162932,0,0
2026-02-21 01:04:22.632303,54.10600574875912,62.21946896085795,182.08622976608456,107.56552900702482,0,0
2026-02-21 01:04:32.632303,43.99393590553369,56.64903330260457,197.6908536562162,94.4656875402478,0,0
2026-02-21 01:04:42.632303,54.44929744325467,61.14551393200438,235.31122355254521,97.52814634645586,0,0
2026-02-21 01:04:52.632303,49.388989244796285,64.84153043624706,198.1815839375241,114.94005247707545,0,0
2026-02-21 01:05:02.632303,52.704141051922456,50.588854120458564,223.55140828298929,109.1272681311981,0,0
2026-02-21 01:05:12.632303,54.75666303055272,52.35608648581897,186.74020077457905,94.1129516644323,0,0
2026-02-21 01:05:22.632303,45.79439316219804,66.96769012757575,199.76464324352733,99.63439057370829,0,0
2026-02-21 01:05:32.632303,52.760041551578894,62.27720667155753,133.30214578748343,93.53642462850637,0,0
2026-02-21 01:05:42.632303,42.93605711104362,61.60122437261928,194.22215171331905,100.15387564501269,0,0
2026-02-21 01:05:52.632303,39.60740125554739,58.760591101238006,222.3026050366563,114.09449483102168,0,0
2026-02-21 01:06:02.632303,53.594317097703495,54.65813882620753,225.1880360598425,107.24002255000016,0,0
2026-02-21 01:06:12.632303,49.414054829677305,51.89985474196102,219.07189901325034,94.0783367001662,0,0
2026-02-21 01:06:22.632303,51.730829105273905,60.27357544254665,230.76789968876557,98.74633014002491,0,0
2026-02-21 01:06:32.632303,49.924432049570264,66.31446156191453,186.83555512499623,108.14322851407778,0,0
2026-02-21 01:06:42.632303,49.00692138560768,55.98983215198028,200.02321973441744,106.91705113607988,0,0
2026-02-21 01:06:52.632303,56.76854919988256,65.89877594138272,194.10471851548934,90.12750767967786,0,0
2026-02-21 01:07:02.632303,48.4063055021126,55.273876986679376,195.6522760116699,96.58334716380242,0,0
2026-02-21 01:07:12.632303,53.63745102078383,51.176259280342485,185.3278410782672,92.74481695558084,0,0
2026-02-21 01:07:22.632303,55.93563626204013,55.54462249039593,204.53314719297987,98.71871585580219,0,0
2026-02-21 01:07:32.632303,55.21521263418191,62.38332745804219,202.4248746364076,94.45333125411932,0,0
2026-02-21 01:07:42.632303,40.73828748445062,60.98834262274962,210.60979597059745,84.25132387525346,0,0
2026-02-21 01:07:52.632303,43.83152917835726,61.009319893486705,206.7828337241574,90.09352689907941,0,0
2026-02-21 01:08:02.632303,47.12967643215981,52.654044645718294,227.54527807626468,87.00125592631548,0,0
2026-02-21 01:08:12.632303,52.711296956242755,59.86015721538648,225.79187239249518,92.07745907225244,0,0
2026-02-21 01:08:22.632303,50.30626355170194,53.2062923630506,161.22946326120493,105.96333583865474,0,0
2026-02-21 01:08:32.632303,41.07487080465149,59.087129862261875,220.2259089594584,107.4668485609468,0,0
2026-02-21 01:08:42.632303,46.67707256025703,53.64598745436731,210.18989723311057,113.42256782860181,0,0
2026-02-21 01:08:52.632303,46.68880960667188,56.786748566371536,189.50196074262004,105.71608710807115,0,0
2026-02-21 01:09:02.632303,56.14258803207456,55.04157275447791,170.03436381350693,123.39996321932448,0,0
2026-02-21 01:09:12.632303,49.11338606054981,61.01157118276124,186.16138318764723,104.89962309452716,0,0
2026-02-21 01:09:22.632303,54.800304373507615,61.199184686291716,234.81716154028868,96.73255410058908,0,0
2026-02-21 01:09:32.632303,48.68558763482312,60.92562540510966,209.29923291012193,102.2794726206261,0,0
2026-02-21 01:09:42.632303,43.577924865224546,61.25006066478225,192.51652830393127,94.19022985925355,0,0
2026-02-21 01:09:52.632303,50.16241027376622,56.15390925068314,177.29217352253536,73.8453103999615,0,0
2026-02-21 01:10:02.632303,58.736186642549455,62.222925276412006,197.6647175738739,93.32776763113353,0,0
2026-02-21 01:10:12.632303,35.619838589767916,57.085884495114065,214.3173267432815,109.42174303593869,0,0
2026-02-21 01:10:22.632303,53.211459968016506,60.63356782300988,226.0774829186276,96.7146277791146,0,0
2026-02-21 01:10:32.632303,55.42594458067181,58.46167022511915,182.37717382244475,89.94287019577479,0,0
2026-02-21 01:10:42.632303,44.677517894135235,62.63627211520994,185.14508857805842,89.66971154965056,0,0
2026-02-21 01:10:52.632303,53.5686760983068,61.31188156188893,219.25183965691605,105.12599511272799,0,0
2026-02-21 01:11:02.632303,46.23444209901344,60.30440966587435,202.50265981539354,90.80841341525998,0,0
2026-02-21 01:11:12.632303,44.476875129530036,57.277113563529184,240.7316471334416,95.87255905778451,0,0
2026-02-21 01:11:22.632303,56.164333956933575,58.125357962080805,217.77677639079985,109.02491655557847,0,0
2026-02-21 01:11:32.632303,54.76295253976022,61.55130936803583,227.54733157562302,103.78353969352727,0,0
2026-02-21 01:11:42.632303,58.5676486467014,53.52032078724626,206.96572495333638,102.83323592535666,0,0
2026-02-21 01:11:52.632303,45.31740077097254,62.318336887054954,170.19834648846765,93.45815674239671,0,0
2026-02-21 01:12:02.632303,40.00456093551096,66.23450606785126,195.36901012109408,121.66884034816312,0,0
2026-02-21 01:12:12.632303,54.01474963259747,61.792392853404095,188.27544611438,89.53649964312581,0,0
2026-02-21 01:12:22.632303,52.61485786948472,59.71394396290807,173.21459369029398,84.83141583491681,0,0
2026-02-21 01:12:32.632303,45.20648135428208,67.28386890106492,244.26555836022607,102.0498914730891,0,0
2026-02-21 01:12:42.632303,50.744713981206445,58.65471851268192,181.31029303380996,113.75179057607244,0,0
2026-02-21 01:12:52.632303,59.36788196948568,56.42632365664286,198.34323243150797,95.50133699289832,0,0
2026-02-21 01:13:02.632303,47.89880462567511,64.74363302171945,173.76076909267755,104.66469690936306,0,0
2026-02-21 01:13:12.632303,53.64119053652933,59.43139530559272,217.86135653973545,101.4765184053745,0,0
2026-02-21 01:13:22.632303,56.08564960578056,53.91117878029658,193.0244947798626,99.28186857148965,0,0
2026-02-21 01:13:32.632303,36.638963077643254,55.65618906568586,183.72801491282428,109.4820599482335,0,0
2026-02-21 01:13:42.632303,46.465783268426996,56.72768405077609,216.34971561312383,83.82089354209945,0,0
2026-02-21 01:13:52.632303,39.64377966278214,58.55363079972261,171.0458646384329,85.9032070534035,0,0
2026-02-21 01:14:02.632303,52.86716895843991,63.503895351650314,215.7772843170425,111.08776660307232,0,0
2026-02-21 01:14:12.632303,56.20567160007401,51.48563916469227,209.00823919858934,94.70391800430441,0,0
2026-02-21 01:14:22.632303,46.26287877004782,62.24165852883482,165.39409040208497,82.48891394127679,0,0
2026-02-21 01:14:32.632303,53.16786372040858,61.95114407004359,202.7346531174302,91.20086595276864,0,0
2026-02-21 01:14:42.632303,53.71914817291062,62.721211568241905,201.70609030094909,88.22678958730228,0,0
2026-02-21 01:14:52.632303,47.873758271352465,63.351334710097774,226.54382445603574,96.73463396623671,0,0
2026-02-21 01:15:02.632303,48.751635160958685,59.35324356789975,205.49786017821944,94.18932699939977,0,0
2026-02-21 01:15:12.632303,35.529074712142084,64.77107600658839,235.893778943251,93.87600140394288,0,0
2026-02-21 01:15:22.632303,44.66673315540613,59.45159791043911,196.24992232542454,109.9551857716296,0,0
2026-02-21 01:15:32.632303,50.27319720822519,56.82950867851527,173.63181098883902,108.65634184819673,0,0
2026-02-21 01:15:42.632303,52.99755620582125,64.24223951236728,180.63626498557812,118.3843689952833,0,0
2026-02-21 01:15:52.632303,41.28152746471382,62.838404085605916,161.80834465606196,92.09668618301532,0,0
2026-02-21 01:16:02.632303,57.805114652239794,63.32545701790396,189.07559169025637,94.81162957178312,0,0
2026-02-21 01:16:12.632303,50.50311055417721,62.05656396304289,225.03158765365393,95.43765995391506,0,0
2026-02-21 01:16:22.632303,41.94107468256399,60.62787450819504,190.8513832498321,86.99366295251552,0,0
2026-02-21 01:16:32.632303,51.488344576563975,59.14754498362884,206.1302441293959,91.0555579981282,0,0
2026-02-21 01:16:42.632303,52.433552651627494,54.73160721298009,183.44537220606833,97.57085768912722,0,0
2026-02-21 01:16:52.632303,58.70909207479857,63.13930147419398,221.54385008535579,114.17077033343145,0,0
2026-02-21 01:17:02.632303,68.01416067905437,60.166356270233734,228.4080184625971,110.12635254401941,0,0
2026-02-21 01:17:12.632303,54.98016251653763,67.09695847216072,191.61373938031048,95.01314976063621,0,0
2026-02-21 01:17:22.632303,51.59882756740931,59.26920091231245,206.37001705996346,115.62748785053012,0,0
2026-02-21 01:17:32.632303,47.609266386468605,58.78128414962508,203.48622007053154,97.71681573974831,0,0
2026-02-21 01:17:42.632303,40.42997085993257,57.67948942920424,213.74746484475008,114.37546750932647,0,0
2026-02-21 01:17:52.632303,44.22690716231136,55.36287040307663,200.60467605434673,79.24404935122163,0,0
2026-02-21 01:18:02.632303,47.77514898506436,53.05583176179442,227.3812259968493,92.30668845649595,0,0
2026-02-21 01:18:12.632303,58.26417093169513,64.45408541383335,187.07365404605167,89.28040363153923,0,0
2026-02-21 01:18:22.632303,49.032271254162055,59.58141350296719,206.92293887904802,92.23456710469821,0,0
2026-02-21 01:18:32.632303,53.731974367611016,61.0613122199996,193.19209686568271,92.87959344581976,0,0
2026-02-21 01:18:42.632303,49.07557508450657,56.73239499268972,201.16877389767174,100.8543868521991,0,0
2026-02-21 01:18:52.632303,51.308536417381696,67.06496963868742,197.35110560600856,110.04597867124482,0,0
2026-02-21 01:19:02.632303,51.147936984878505,59.04702279240618,197.61681460097532,99.4117359083195,0,0
2026-02-21 01:19:12.632303,51.39883853864108,56.162716939124124,170.69319233110065,106.54297393474275,0,0
2026-02-21 01:19:22.632303,54.4906191629063,62.98254333121121,203.09944037112945,107.67224627453288,0,0
2026-02-21 01:19:32.632303,53.56714513008571,63.15051743581982,182.80918357315772,89.03048202845369,0,0
2026-02-21 01:19:42.632303,48.05715376623865,59.93046356182938,195.1615774573542,81.23309668662125,0,0
2026-02-21 01:19:52.632303,58.60846306067571,58.90381604445706,203.45408833153908,112.44548990763059,0,0
